,time,event0,event1
0,0,1.0,0.16399730741977692
1,1,62.0,0.16399730741977692
2,2,1.0,0.16399730741977692
3,3,21.54025,0.16399730741977692
4,4,1.0,0.16399730741977692
5,5,1.0,0.16399730741977692
