,time,event0,event1
0,0,1.0,91.84297943115234
1,1,76.0,91.84297943115234
2,2,1.0,91.84297943115234
3,3,26.33812,91.84297943115234
4,4,1.0,91.84297943115234
5,5,0.0,91.84297943115234
