,time,event0,event1
0,0,1.0,1147.9410400390625
1,1,43.0,1147.9410400390625
2,2,1.0,1147.9410400390625
3,3,25.97231,1147.9410400390625
4,4,0.0,1147.9410400390625
5,5,1.0,1147.9410400390625
