,time,event0,event1
0,0,1.0,4.508862018585205
1,1,76.0,4.508862018585205
2,2,0.0,4.508862018585205
3,3,23.80672,4.508862018585205
4,4,1.0,4.508862018585205
5,5,1.0,4.508862018585205
