,time,event0,event1
0,0,0.0,1117.18896484375
1,1,76.0,1117.18896484375
2,2,0.0,1117.18896484375
3,3,22.43533,1117.18896484375
4,4,1.0,1117.18896484375
5,5,0.0,1117.18896484375
