,time,event0,event1
0,0,1.0,377.8396911621094
1,1,86.0,377.8396911621094
2,2,1.0,377.8396911621094
3,3,18.89496,377.8396911621094
4,4,1.0,377.8396911621094
5,5,0.0,377.8396911621094
