,time,event0,event1
0,0,1.0,643.7860717773438
1,1,79.0,643.7860717773438
2,2,0.0,643.7860717773438
3,3,19.20723,643.7860717773438
4,4,0.0,643.7860717773438
5,5,1.0,643.7860717773438
