,time,event0,event1
0,0,0.0,663.3607788085938
1,1,86.0,663.3607788085938
2,2,0.0,663.3607788085938
3,3,22.85147,663.3607788085938
4,4,1.0,663.3607788085938
5,5,1.0,663.3607788085938
