,time,event0,event1
0,0,1.0,44.292049407958984
1,1,88.0,44.292049407958984
2,2,0.0,44.292049407958984
3,3,22.49714,44.292049407958984
4,4,0.0,44.292049407958984
5,5,0.0,44.292049407958984
