,time,event0,event1
0,0,0.0,1775.9639892578125
1,1,86.0,1775.9639892578125
2,2,1.0,1775.9639892578125
3,3,25.2407,1775.9639892578125
4,4,0.0,1775.9639892578125
5,5,0.0,1775.9639892578125
