,time,event0,event1
0,0,1.0,1207.9840087890625
1,1,58.0,1207.9840087890625
2,2,0.0,1207.9840087890625
3,3,25.69548,1207.9840087890625
4,4,1.0,1207.9840087890625
5,5,0.0,1207.9840087890625
