,time,event0,event1
0,0,0.0,452.27081298828125
1,1,87.0,452.27081298828125
2,2,0.0,452.27081298828125
3,3,26.40142,452.27081298828125
4,4,1.0,452.27081298828125
5,5,0.0,452.27081298828125
