,time,event0,event1
0,0,0.0,1778.93994140625
1,1,84.0,1778.93994140625
2,2,1.0,1778.93994140625
3,3,22.14294,1778.93994140625
4,4,0.0,1778.93994140625
5,5,0.0,1778.93994140625
