,time,event0,event1
0,0,1.0,0.9904589056968689
1,1,88.0,0.9904589056968689
2,2,0.0,0.9904589056968689
3,3,24.78423,0.9904589056968689
4,4,1.0,0.9904589056968689
5,5,0.0,0.9904589056968689
