,time,event0,event1
0,0,1.0,56.84368896484375
1,1,85.0,56.84368896484375
2,2,1.0,56.84368896484375
3,3,21.39972,56.84368896484375
4,4,1.0,56.84368896484375
5,5,1.0,56.84368896484375
