,time,event0,event1
0,0,1.0,10.954350471496582
1,1,70.0,10.954350471496582
2,2,1.0,10.954350471496582
3,3,41.00206,10.954350471496582
4,4,1.0,10.954350471496582
5,5,0.0,10.954350471496582
