,time,event0,event1
0,0,1.0,8.673333168029785
1,1,81.0,8.673333168029785
2,2,0.0,8.673333168029785
3,3,23.62803,8.673333168029785
4,4,1.0,8.673333168029785
5,5,1.0,8.673333168029785
