,time,event0,event1
0,0,1.0,33.64339065551758
1,1,86.0,33.64339065551758
2,2,1.0,33.64339065551758
3,3,19.36863,33.64339065551758
4,4,0.0,33.64339065551758
5,5,0.0,33.64339065551758
