,time,event0,event1
0,0,0.0,1022.4840087890625
1,1,93.0,1022.4840087890625
2,2,1.0,1022.4840087890625
3,3,17.55614,1022.4840087890625
4,4,1.0,1022.4840087890625
5,5,0.0,1022.4840087890625
