,time,event0,event1
0,0,0.0,1.4231380224227905
1,1,90.0,1.4231380224227905
2,2,1.0,1.4231380224227905
3,3,27.46412,1.4231380224227905
4,4,1.0,1.4231380224227905
5,5,0.0,1.4231380224227905
