,time,event0,event1
0,0,1.0,179.5791015625
1,1,87.0,179.5791015625
2,2,1.0,179.5791015625
3,3,21.03391,179.5791015625
4,4,1.0,179.5791015625
5,5,0.0,179.5791015625
