,time,event0,event1
0,0,0.0,532.5277709960938
1,1,89.0,532.5277709960938
2,2,0.0,532.5277709960938
3,3,27.82524,532.5277709960938
4,4,1.0,532.5277709960938
5,5,0.0,532.5277709960938
