,time,event0,event1
0,0,1.0,4.188386917114258
1,1,89.0,4.188386917114258
2,2,1.0,4.188386917114258
3,3,19.72534,4.188386917114258
4,4,1.0,4.188386917114258
5,5,0.0,4.188386917114258
