,time,event0,event1
0,0,0.0,702.6502075195312
1,1,89.0,702.6502075195312
2,2,0.0,702.6502075195312
3,3,23.40377,702.6502075195312
4,4,0.0,702.6502075195312
5,5,0.0,702.6502075195312
