,time,event0,event1
0,0,1.0,1.0821919441223145
1,1,76.0,1.0821919441223145
2,2,1.0,1.0821919441223145
3,3,24.10565,1.0821919441223145
4,4,0.0,1.0821919441223145
5,5,0.0,1.0821919441223145
