,time,event0,event1
0,0,1.0,1295.0889892578125
1,1,80.0,1295.0889892578125
2,2,0.0,1295.0889892578125
3,3,29.28925,1295.0889892578125
4,4,1.0,1295.0889892578125
5,5,1.0,1295.0889892578125
