,time,event
0,0.3542408962000795,0.0
1,0.6915641289894232,0.0
2,0.7811781550151933,0.0
3,0.9387668397576346,2.0
4,0.993948253507911,0.0
5,1.3715465266517828,4.0
6,1.6246665347838654,3.0
7,1.9905466484028627,3.0
8,2.235144719460105,0.0
9,2.695809098992719,2.0
10,2.912079165135599,2.0
11,3.8272464401124604,3.0
12,3.9018643028166733,0.0
13,3.9786835063093586,4.0
14,4.879340602814052,3.0
15,5.435086387671658,4.0
16,5.549217826241384,2.0
17,6.0433816891594585,2.0
18,6.081775038702279,4.0
19,7.476271928019778,0.0
20,9.669687792996342,4.0
21,9.949655793915234,2.0
22,10.263564004578132,2.0
23,10.289528833711179,2.0
24,10.883520573000919,4.0
25,11.082417168548236,3.0
26,11.097069533355782,0.0
27,11.107068913790693,3.0
28,11.11685578759236,4.0
29,11.12651161966037,4.0
30,11.188557904493381,3.0
31,11.314959853448645,2.0
32,11.359472975879438,0.0
33,11.521373117850816,3.0
34,11.57060369979414,0.0
35,11.78243644843343,2.0
36,12.281808571947927,0.0
37,12.772259248473844,4.0
38,12.952603503477071,4.0
39,13.3393551224521,1.0
40,13.339676094930793,1.0
41,13.348516762336448,0.0
42,13.370261969087174,3.0
43,13.649849026220334,2.0
44,13.80295488039385,1.0
45,14.189034438140114,2.0
46,14.493138876061161,1.0
47,15.062314458589274,2.0
48,15.573341289015021,1.0
49,15.63819693475439,2.0
50,15.663555172512307,2.0
51,15.913322301449295,1.0
52,15.915013854742497,4.0
53,16.26430516443056,2.0
54,16.37147033362418,4.0
55,16.39221428855807,4.0
56,16.43522389618621,3.0
57,16.54120366479171,0.0
58,16.705853089100742,2.0
59,16.740635821226668,4.0
60,16.7748926493115,4.0
61,17.098722457011366,0.0
62,17.1438067159909,0.0
63,17.15527177083211,0.0
64,17.166577861964665,1.0
65,17.183415806912212,2.0
66,17.271766723418366,3.0
67,17.374883577913955,3.0
68,17.481021014871942,2.0
69,17.578724492215564,4.0
70,17.836304058360138,0.0
71,17.981789985853474,0.0
72,18.346667740205717,0.0
73,18.372580659778713,0.0
74,18.697728192817838,0.0
75,18.756689304095307,1.0
76,18.8503096687702,3.0
77,19.75437138568101,2.0
78,19.87889271377503,2.0
