,time,event
0,0.23759473425131608,2.0
1,0.8329686579305464,2.0
2,1.0015745038622181,2.0
3,1.3818580283895723,2.0
4,3.2352990134815482,2.0
5,3.401483749872381,4.0
6,3.4367467694069593,1.0
7,3.6780949916050827,4.0
8,3.763674745141278,0.0
9,3.7851246561130787,2.0
10,3.8484055446900016,2.0
11,3.897586803635029,0.0
12,4.0603823948940425,3.0
13,4.7208235499856155,0.0
14,5.252001100203869,2.0
15,5.257089177085108,1.0
16,5.4207707075888605,1.0
17,5.4641204520942335,2.0
18,5.848139688725394,2.0
19,6.038949485259196,2.0
20,6.12913040436068,0.0
21,6.720075160380477,3.0
22,6.78681216845213,2.0
23,7.650473006882051,2.0
24,7.676332843334716,0.0
25,7.690859911347797,2.0
26,7.839758194665704,2.0
27,7.995230537342046,2.0
28,8.13620036455228,1.0
29,8.144226147931906,4.0
30,8.153267130256566,1.0
31,8.228152779708886,4.0
32,8.473911426709202,3.0
33,8.695058545394025,0.0
34,8.960652616388373,0.0
35,9.024099141650954,3.0
36,9.19516708265366,1.0
37,9.532346114259834,1.0
38,9.942542648191916,3.0
39,10.435080842666085,4.0
40,10.451476598532185,0.0
41,10.716309742622869,1.0
42,11.048599265296938,1.0
43,11.828944679454635,2.0
44,12.15223933811365,2.0
45,12.262241193263463,2.0
46,12.33929893691032,2.0
47,12.679765438185976,0.0
48,12.701957582177794,2.0
49,12.730689480370351,0.0
50,12.872964191238497,1.0
51,12.944524640534398,2.0
52,12.949648655177901,3.0
53,13.735803773733032,0.0
54,13.806870367434323,1.0
55,13.820290390813769,3.0
56,14.094138504379089,1.0
57,14.104432032867345,2.0
58,14.134335070411575,2.0
59,14.28739036396322,2.0
60,14.413246137087073,3.0
61,15.374708492612118,2.0
62,15.468215576385832,1.0
63,16.15975625954917,4.0
64,16.49054137629754,2.0
65,17.978694608728954,2.0
66,19.394163255998357,2.0
67,19.587937825873695,2.0
68,19.70419727870503,2.0
69,19.720997712368227,4.0
