,time,event
0,2.152664825258009,2.0
1,2.1898057702048046,0.0
2,2.217547845509351,3.0
3,2.3682657134183067,4.0
4,2.9058297243223654,2.0
5,3.4453255566115457,0.0
6,3.554763548420626,4.0
7,3.6115080144473803,3.0
8,3.811628540893448,4.0
9,5.109800729365127,0.0
10,5.388213987088429,2.0
11,6.455818914066081,0.0
12,6.664889708909406,0.0
13,7.152187059589978,2.0
14,8.466473927691482,2.0
15,9.147324355766672,0.0
16,9.353180023002437,2.0
17,9.570329080400288,3.0
18,9.701931509252772,0.0
19,10.047380418053493,0.0
20,10.238126599010293,2.0
21,10.31685597725961,2.0
22,10.359554520213539,0.0
23,10.416198796092688,2.0
24,10.550754085857342,1.0
25,10.82127822079169,3.0
26,11.481030620690598,2.0
27,11.582334830572869,2.0
28,12.915169358698806,2.0
29,14.237158582726275,2.0
30,14.552727491561976,2.0
31,15.276839591464395,1.0
32,16.023327461368254,2.0
33,16.060426925368084,0.0
34,16.487703290236734,0.0
35,16.70392494745778,1.0
36,16.713536306663304,1.0
37,16.903997868400563,4.0
38,16.909760730961136,2.0
39,17.100371802304934,0.0
40,17.33466819576069,4.0
41,17.505016598036434,3.0
42,19.09424980837788,2.0
