,time,event
0,1.7392990372476855,0.0
1,1.7952252674507088,1.0
2,1.9144157288580748,2.0
3,2.2351343842830445,4.0
4,2.272546949416132,0.0
5,3.0309869828545484,0.0
6,3.236226049170132,3.0
7,4.551912777592346,2.0
8,5.176833664476473,0.0
9,5.329797626912861,3.0
10,5.385107019128191,0.0
11,5.50326263492225,1.0
12,5.731774145822037,3.0
13,6.149002932220746,0.0
14,6.151965879527536,0.0
15,6.185419891734298,0.0
16,7.145469037642554,2.0
17,7.466160784058061,0.0
18,7.777654728092744,2.0
19,7.894313393838071,0.0
20,8.132161827239106,1.0
21,8.798693462942058,2.0
22,9.107872682277517,2.0
23,9.555129853569733,0.0
24,9.5727418776414,3.0
25,10.275711551970598,4.0
26,11.315825191896595,2.0
27,12.23330657140786,2.0
28,12.413626989727842,0.0
29,13.159875234124963,1.0
30,14.461891964516584,0.0
31,14.680195236370345,3.0
32,14.75277393924799,3.0
33,14.827642494427293,0.0
34,15.10053139021853,3.0
35,15.324030804233352,1.0
36,15.37772061300718,1.0
37,15.478052998563756,4.0
38,17.779672966033438,1.0
39,18.250899781961998,2.0
40,19.247725757076076,2.0
41,19.753690194343104,2.0
42,19.90461279798518,2.0
