,time,event
0,0.4541866742136004,2.0
1,0.9078631311127381,0.0
2,1.8430281755338513,2.0
3,1.9556524884587814,3.0
4,2.2697909701501713,2.0
5,2.458705324580294,0.0
6,2.513404542566774,1.0
7,2.528583702156805,3.0
8,2.540284411873726,4.0
9,2.8708883342510862,4.0
10,3.068422167605735,2.0
11,3.2905177025210817,2.0
12,3.35150764453124,0.0
13,3.6364918328942584,2.0
14,4.025133834667996,2.0
15,4.1925933677505,0.0
16,8.871870261134346,2.0
17,10.105253339988357,2.0
18,11.37838252351597,0.0
19,11.473913629110257,2.0
20,11.496513727877476,3.0
21,11.582767964552204,2.0
22,11.711259545785591,2.0
23,11.75437789690656,2.0
24,12.118272607083236,2.0
25,13.354368419607486,2.0
26,13.56765090310048,1.0
27,13.851743685115233,1.0
28,14.506403451853824,2.0
29,14.579273894561888,0.0
30,14.653623562719766,0.0
31,14.66871022093505,1.0
32,14.936497366821996,2.0
33,14.990562864390993,0.0
34,14.994641083814784,0.0
35,15.078737908481354,0.0
36,15.106098297198734,0.0
37,15.117987071681746,0.0
38,15.134403135960353,3.0
39,15.14049701149532,1.0
40,15.178697602149997,0.0
41,15.303029013636955,2.0
42,15.41616024928421,3.0
43,15.424149797315184,4.0
44,15.445670954800066,3.0
45,15.468723887363234,4.0
46,15.472667680466161,1.0
47,15.481655754766923,2.0
48,15.549321423665209,2.0
49,15.560568594245908,1.0
50,15.580727505072257,4.0
51,15.681322236815621,0.0
52,15.715148605517232,2.0
53,15.723704919939768,0.0
54,15.726300066008307,4.0
55,15.761306902501376,3.0
56,15.789547196994823,3.0
57,15.811389402992397,0.0
58,16.021692517225105,0.0
59,16.07782339658129,3.0
60,16.1315198805185,1.0
61,16.348798571349676,0.0
62,16.373948927759763,3.0
63,16.461101532971973,4.0
64,16.717284056375814,3.0
65,16.99887851493488,0.0
66,17.115178488736856,2.0
67,17.65688429680833,2.0
68,18.82744115646489,2.0
69,19.51628509904212,0.0
