,time,event
0,0.8504098781205485,2.0
1,1.7013274976921302,0.0
2,2.0083856202795385,3.0
3,2.3824828258058286,1.0
4,2.3979877857476697,0.0
5,2.435243492201293,2.0
6,2.4996517757786982,2.0
7,2.810066773277405,1.0
8,4.137193394024507,0.0
9,5.91559019074777,2.0
10,6.087988156245669,0.0
11,6.738423380388017,2.0
12,10.159513249373507,0.0
13,10.271893419550917,0.0
14,10.327406736808777,3.0
15,10.356272317085859,3.0
16,10.46071488855581,4.0
17,10.611426792113885,1.0
18,10.613367494585528,3.0
19,10.784074191811188,2.0
20,11.88926725248249,2.0
21,12.46700178987164,4.0
22,13.064280793471765,0.0
23,14.253125060123196,0.0
24,14.292983193577069,4.0
25,14.419964852827864,3.0
26,14.467744617416786,2.0
27,14.488706875147109,1.0
28,14.67224731592522,3.0
29,15.841405422411944,2.0
30,18.137640702594897,2.0
31,18.354678042542382,2.0
32,18.475965486689816,0.0
33,19.059712082998946,0.0
34,19.89300014683102,2.0
