,time,event
0,1.1600903597728651,4.0
1,3.718012349768296,4.0
2,3.914312322466472,0.0
3,4.624023794166371,1.0
4,4.785211808894726,3.0
5,5.0400597376362875,1.0
6,5.339901624462125,0.0
7,5.404633329617353,1.0
8,5.655051806889707,3.0
9,5.860369184248382,1.0
10,5.967101550345059,4.0
11,6.333618305431279,2.0
12,6.868891961476661,2.0
13,6.930296343097768,4.0
14,6.942533394685766,0.0
15,6.950297672545317,0.0
16,7.189311189206441,2.0
17,7.306030127164186,4.0
18,7.482961445701796,4.0
19,7.645225977455664,1.0
20,8.295280270958234,1.0
21,8.700077834865104,4.0
22,8.797916425194382,1.0
23,8.83237639071136,3.0
24,8.84364148223688,1.0
25,8.871697500446839,2.0
26,8.957433505755436,1.0
27,8.980069806069048,4.0
28,9.202897389064889,0.0
29,9.56589608936631,4.0
30,9.62456905086538,0.0
31,9.627721383970245,0.0
32,9.746764921072366,3.0
33,9.800167867926643,4.0
34,9.848649695365156,0.0
35,9.90164241912331,1.0
36,10.108943815290328,2.0
37,10.257431986998442,2.0
38,10.370783153705766,4.0
39,10.381816194450664,1.0
40,10.473998944783794,3.0
41,10.500098897583129,2.0
42,10.85545295780847,4.0
43,10.882476573057254,4.0
44,11.012788567106137,3.0
45,11.224130877565552,4.0
46,11.923731374439726,1.0
47,12.032836199113609,0.0
48,12.278126082944956,1.0
49,12.691521291841209,2.0
50,12.716222660825254,2.0
51,13.534727826674695,1.0
52,13.892426863282637,2.0
53,14.408767469114666,4.0
54,16.490446147765,4.0
55,16.67481327015158,1.0
56,19.69568548268165,1.0
