,time,event
0,0.10854547367663374,2.0
1,0.4040668452480309,4.0
2,0.9144094274424497,1.0
3,0.9337474480095705,3.0
4,0.936043204796393,3.0
5,1.1037141289292516,1.0
6,1.1460484229666226,3.0
7,1.1760778817114732,2.0
8,1.3342906685430809,4.0
9,1.4718433515502523,4.0
10,1.8405645570914917,0.0
11,2.049767114171922,2.0
12,2.071553179966869,2.0
13,2.157760021204924,0.0
14,2.186852386039013,3.0
15,2.3463905933999536,3.0
16,2.3593741137746065,2.0
17,2.4854780197405684,0.0
18,2.4984588511475776,3.0
19,2.5965613749493826,3.0
20,2.597116841339103,2.0
21,2.6668630274629415,4.0
22,2.704288457417616,2.0
23,2.7233151114510696,4.0
24,2.7453796994592143,2.0
25,2.7808379463153305,3.0
26,2.8154129506107375,1.0
27,2.831642000910721,0.0
28,2.868957622569232,1.0
29,2.9712766039987453,3.0
30,3.0490351207759208,0.0
31,3.0800003837531134,0.0
32,3.086002495427804,1.0
33,3.1072721538671746,4.0
34,3.120124824854469,0.0
35,3.136764610856234,3.0
36,3.1385494646977645,1.0
37,3.1823950892515196,4.0
38,3.1878278253693235,0.0
39,3.1961549133513656,2.0
40,3.2654313082672455,3.0
41,3.3043271080308965,1.0
42,3.3811054080007144,4.0
43,3.389097852786323,4.0
44,3.4801629828453273,3.0
45,3.7773756100381743,1.0
46,4.132796779215247,1.0
47,4.22755406735626,3.0
48,4.44704691735543,2.0
49,4.69721751643223,1.0
50,5.867143723439892,3.0
51,6.139510236804596,0.0
52,6.3439525882821055,3.0
53,6.349725453671405,4.0
54,6.994892401170843,2.0
55,7.011077742821232,0.0
56,7.051152430291885,1.0
57,7.633789173927574,1.0
58,7.659851821158992,0.0
59,7.699947395297015,0.0
60,9.067091904388231,2.0
61,9.223649826898582,1.0
62,9.328248995552915,3.0
63,9.500331366668435,0.0
64,9.536346637441342,0.0
65,9.605974121505445,4.0
66,9.81700360750195,3.0
67,9.966170092614975,2.0
68,10.1708163589439,2.0
69,10.438692472533129,0.0
70,10.503324838320484,0.0
71,10.539141092659825,1.0
72,10.631888185116187,2.0
73,15.217291451628341,2.0
74,16.087842028747982,2.0
75,16.150536671050308,2.0
76,16.923877388949244,0.0
77,17.420838906718114,0.0
78,17.53509235284284,0.0
79,17.770003900009115,3.0
80,17.831034816980527,0.0
81,17.88103050199586,3.0
82,18.10845416907798,0.0
83,18.197336805712702,1.0
84,18.285510468416604,3.0
85,18.631692688433453,2.0
86,19.06041737725153,2.0
