,time,event
0,0.5353741233663838,2.0
1,0.7769675403811366,2.0
2,0.7788088534847336,2.0
3,1.1980920683912248,2.0
4,1.2676333889173708,0.0
5,1.5171188760694632,2.0
6,2.6907840700822723,0.0
7,2.7606968274598738,4.0
8,2.9430028404485915,2.0
9,3.062833425766099,2.0
10,3.252358082888486,1.0
11,3.3036330136014516,2.0
12,3.5927485924385274,0.0
13,3.7434390497528893,1.0
14,5.317524632633412,2.0
15,6.474668885269863,4.0
16,6.55571048015097,0.0
17,6.654876019709038,0.0
18,6.723451795762976,4.0
19,7.14798582372913,0.0
20,7.57980290395184,2.0
21,7.786558948394514,0.0
22,7.807007842454649,3.0
23,7.8318146671599145,0.0
24,7.848123834960632,2.0
25,8.74328914422968,2.0
26,8.829353078708708,2.0
27,8.966978696254078,0.0
28,9.042831303591198,0.0
29,9.055581085521359,2.0
30,9.12360536470482,3.0
31,9.274619595845719,3.0
32,9.311793585866623,4.0
33,9.362649891418652,2.0
34,9.392564495335849,1.0
35,9.549716304922402,4.0
36,9.586421772533923,3.0
37,9.620110306052005,2.0
38,9.631730447709213,0.0
39,9.69478900331106,0.0
40,9.707862226521836,1.0
41,9.823588549556908,2.0
42,9.903459621224707,2.0
43,9.938360742637633,1.0
44,9.95958270302518,0.0
45,10.050470699575891,1.0
46,10.053499561665554,4.0
47,10.084568055592383,0.0
48,10.173396679556143,3.0
49,10.419719155932187,1.0
50,10.530383099961886,0.0
51,10.896500737300817,0.0
52,10.950052299846668,4.0
53,12.278830642459466,2.0
54,14.656071257010945,0.0
55,15.640486027086816,1.0
56,16.072617873938135,3.0
57,17.499423623453985,2.0
58,18.713499399484334,1.0
59,18.98208155092484,2.0
60,19.277295606806927,2.0
61,19.823703367483496,2.0
62,19.896138094015697,3.0
