,time,event
0,0.7120734418676122,0.0
1,2.7744729232950975,2.0
2,2.7982718071046397,2.0
3,2.889221807863762,2.0
4,3.0083146666298175,3.0
5,3.607898721351125,2.0
6,3.6246975796372585,1.0
7,3.780233997470445,1.0
8,5.257582948376444,2.0
9,5.300059535879919,2.0
10,5.37720183341801,3.0
11,5.431340997746983,0.0
12,5.53236501884135,0.0
13,5.730791066112315,4.0
14,6.13200077701335,3.0
15,6.3830501005555975,4.0
16,8.435586802133459,2.0
17,9.5394353159784,2.0
18,10.120578667344452,2.0
19,10.21671242440097,2.0
20,10.27381011329671,0.0
21,10.45777185051141,0.0
22,10.852326104842234,2.0
23,10.87643194520181,1.0
24,10.925905868625069,3.0
25,10.980979692549901,0.0
26,10.997319549149386,0.0
27,11.0969709077145,0.0
28,11.234489110441267,3.0
29,11.262793498520946,0.0
30,11.59310789463283,0.0
31,11.867983893747295,3.0
32,11.931320682257901,3.0
33,12.035411592091924,2.0
34,12.289871852472189,2.0
35,12.305103820513693,0.0
36,12.328078738243518,2.0
37,12.384586466584429,2.0
38,12.40252172572444,2.0
39,12.531444459890217,0.0
40,12.541615300632353,0.0
41,12.60408400336552,1.0
42,12.747826676950888,2.0
43,12.785970655871896,4.0
44,12.998174262670224,2.0
45,13.242255923758066,4.0
46,13.29873170160684,1.0
47,13.343878368763832,0.0
48,13.400340076142072,1.0
49,13.48725642357489,0.0
50,13.524516811295259,3.0
51,13.566260249142486,2.0
52,14.580529761573784,2.0
53,15.773151250849502,3.0
54,15.849899991341276,3.0
55,16.2684122892029,2.0
56,16.576973371798932,2.0
57,16.805365795869186,0.0
58,16.981611203979792,2.0
59,17.199524246396216,1.0
60,17.232851839195103,4.0
61,17.27645233302074,2.0
62,17.992121345923707,4.0
63,19.81375687420173,2.0
64,19.99763562701514,2.0
