,time,event
0,1.7665839315670286,2.0
1,3.3638879739563747,2.0
2,3.5775685375963158,3.0
3,3.6915981004801353,3.0
4,3.8356544998150834,0.0
5,4.254473976485078,3.0
6,4.3677747054742735,4.0
7,4.4995546130817585,3.0
8,6.786899578899097,2.0
9,6.854701719298356,2.0
10,7.220833438059884,2.0
11,7.257230141866988,2.0
12,7.6467632116093505,2.0
13,8.129995499372514,1.0
14,8.266614728437137,0.0
15,8.36514694178764,2.0
16,8.39124084870435,0.0
17,8.421706627794666,2.0
18,8.532795149616874,4.0
19,8.548627410971848,1.0
20,8.580781798289784,0.0
21,8.627643024094825,0.0
22,8.643231438979733,3.0
23,8.688035785447807,4.0
24,8.905967632621554,0.0
25,9.049837986797353,1.0
26,9.333419275597254,3.0
27,9.523882267202726,2.0
28,10.541916137053178,3.0
29,13.068680327589833,2.0
30,13.33731031867635,4.0
31,13.720194816381897,2.0
32,13.814050374127305,2.0
33,14.17664729565949,2.0
34,14.203252276649021,0.0
35,14.260874085591817,0.0
36,14.262099389081943,2.0
37,14.283728661561856,4.0
38,14.314699397004425,4.0
39,14.354453140951456,4.0
40,14.420481838699128,0.0
41,14.623857677745159,1.0
42,14.853517865080663,1.0
43,14.943139359059625,2.0
44,15.054495681979452,3.0
45,15.941064137247796,2.0
46,16.432517443246493,0.0
47,16.494623955559753,1.0
48,16.50187976699087,2.0
49,16.929571521569777,2.0
50,17.064756582259456,1.0
51,17.31283077546757,0.0
52,17.34399247424435,1.0
53,17.402272709109585,2.0
54,17.40741984890951,0.0
55,17.773741424263935,0.0
56,17.82404330483501,0.0
57,18.009142792107696,3.0
58,18.011519767443932,0.0
59,18.184274787945,0.0
60,18.237921328509863,3.0
61,18.282136019534484,1.0
62,18.31187384355161,3.0
63,18.35453526279611,2.0
64,18.413652853369772,3.0
65,18.47568058462474,3.0
66,18.67658528543644,2.0
67,18.682545064490576,3.0
68,18.701390958018095,2.0
69,18.74925795885131,3.0
70,18.786138089113855,2.0
71,19.27886329005577,2.0
72,19.849485996643704,2.0
