,time,event
0,0.19716352551999666,1.0
1,0.599815413741877,3.0
2,1.198020303549643,0.0
3,1.2036754164572667,2.0
4,1.3611582422848525,1.0
5,1.585244990288718,2.0
6,1.847885508991269,0.0
7,1.946601189605545,0.0
8,1.968513422508742,1.0
9,2.0715670317601917,3.0
10,2.080674346332524,1.0
11,2.14739973180971,2.0
12,2.2966505258217285,0.0
13,2.3392361450172765,2.0
14,2.453984213973752,4.0
15,2.672905408341687,0.0
16,3.2979562061947405,4.0
17,3.869424580359808,0.0
18,4.030703049066052,1.0
19,4.137247133644821,4.0
20,4.226059385643842,0.0
21,4.29413715522629,1.0
22,4.413131488801163,2.0
23,4.676369463002007,4.0
24,4.681904906099945,0.0
25,4.704790107836074,2.0
26,4.720488407250664,1.0
27,4.754968061487743,0.0
28,5.224331188073848,0.0
29,8.194103163491572,0.0
30,8.242820786597932,1.0
31,10.133460144510558,2.0
32,10.387366569344346,4.0
33,10.628230335452441,4.0
34,11.086486583280449,0.0
35,11.193036594119766,0.0
36,11.19850379725098,4.0
37,11.941626947806878,0.0
38,12.423187517363779,1.0
39,12.523495261808069,3.0
40,12.544389706537137,2.0
41,12.708775575248962,0.0
42,12.810945535327132,2.0
43,12.83969105165606,0.0
44,12.936176623387121,0.0
45,13.101197702659428,3.0
46,13.262802289500561,0.0
47,13.671415278286421,0.0
48,13.769833623381638,4.0
49,13.867089773064388,4.0
50,13.87674013208244,4.0
51,13.921618095230057,2.0
52,14.173412266983725,4.0
53,14.198137096443729,4.0
54,14.292773497705525,0.0
55,14.382221168094887,3.0
56,14.502809053387747,1.0
57,16.754756386295252,4.0
58,17.259959444194525,1.0
59,17.344542308442986,0.0
60,19.07335455303058,1.0
61,19.224773978435913,1.0
62,19.700183546807942,4.0
63,19.879567530769624,2.0
64,19.97812262239898,4.0
