,time,event
0,0.8253389777843907,4.0
1,4.60230323619197,0.0
2,5.915270853611246,4.0
3,8.11743729642884,0.0
4,8.859612739672345,4.0
5,9.017168425429665,1.0
6,9.145466266411782,0.0
7,9.195907033650625,0.0
8,9.366588866762504,1.0
9,9.423651550191954,2.0
10,9.842732740118912,4.0
11,9.917550649153588,4.0
12,9.971473939274539,0.0
13,10.091232857658483,0.0
14,10.36651029846633,1.0
15,10.764731616688891,4.0
16,11.189897093156572,2.0
17,11.200772682562048,4.0
18,11.2861005331814,0.0
19,11.315791335608782,2.0
20,11.368945963764157,0.0
21,11.43460444384005,4.0
22,11.494308491378254,1.0
23,11.61714428136564,4.0
24,11.723399506686508,2.0
25,11.90659972208453,0.0
26,12.128426240126098,1.0
27,12.216022760533809,1.0
28,12.226458432679442,0.0
29,13.01937615202217,0.0
30,13.574496815606057,4.0
31,14.916295808206149,1.0
32,15.191050331130455,4.0
33,15.388514320001581,0.0
34,15.802941252561093,2.0
35,16.07596355528826,4.0
36,16.46215291591179,1.0
37,16.735825721102458,0.0
38,16.854597136371375,4.0
39,17.568955877924576,0.0
