,time,event
0,0.19564688544983663,0.0
1,0.2122434475022668,2.0
2,1.121248046229145,0.0
3,1.2584255528154649,1.0
4,1.4209970933663003,3.0
5,1.753344302145118,2.0
6,5.2209556711969665,4.0
7,5.312589685890601,4.0
8,15.195959709882349,0.0
9,15.657261960324357,3.0
10,15.732987033808469,4.0
11,17.6277130485626,4.0
12,17.686267846771628,0.0
13,17.716463429427108,2.0
14,17.90661856255959,0.0
15,17.94626446809911,1.0
16,18.16565536381751,0.0
17,18.216153185669015,2.0
18,18.289062003357838,1.0
