,time,event
0,0.7139450904155591,0.0
1,0.7473442667333753,4.0
2,4.02085574742517,0.0
3,4.239327213713938,1.0
4,4.516415869230864,1.0
5,4.689686949428773,4.0
6,8.04284064025217,1.0
7,8.538174189688378,0.0
8,9.750828457145074,0.0
9,10.007601341276283,4.0
10,10.121541378062439,1.0
11,10.364257094997019,1.0
12,10.91151584339877,3.0
13,10.94304749381247,4.0
14,11.149515919768412,0.0
15,11.221915530395625,0.0
16,11.73377852052629,4.0
17,11.797752001258736,2.0
18,12.278955775935062,4.0
19,12.37141805296503,0.0
20,13.689502958748788,4.0
21,13.747403716732027,0.0
22,13.775277515094892,0.0
23,13.877266762994202,3.0
24,13.911147167726725,4.0
25,13.945599748328664,4.0
26,14.023744281326648,4.0
27,14.205423283708246,0.0
28,14.237209305282576,0.0
29,14.620238875019508,2.0
30,16.406489095211846,4.0
31,16.537245616104627,3.0
32,16.689528757373026,2.0
33,16.695875108784357,1.0
34,16.7079439489397,2.0
35,16.751083451042017,2.0
36,16.84244516135474,4.0
37,16.850976570698624,1.0
38,16.857947333044713,2.0
39,16.934597737557684,0.0
40,16.935511026671627,1.0
41,16.942183671651236,1.0
42,16.993753327603535,1.0
43,17.039912411681094,2.0
44,17.148947596850984,0.0
45,17.180822857779578,2.0
46,17.208087963924598,2.0
47,17.372078301088383,2.0
48,17.453133046246805,0.0
49,17.676724405744913,2.0
50,17.689505187819577,2.0
51,17.71872459460436,0.0
52,19.36750991366175,4.0
53,19.841627977979996,4.0
