,time,event
0,1.1506088778092898,2.0
1,1.1922886069038334,1.0
2,1.4969671603156902,2.0
3,1.6537281163119466,1.0
4,1.8620409925352095,2.0
5,1.8892643731212249,2.0
6,7.089877612984273,4.0
7,11.020129578686056,4.0
8,11.17233304391067,1.0
9,11.172446370772441,2.0
10,12.067779868218723,3.0
11,12.309907819273983,1.0
12,12.685806789609796,4.0
13,13.03322291751698,1.0
14,13.127474421845422,3.0
15,13.210225532888792,1.0
16,13.508232941257408,4.0
17,13.517426944749227,0.0
18,13.624606787792187,2.0
19,13.974239268842771,0.0
20,14.016947011005815,1.0
21,14.051473058354302,2.0
22,14.27110945317874,4.0
23,14.540669706046332,4.0
24,17.743338598163366,1.0
25,17.922353752445325,4.0
26,18.901220473322024,4.0
27,19.584074814779914,0.0
