,time,event
0,0.4092400069132349,1.0
1,1.39293866799214,4.0
2,5.38579120978134,4.0
3,5.725245396938575,0.0
4,5.884283592034402,2.0
5,5.996881152079408,0.0
6,9.506083056755283,1.0
7,11.767740969699588,1.0
8,11.794533950690536,3.0
9,11.82528601026784,4.0
10,11.887988580019103,2.0
11,11.963034476718647,4.0
12,12.010758778310768,0.0
13,12.069648155287004,3.0
14,12.204159555994122,1.0
15,12.244597924745197,4.0
16,12.347967104406774,3.0
17,12.548092975750755,1.0
18,12.858231228612535,1.0
19,13.088973347864902,2.0
20,13.815122480965982,4.0
21,16.723272122604165,4.0
22,16.738861102897374,4.0
23,16.74546837818701,1.0
24,19.345944825071317,4.0
25,19.97051687769291,1.0
