,time,event
0,0.6398199161998792,1.0
1,0.6452621561472953,4.0
2,2.8753389489713133,0.0
3,3.2998335885947103,4.0
4,3.6970188183817783,4.0
5,5.174210711723162,2.0
6,5.247260714587693,1.0
7,5.524541943255187,4.0
8,5.6400380131793035,0.0
9,5.892514235141302,4.0
10,5.897902695944256,4.0
11,6.635529822836574,4.0
12,9.57542114976373,2.0
13,9.65148637000431,0.0
14,9.98455961667312,4.0
15,10.19442512006255,0.0
16,10.238013011970917,4.0
17,10.32234496496835,0.0
18,10.34724618548482,0.0
19,10.37904848051692,1.0
20,10.528538217769347,2.0
21,10.868419008083814,1.0
22,11.00066646662331,4.0
23,11.077567231345913,4.0
24,11.255331771223917,1.0
25,11.300796631787863,4.0
26,12.274118767855722,1.0
27,12.317703520668697,3.0
28,13.320822722180639,0.0
29,14.318103421985779,2.0
30,14.786638744022671,4.0
31,14.884381833475565,4.0
32,14.911625065558393,0.0
33,15.175338779620471,4.0
34,15.331801901377897,2.0
35,15.618534973787627,4.0
36,16.09567778465125,1.0
37,18.45252062603974,4.0
38,18.48685117008267,4.0
39,19.754308165155432,4.0
