,time,event
0,2.405175664914868,1.0
1,2.4605861582772386,2.0
2,2.568222006658209,4.0
3,2.5768164171932377,4.0
4,2.647050318742811,3.0
5,2.6490279348118277,0.0
6,2.9504298405247646,0.0
7,3.0401186271560343,0.0
8,5.325858159387841,2.0
9,5.38467996063975,2.0
10,5.41732748910679,1.0
11,5.895040686269768,2.0
12,6.000267634704188,1.0
13,6.015688175325006,0.0
14,6.074636416262233,1.0
15,6.187495796810975,3.0
16,6.570951653404576,2.0
17,6.5753834001329565,4.0
18,7.003134163739331,0.0
19,7.019076136855019,1.0
20,7.423159573445039,0.0
21,7.613317794188662,1.0
22,7.62965754053488,0.0
23,7.874036199297369,2.0
24,8.626913156025015,1.0
25,8.74132017286463,2.0
26,9.249907486554958,2.0
27,9.34675729645298,4.0
28,13.142036742827125,4.0
29,13.430989069957523,4.0
30,17.366391273044183,4.0
31,19.411488068044974,0.0
32,19.488896645002942,0.0
33,19.709582979557087,0.0
34,19.837292677732698,4.0
35,19.886899463289847,4.0
36,19.963297515074288,4.0
