,time,event
0,1.1590670578058937,2.0
1,1.3392803191554243,2.0
2,2.1098366335631593,2.0
3,2.2786520058542172,3.0
4,3.9153477325558605,4.0
5,5.6713933847721645,4.0
6,7.305868432794814,4.0
7,7.433384123671203,2.0
8,7.488422528195555,0.0
9,7.510192610986858,3.0
10,7.530489681645102,1.0
11,7.748882827173064,0.0
12,7.779295941627414,2.0
13,7.940414050163308,2.0
14,8.269219067155545,0.0
15,9.755734338608667,4.0
16,10.68357333436469,4.0
17,14.001216573297393,1.0
18,14.176243276414578,1.0
19,16.638606735681293,2.0
20,16.751600407429553,4.0
21,16.827026342470155,0.0
22,17.3914426464245,4.0
23,17.808340616805598,4.0
24,17.870885945979772,2.0
25,18.224727907509177,4.0
