,time,event
0,0.7706182638206405,1.0
1,0.9365405958683841,4.0
2,0.9740366140030947,0.0
3,1.0441509642137432,0.0
4,1.3044506181717184,0.0
5,1.4012239633783008,4.0
6,1.4784862208685021,1.0
7,1.5839700494456108,0.0
8,1.6478865786895855,1.0
9,1.6668625800964778,2.0
10,1.695246363802669,2.0
11,1.7256998958120102,0.0
12,1.8181966324986454,4.0
13,1.988035209633705,3.0
14,2.019589272296512,1.0
15,2.2415133930678715,4.0
16,2.3981129675389403,4.0
17,2.4092653708017195,0.0
18,2.4466292039177477,4.0
19,2.4766718342788154,0.0
20,2.619494953387034,1.0
21,2.65156465347187,4.0
22,2.7804028276394237,4.0
23,2.891458856383185,2.0
24,3.3117589154228457,0.0
25,3.6931388834981815,2.0
26,3.8240552809255663,4.0
27,4.0677928847555265,0.0
28,4.397729270945158,3.0
29,4.556996065461374,1.0
30,5.10038705167302,1.0
31,5.296891871118667,0.0
32,5.542354972785533,2.0
33,5.634390465579656,4.0
34,8.2613408132609,4.0
35,8.369419761999614,4.0
36,8.453085247406824,4.0
37,8.468653362949658,0.0
38,8.474223066791202,3.0
39,8.650743682480059,4.0
40,8.680562796090882,1.0
41,10.785873177852084,0.0
42,10.896076142603961,0.0
43,11.214349244864788,3.0
44,15.010518966132883,2.0
45,15.229837443826536,1.0
46,15.458034876679877,4.0
47,15.640295080417344,2.0
48,15.724442743732888,1.0
49,15.77142080515498,0.0
50,15.840158290230718,2.0
51,15.884533311452852,1.0
52,15.889147578147309,0.0
53,16.041617617212033,0.0
54,16.118907351940862,0.0
55,16.189081729636264,3.0
56,16.19217980305783,2.0
57,16.19235541492689,2.0
58,16.825145783406793,0.0
59,16.927675183389024,1.0
60,17.20927274501674,2.0
61,17.367366045257196,4.0
62,18.294437737274862,1.0
63,18.332215379599695,1.0
64,18.494423868913344,0.0
65,19.923516461736497,4.0
66,19.99059795581441,0.0
