,time,event
0,1.4640582446234334,4.0
1,4.098006227533666,1.0
2,4.156232664195397,2.0
3,4.1850127400021035,1.0
4,4.601498224664438,0.0
5,4.6174988361240175,4.0
6,4.831368468130707,0.0
7,5.608023650281872,2.0
8,5.781142382024947,3.0
9,6.195513329669184,2.0
10,10.102602460145306,1.0
11,11.477953979413536,1.0
12,11.937645058359669,2.0
13,13.049046849928452,4.0
14,15.847353794402991,4.0
15,17.10383308477998,1.0
