,time,event
0,2.006429694505188,1.0
1,2.0150712187451942,2.0
2,2.0454912264751983,1.0
3,2.0756913795399763,2.0
4,2.2292625274333457,2.0
5,2.271495302258502,2.0
6,2.410035607208168,2.0
7,2.440276323187541,2.0
8,2.5138851061736007,2.0
9,2.571487186000956,4.0
10,2.6141221650105315,0.0
11,2.6562951620557773,0.0
12,2.727344201048161,4.0
13,2.7484929438099006,2.0
14,2.8680242165407495,4.0
15,2.9016796387698687,2.0
16,3.084504652565232,4.0
17,3.1498630648420325,4.0
18,3.2145352216248573,4.0
19,3.8049309773655744,4.0
20,4.390222704534706,4.0
21,5.936868667791674,2.0
22,6.176825942999416,2.0
23,6.245456980264646,0.0
24,6.387717929149775,4.0
25,7.026947608279289,2.0
26,8.552571742269757,1.0
27,9.073131666198789,1.0
28,9.1879283549847,4.0
29,12.311710784466882,1.0
30,12.394536993653217,0.0
31,13.949624901107622,4.0
32,13.954010449117755,1.0
33,14.387197429883383,4.0
34,14.89488972436771,4.0
35,15.094574883003078,4.0
36,15.134113670768246,0.0
37,15.173152177569909,1.0
38,15.382085337398506,4.0
39,15.501492078610575,1.0
40,16.101838704243523,0.0
41,16.551936183056178,4.0
42,16.56508265285028,4.0
43,16.695703673909435,2.0
44,16.72970586228333,4.0
45,16.73353969611354,4.0
46,17.12865932419697,1.0
47,18.653923544264092,4.0
