,time,event
0,0.3673603847126027,1.0
1,0.6100023664674169,2.0
2,0.6484487732704628,0.0
3,1.8475552642786022,2.0
4,1.8875915156533742,2.0
5,2.2911818731758955,2.0
6,2.468129354305191,0.0
7,2.6835211610303156,1.0
8,2.7341696883579867,4.0
9,2.7895343947808042,0.0
10,2.8002764855860987,4.0
11,2.9681936681059535,2.0
12,3.087311123709272,1.0
13,3.24629286448075,3.0
14,3.269971346260225,4.0
15,3.568061732842905,4.0
16,3.8817527991189014,4.0
17,4.025440695640553,4.0
18,4.032327701352106,3.0
19,4.0970735099102855,2.0
20,4.184430645712582,0.0
21,4.632978363773016,1.0
22,4.870419109801794,1.0
23,4.8856827227507935,1.0
24,4.902592998583616,0.0
25,4.9200380179160925,3.0
26,5.166302738117288,3.0
27,5.344422304469507,2.0
28,5.567118136307521,2.0
29,5.6276905660878835,1.0
30,5.903261369051843,0.0
31,6.264652431189355,1.0
32,6.42836617049532,0.0
33,6.682714014724835,4.0
34,7.270219083555414,2.0
35,7.276513996631747,0.0
36,7.616559826644826,2.0
37,7.654872921676315,1.0
38,7.7144391544098285,1.0
39,7.970938902890223,4.0
40,8.070053466562777,3.0
41,8.08889838423305,3.0
42,8.184522408849055,2.0
43,8.26018282746342,2.0
44,8.332939387954568,3.0
45,8.372267672868142,2.0
46,8.442230831566018,3.0
47,8.600286213296163,2.0
48,8.636602557135562,4.0
49,8.659876762185013,3.0
50,8.728922435233562,0.0
51,8.909314279445615,0.0
52,8.997850598699003,4.0
53,9.117055798807948,2.0
54,9.328027205330201,2.0
55,9.377085299415546,4.0
56,9.416738158592695,3.0
57,9.580057964943839,4.0
58,9.80210941059844,2.0
59,9.840218495994895,3.0
60,10.009435545403834,4.0
61,10.868194162815827,1.0
62,11.230542140795915,2.0
63,11.612829184908408,2.0
64,11.665800428601859,3.0
65,12.071739684260047,1.0
66,12.627529873636764,0.0
67,12.632285414487933,0.0
68,12.8216790763579,0.0
69,12.893438284256852,3.0
70,13.335328565926293,1.0
71,13.427592280307328,1.0
72,13.503203007757838,0.0
73,13.59562923771508,1.0
74,13.647432939966231,2.0
75,13.828960118190698,1.0
76,14.464656387748112,0.0
77,14.63383670437196,3.0
78,15.499924319133267,4.0
79,16.11028692424874,1.0
80,16.57227208471568,0.0
81,16.680430785897354,4.0
82,17.174631715793467,2.0
83,17.665234066854723,2.0
84,17.889205274336824,2.0
85,18.070556686483656,4.0
86,18.405645713367665,1.0
87,18.583207933689362,1.0
88,18.586148291651735,2.0
89,19.008627837078336,2.0
90,19.253018721379277,0.0
91,19.54002603170496,2.0
