,time,event
0,0.5263763865293162,1.0
1,3.0814359349584084,4.0
2,3.0987250649315916,0.0
3,3.3060424250237133,0.0
4,5.0529789493104555,1.0
5,5.262486895325169,4.0
6,5.514584933347572,0.0
7,5.554579586754947,1.0
8,5.797255568146228,0.0
9,6.115348577428993,1.0
10,6.617929191743212,0.0
11,7.075416109733867,1.0
12,7.173698689747634,2.0
13,7.2910460759155225,3.0
14,7.311200808158172,0.0
15,7.429612535797275,1.0
16,7.661955553961821,4.0
17,7.825954707390335,4.0
18,7.919764993370631,0.0
19,7.9863084032771505,4.0
20,8.220099126590945,3.0
21,8.33127665886554,4.0
22,9.351255171754158,4.0
23,9.407791127713775,4.0
24,9.414513325882869,0.0
25,9.801632694085718,4.0
26,9.872634727762954,1.0
27,9.877844101981955,4.0
28,9.896095705275856,4.0
29,9.931462658126827,0.0
30,9.96036463300382,4.0
31,10.001471173617277,4.0
32,10.179120464909634,0.0
33,10.212460673470881,4.0
34,10.972126715389194,4.0
35,13.33700346650383,4.0
36,13.698137707785317,1.0
37,13.87155474018329,3.0
38,14.019089746394116,4.0
39,14.116062092643608,1.0
40,14.181871495523794,2.0
41,14.185076492465614,0.0
42,15.388719849731627,1.0
43,15.83994426142741,1.0
44,17.718043891968364,2.0
45,19.487742613651694,4.0
