,time,event
0,2.907679351304213,4.0
1,2.967607855360659,0.0
2,3.167504140874296,1.0
3,3.2469708955244427,2.0
4,3.25941802234629,3.0
5,3.8244162948704448,2.0
6,5.390948833651175,1.0
7,5.475411925932915,2.0
8,5.80998797243122,4.0
9,8.220305540444357,1.0
10,8.777656040890394,3.0
11,9.619312777496969,4.0
12,10.392812222802394,1.0
13,10.722636446915311,0.0
14,17.8141299755194,2.0
