,time,event
0,0.746747464076854,2.0
1,1.1709737761886876,1.0
2,1.3785219364330425,1.0
3,2.3924851289842186,4.0
4,2.585242195755869,4.0
5,2.805144803569092,4.0
6,2.9949692501636154,4.0
7,3.1589291915096664,3.0
8,3.255912239742308,3.0
9,3.5113770211263877,0.0
10,4.153497179845134,2.0
11,4.20083437497375,2.0
12,4.74370626915476,2.0
13,5.200518729959136,2.0
14,5.5151219056750875,4.0
15,5.554914374976765,3.0
16,5.59401674005818,4.0
17,5.6018823768709325,0.0
18,5.814443674023782,3.0
19,5.910232050995201,2.0
20,6.133289960444601,4.0
21,6.2220322620138475,0.0
22,6.429276283092631,1.0
23,6.459540837962869,4.0
24,6.6708476864198,3.0
25,6.988168625203183,1.0
26,7.439814814987865,1.0
27,7.553315114563691,1.0
28,7.690728077131723,0.0
29,7.718784410143839,2.0
30,7.7715581090475805,2.0
31,7.878957364821106,1.0
32,7.992928174484585,2.0
33,8.489688581646414,2.0
34,9.228157928055348,3.0
35,9.294587745976406,2.0
36,9.311347787828518,0.0
37,9.418021966926839,4.0
38,9.428056218392504,2.0
39,9.44191152785513,1.0
40,9.52901211618571,0.0
41,9.562171386093762,0.0
42,9.58307914009059,2.0
43,9.598623809991556,4.0
44,9.608724285435843,3.0
45,10.613701740014847,0.0
46,11.392367121930093,2.0
47,12.069755266923726,4.0
48,12.140962011210949,0.0
49,12.331954070326427,1.0
50,12.566051110976542,4.0
51,12.592231603535886,3.0
52,12.725574866111344,2.0
53,12.935805986595513,2.0
54,13.988773726239229,4.0
55,14.37484565857368,3.0
56,14.640468988264855,1.0
57,15.136858633357022,2.0
58,15.204989079862893,4.0
59,15.82120634130238,2.0
60,16.015829689043468,3.0
61,16.321074185730716,2.0
62,16.393726510874803,0.0
63,17.149992224476012,2.0
64,17.55195234831195,4.0
65,17.557776967445136,0.0
66,17.750632317012077,2.0
67,18.830268559690353,2.0
68,19.761031084472677,4.0
