,time,event
0,0.49823477092219526,2.0
1,0.7964193253348222,0.0
2,1.2493401022913497,2.0
3,1.4168717157391,2.0
4,1.592502287048654,2.0
5,1.8238250113725454,1.0
6,1.9094961003525972,1.0
7,1.9745089159402125,4.0
8,2.187962376647703,4.0
9,2.207709563056445,1.0
10,2.2137437198773777,0.0
11,2.4580542579230595,3.0
12,2.6193353874902945,2.0
13,2.660662358933307,4.0
14,3.448651892458212,2.0
15,4.3100033048477435,2.0
16,4.344984298713818,2.0
17,4.384271186467318,2.0
18,4.651640192063741,0.0
19,4.9782969786111355,4.0
20,5.340965990791984,4.0
21,5.691303307529716,2.0
22,6.34333432032904,1.0
23,6.966229776293166,1.0
24,6.996921648006045,4.0
25,7.026853176578781,1.0
26,7.031989967286717,3.0
27,7.20536715433622,1.0
28,7.23451735620893,1.0
29,7.274004699195147,4.0
30,7.3048355734767885,2.0
31,7.354334982098236,0.0
32,7.921868428221622,2.0
33,8.018710919022393,2.0
34,8.582413483554376,2.0
35,8.672464080530155,4.0
36,8.73830714104181,1.0
37,8.853541500894929,2.0
38,8.9701323348692,2.0
39,9.266418078445522,2.0
40,10.217345821839185,1.0
41,10.664577906269967,2.0
42,11.623787280900265,4.0
43,11.859149491894105,2.0
44,11.959371999356728,1.0
45,12.039635537160716,2.0
46,12.149435226334294,2.0
47,12.238039529106036,2.0
48,13.482912511243281,1.0
49,13.517683448973388,2.0
50,13.527501357785821,4.0
51,13.937720087146472,4.0
52,15.063395954594792,1.0
53,15.381143853835761,3.0
54,15.543749766694289,1.0
55,15.845405445028813,1.0
56,16.128386609085396,4.0
57,16.791454860485718,1.0
58,16.893485339944217,1.0
59,17.23706239044915,2.0
60,17.54265147738579,0.0
61,18.06181102175605,2.0
62,18.26531267613092,4.0
63,18.36912007214004,1.0
64,18.64610042921445,1.0
65,18.688402748746658,1.0
66,19.051788919680906,1.0
67,19.509050096978328,1.0
