,time,event
0,0.547361426806294,1.0
1,0.5649019526650801,1.0
2,0.6144531486135243,0.0
3,0.6337307537022498,2.0
4,1.2791462147564565,2.0
5,1.365283106899077,2.0
6,1.4515851886933262,2.0
7,1.5027981539563073,1.0
8,1.5185238193309658,2.0
9,1.648350550291842,2.0
10,1.7871338908308656,1.0
11,2.099273213133683,1.0
12,2.6661964277056263,1.0
13,2.9327553528570967,2.0
14,3.1493197538590945,3.0
15,4.026750494845106,1.0
16,4.121885206475524,2.0
17,4.458220147010808,4.0
18,4.6297382947885115,0.0
19,4.777405378352742,3.0
20,4.790452420038974,2.0
21,4.933635590333213,2.0
22,4.949553632830645,2.0
23,5.289058311153131,1.0
24,5.557812718365717,1.0
25,5.741469378991836,2.0
26,5.859693646635435,2.0
27,5.872548426601696,3.0
28,6.0541547174887045,2.0
29,6.310675512962056,2.0
30,6.4069209232022795,1.0
31,6.490044764951991,1.0
32,6.641753262507313,0.0
33,6.900755582534867,2.0
34,7.606239711318668,1.0
35,7.731152840688038,4.0
36,7.86845329526195,2.0
37,8.00698451614107,2.0
38,8.231233569603337,4.0
39,8.373550819600508,2.0
40,8.61017167562705,2.0
41,8.662446168759654,2.0
42,8.83858712110986,1.0
43,9.223235039450818,1.0
44,9.26017427921208,0.0
45,9.32028086611645,0.0
46,9.351554297157037,1.0
47,9.371250371444287,2.0
48,9.407170290799355,0.0
49,9.553952087920582,4.0
50,9.73141330361376,0.0
51,9.815682418900218,1.0
52,9.973504506348982,0.0
53,10.250779593106897,0.0
54,10.373026224043551,1.0
55,10.453481181461118,1.0
56,10.465392579636623,2.0
57,10.676586885900242,2.0
58,11.694884034815832,2.0
59,12.057583039502653,3.0
60,14.563128243267284,2.0
61,14.757846963079537,1.0
62,14.828737850526917,2.0
63,14.840092743262819,2.0
64,15.292384105134804,3.0
65,15.549994720030723,4.0
66,15.558951931146527,2.0
67,15.639169933032312,0.0
68,15.64098077615482,2.0
69,15.653923345699187,1.0
70,15.655075537090415,3.0
71,16.21011774612631,3.0
72,16.474803916353256,3.0
73,16.62120633628702,2.0
74,16.769062936841685,1.0
75,16.84932571756655,1.0
76,17.06792193726702,2.0
77,17.078322550500356,0.0
78,17.12853163755276,1.0
79,17.143511958659225,0.0
80,17.190390794123353,2.0
81,17.304715413991588,4.0
82,17.3193008864737,3.0
83,17.33197984807529,4.0
84,17.679030162112987,0.0
85,17.691102859924523,0.0
86,17.72560715270593,1.0
87,17.76781092020958,1.0
88,17.939482485545017,3.0
89,18.189864722642174,2.0
90,18.44747664148786,4.0
91,18.66321227235577,1.0
92,18.668304721374554,0.0
93,18.954802884836838,1.0
94,19.362535044580866,0.0
95,19.556062185909454,0.0
96,19.94058809301921,2.0
97,19.99030811922035,2.0
