,time,event
0,0.8303522659543147,0.0
1,0.9256442744518013,2.0
2,1.0331195093349703,2.0
3,1.0633803692894903,1.0
4,1.1272299249671147,4.0
5,1.216075820084201,1.0
6,1.29486791019144,0.0
7,1.5297081837443702,4.0
8,1.5677910551181298,3.0
9,1.6191120225901288,2.0
10,1.671303779780671,1.0
11,2.3001894037567445,0.0
12,2.3826494244744008,3.0
13,2.6506406929625648,0.0
14,2.668202029039387,1.0
15,3.477965241273902,0.0
16,3.8782405461492453,2.0
17,3.900385799988879,2.0
18,4.1190327794050265,2.0
19,4.216569527122464,3.0
20,4.250870411445325,4.0
21,4.371879928463117,1.0
22,4.774993442366142,2.0
23,4.788067728539463,1.0
24,5.131991073078666,2.0
25,5.206059695725036,1.0
26,5.2166124098917654,1.0
27,5.2255374834168995,2.0
28,5.2377370131780205,1.0
29,5.255384607387123,3.0
30,5.268842101582418,4.0
31,5.39332425837064,0.0
32,5.412899982965193,1.0
33,5.452004269636205,1.0
34,5.48736315650753,1.0
35,5.504331066141062,3.0
36,5.531199948508254,1.0
37,5.539435550227692,3.0
38,5.671910321652554,1.0
39,5.7409099152295875,1.0
40,5.769106503122075,4.0
41,5.8290345982150376,2.0
42,5.863453289391326,3.0
43,5.8880967783971485,2.0
44,6.180341394092676,2.0
45,6.562264907832866,0.0
46,6.879783991152871,3.0
47,9.560782875928846,2.0
48,9.665981686775933,1.0
49,9.811127810617757,1.0
50,9.90080430911787,3.0
51,10.025935693473482,3.0
52,10.070577524470897,3.0
53,10.124754356247902,4.0
54,10.422982126594007,1.0
55,10.556789858599506,4.0
56,12.397665268099214,0.0
57,12.779078211695252,2.0
58,13.203880207008316,2.0
59,13.797489864456914,2.0
60,14.342189923066917,2.0
61,14.675340060957033,1.0
62,14.741859687759597,1.0
63,14.762834845221752,0.0
64,15.05694687814158,2.0
65,15.87546169729406,1.0
66,16.040350823217732,1.0
67,16.294747207909765,0.0
68,16.34796352467514,3.0
69,16.49045912534019,0.0
70,16.60107176331002,4.0
71,17.111296455861886,1.0
72,17.123751701705448,1.0
73,17.228902437579922,0.0
74,17.29292266463522,2.0
75,17.45323869332649,1.0
76,17.607539320222724,0.0
77,17.65261481402941,0.0
78,17.734226316166787,2.0
79,17.827983380370483,2.0
80,17.949246334097996,2.0
81,18.61914125356606,1.0
82,18.635991803203915,1.0
83,19.324923995040447,2.0
84,19.466848459309112,2.0
85,19.537324078787215,4.0
86,19.650123247203116,1.0
87,19.658941242308508,3.0
88,19.66811112335041,1.0
89,19.795017809289384,0.0
90,19.94723117065884,2.0
91,19.967619448808847,1.0
92,19.96865910684344,3.0
93,19.976168830217645,4.0
