,time,event
0,0.6797924227433925,4.0
1,0.7241362733081957,2.0
2,0.8642963447801234,1.0
3,0.9262531830604589,1.0
4,0.9339007051428858,4.0
5,1.0376120983406931,2.0
6,1.4602417530650749,2.0
7,2.4323691208487106,2.0
8,3.3165435061034776,2.0
9,3.4038761020321453,0.0
10,3.405173199320022,2.0
11,3.7832381125622,0.0
12,3.796542020795028,0.0
13,3.99126301322708,0.0
14,4.262774719727964,2.0
15,4.424626680816382,3.0
16,5.116845871827074,1.0
17,5.895980061113708,1.0
18,6.003196022170353,1.0
19,6.103026637475946,4.0
20,6.153480320999099,3.0
21,6.234023221913565,1.0
22,6.629835744647532,0.0
23,6.7126790824943905,4.0
24,6.8184923662917285,2.0
25,6.945492250668729,1.0
26,7.0679961046467445,1.0
27,7.114311305298316,0.0
28,7.14921457296652,2.0
29,7.177375556812665,3.0
30,7.187620209129712,2.0
31,7.297458564539051,1.0
32,7.304135070196791,4.0
33,7.354704626810556,1.0
34,7.3660937277561995,1.0
35,7.393433049123116,4.0
36,7.577215667340026,1.0
37,7.5841043510943065,0.0
38,7.853969038005781,0.0
39,7.872207828990787,1.0
40,8.038163330826631,2.0
41,8.045752877237783,1.0
42,8.078342886401895,1.0
43,8.141984925538267,3.0
44,8.148362575376304,1.0
45,8.149750919666236,2.0
46,8.189952368964574,2.0
47,8.283321879154368,1.0
48,8.297684965016987,0.0
49,8.521256066487625,0.0
50,8.786055979516014,3.0
51,9.488687721363359,2.0
52,9.872766858572325,2.0
53,10.409365005346324,3.0
54,11.03537095225491,2.0
55,11.481122527309237,2.0
56,11.712715051471177,1.0
57,11.82217653287184,1.0
58,11.87126000609225,1.0
59,12.000853736682345,1.0
60,12.177700427082316,1.0
61,12.283664547745316,2.0
62,12.494911107196724,2.0
63,12.581132635343526,4.0
64,12.692750114085932,1.0
65,12.909345586379184,2.0
66,13.311673121881817,3.0
67,13.47980133188361,1.0
68,13.796434058248048,3.0
69,14.343575218858179,1.0
70,14.815386670142551,4.0
71,16.374222950552923,4.0
72,16.42432953508819,4.0
73,16.507196560378834,2.0
74,16.749825619152883,2.0
75,17.237604378745594,1.0
76,17.453535106291575,1.0
77,17.549666985593017,2.0
78,17.600603818527826,2.0
79,18.057090717133725,2.0
80,18.667814162236994,2.0
81,18.697462434937123,2.0
82,19.35854812142279,2.0
83,19.728946934323464,0.0
