,time,event
0,0.2703572174303838,0.0
1,0.4154117485168153,4.0
2,1.2109959394129466,4.0
3,1.2227851447749358,3.0
4,1.5617229258766117,3.0
5,2.5452449115197737,2.0
6,4.047872990600715,0.0
7,4.765313040580314,3.0
8,5.318230401542453,3.0
9,6.723566781773463,3.0
10,7.367820779351235,0.0
11,7.419093414654667,0.0
12,7.589938329752987,4.0
13,7.739737238134553,4.0
14,7.843480165331382,0.0
15,7.909978116398037,0.0
16,8.006373771270763,0.0
17,9.631830555690359,0.0
18,9.833444218981173,4.0
19,10.096072923801264,4.0
20,10.113033184251268,1.0
21,10.324692325105238,0.0
22,10.49315656460778,4.0
23,10.869358059190127,3.0
24,11.792027804558147,0.0
25,12.210738268426606,4.0
26,12.271512811274215,4.0
27,12.330193583016548,4.0
28,12.663535109768105,2.0
29,13.12126558582422,0.0
30,13.562295652890786,0.0
31,14.414894590109316,3.0
32,14.6487045357447,3.0
33,14.90563755868048,0.0
34,15.014489573269254,0.0
35,15.111228594799186,3.0
36,15.266899274790797,4.0
37,15.541965775920884,0.0
38,15.675555199713951,2.0
39,15.691671544572998,0.0
40,16.251144894491933,4.0
41,16.98196237811311,1.0
42,17.78423002394149,0.0
43,18.095532948743152,3.0
44,18.21453760338335,4.0
45,18.632590157829767,4.0
