,time,event
0,0.18348194616465627,1.0
1,0.3358920335024245,0.0
2,0.5767443007585569,0.0
3,0.8347466135236221,0.0
4,1.3625769333675506,2.0
5,1.5846776369566475,3.0
6,2.847846309650275,2.0
7,3.1261828823818636,4.0
8,3.189314950050432,0.0
9,3.2174739327081583,3.0
10,3.751846516118111,0.0
11,4.022670657855046,2.0
12,4.546862670920066,2.0
13,5.326679260284069,0.0
14,7.359487322649269,0.0
15,7.718151104644606,0.0
16,7.894849219914372,0.0
17,8.088775000077339,2.0
18,8.148464437004279,2.0
19,8.746553513333941,3.0
20,9.503296899492183,3.0
21,9.721802743022938,3.0
22,10.24822844643038,3.0
23,10.366742917622954,3.0
24,10.407562475320587,0.0
25,10.498174716186817,0.0
26,11.020000757204732,4.0
27,11.202179180966263,2.0
28,11.987953189296965,0.0
29,12.605082713746526,0.0
30,12.615836799548067,2.0
31,13.047324419578414,0.0
32,13.436262634631312,3.0
33,13.870649958018051,0.0
34,14.058494219954422,3.0
35,14.17788955641399,1.0
36,15.891996947304104,3.0
37,16.14329398839681,0.0
38,17.114259319509916,4.0
39,17.229897141045612,0.0
40,18.305256478570744,0.0
41,18.82258091808081,2.0
42,19.094688791348418,2.0
43,19.09833748641208,3.0
44,19.243298180028603,0.0
45,19.29034485351569,3.0
46,19.495666319661932,0.0
