,time,event
0,1.1702054696072934,2.0
1,1.2778877180623893,2.0
2,1.3126937195472776,0.0
3,1.5707607607886953,3.0
4,1.737277603216835,3.0
5,1.8508035203643844,2.0
6,3.4021997687613332,4.0
7,3.4412688451171936,1.0
8,3.751326553421931,3.0
9,4.321034897600672,2.0
10,4.873426138908462,0.0
11,4.904246337425405,3.0
12,5.343198302531967,3.0
13,5.38883797123256,0.0
14,5.515566963382843,4.0
15,5.6206195893451305,0.0
16,6.110260922013602,4.0
17,6.189192373530575,2.0
18,6.47255442403484,4.0
19,6.491976641801851,0.0
20,6.492265433849079,2.0
21,6.711017668650573,0.0
22,7.567731784976627,4.0
23,8.143931101901565,0.0
24,8.409093422214852,1.0
25,10.444592278920354,2.0
26,10.785588062628515,2.0
27,10.797012543985279,4.0
28,11.315638522877661,2.0
29,11.541649712688148,3.0
30,11.650127676640606,3.0
31,11.946587106390105,0.0
32,12.33046708871104,4.0
33,13.501375971284466,4.0
34,13.848158878488245,3.0
35,14.625921147141948,3.0
36,15.394676229958653,2.0
37,15.633011338510554,2.0
38,15.886813637752155,0.0
39,15.95949722938583,2.0
40,16.06091030306767,0.0
41,16.109211908266,0.0
42,17.09833108510594,2.0
43,17.127529582099474,4.0
44,18.90758503672195,2.0
45,19.446714059782934,3.0
