,time,event
0,0.19616715925641848,4.0
1,0.21625878049579644,4.0
2,0.3865797592637279,4.0
3,0.7724972107638728,4.0
4,1.3689433121385401,0.0
5,1.7276163346238786,0.0
6,2.0138595660249345,2.0
7,2.263563664294909,3.0
8,2.2849819234106916,0.0
9,2.2918013187653017,3.0
10,2.5284832679336975,2.0
11,3.085587279410838,4.0
12,3.2051100612404104,0.0
13,4.5794264707531,0.0
14,4.707228844638998,3.0
15,6.4697138109677494,3.0
16,6.9873529207679725,2.0
17,7.058027516626148,0.0
18,8.042751987310309,4.0
19,8.907578322760859,0.0
20,9.05014764295507,3.0
21,9.438343496925086,2.0
22,9.440010918115364,4.0
23,10.286857496989139,0.0
24,10.773690183631789,4.0
25,10.828662701466495,0.0
26,10.922083110184179,0.0
27,11.108228884107774,3.0
28,11.772146381938587,0.0
29,12.421990447132249,0.0
30,14.20071919244635,0.0
31,14.384202332609199,0.0
32,15.126446619624502,4.0
33,15.350506533446092,3.0
34,15.563144429866114,0.0
35,15.836408184803387,3.0
36,17.093221338768785,2.0
37,17.479896551166025,2.0
38,17.705931156910022,0.0
39,18.86624813472226,4.0
40,18.970974718183687,3.0
41,19.12077584411105,4.0
42,19.567730594891216,2.0
