,time,event
0,0.27918714919380166,0.0
1,2.1101565117169168,3.0
2,2.397800794249139,0.0
3,2.5395877191367044,4.0
4,3.0722068941984424,0.0
5,3.1282000633450857,0.0
6,3.435679785899831,0.0
7,3.5264578015580184,0.0
8,3.744949424931274,0.0
9,5.1540273939741255,2.0
10,5.331883366985468,2.0
11,5.353637997089571,0.0
12,5.497281792475503,3.0
13,5.989347585290969,2.0
14,6.1189057984546595,4.0
15,6.561363963667791,3.0
16,6.59169475971525,3.0
17,6.601291269993583,3.0
18,7.0696782892684675,2.0
19,7.2564123538007825,0.0
20,7.651538959787455,0.0
21,8.229014476612072,2.0
22,9.868840201775276,3.0
23,10.373563705079878,0.0
24,10.79607623622555,2.0
25,10.8956208750946,2.0
26,11.232000311483871,0.0
27,11.746575997987208,0.0
28,11.854182761686115,3.0
29,11.983071561823479,2.0
30,12.068379497285552,2.0
31,12.496546085117151,0.0
32,13.043578545367776,4.0
33,13.27119833545505,0.0
34,14.025502796636141,4.0
35,14.192074826813196,0.0
36,14.256331344886382,0.0
37,15.781343421801513,3.0
38,16.0097240909956,3.0
39,16.43155037535802,2.0
40,16.438112572977253,4.0
41,16.69271774579064,0.0
42,16.8181843773141,4.0
43,17.313563226376285,3.0
44,17.59586144291336,2.0
45,18.06483148605623,2.0
46,18.284134913673544,0.0
47,18.49590336942361,4.0
48,19.63840315769985,4.0
49,19.754870682959034,0.0
