,time,event
0,0.21111890900582134,2.0
1,0.27761812403889324,0.0
2,1.1836838289694072,2.0
3,1.4724399847125513,3.0
4,1.5886189860388642,2.0
5,2.171400602042918,0.0
6,2.1786183642359447,2.0
7,2.617585965390841,0.0
8,3.03991658748841,0.0
9,3.402981566260105,0.0
10,4.109870655424182,4.0
11,4.5749477710067215,4.0
12,4.583930975697546,0.0
13,4.619017631608638,4.0
14,5.250896687912402,2.0
15,6.320098183573687,0.0
16,6.372686195553717,3.0
17,6.457926167894739,4.0
18,6.461471012493509,4.0
19,6.87955358171685,4.0
20,7.910569197632983,0.0
21,7.926008290078441,0.0
22,8.218706814192238,2.0
23,9.685784400000719,2.0
24,9.697399553461032,0.0
25,10.54999103916366,4.0
26,10.732285692720128,3.0
27,12.432441917401256,4.0
28,12.516300225780318,0.0
29,12.702141679171541,2.0
30,12.967986811997388,0.0
31,12.969542780969203,2.0
32,13.056561382819876,0.0
33,13.806832976222735,3.0
34,13.881626566785558,0.0
35,14.105796450004059,2.0
36,14.40725136133635,2.0
37,15.159950410079887,0.0
38,15.682356838870863,0.0
39,15.720903439324594,0.0
40,16.0992203162082,0.0
41,16.429732441390776,0.0
42,16.45176007807745,0.0
43,16.799973681391982,0.0
44,17.15248240675497,3.0
45,17.322761780239745,0.0
46,17.394981184877178,4.0
47,18.59888637603386,0.0
48,19.00951055341804,0.0
49,19.216431629073835,0.0
50,19.702587354219062,0.0
51,19.966559182279127,3.0
