,time,event
0,0.15083559751127967,4.0
1,0.4164897885042107,2.0
2,1.1548868930878302,3.0
3,1.2545543775723158,4.0
4,1.2790772552406384,2.0
5,1.3251746489571514,2.0
6,1.3823340853950565,2.0
7,2.3342956130414985,0.0
8,2.5049501311649274,2.0
9,2.843194545204088,0.0
10,3.3460321856662345,0.0
11,3.4429645182053537,0.0
12,3.4927147833886187,0.0
13,3.890477225021458,0.0
14,4.610186515082012,4.0
15,6.193865302702783,0.0
16,6.507099394373833,4.0
17,6.666787380347884,2.0
18,7.052679272793404,3.0
19,7.071451240447861,2.0
20,7.334645401365211,0.0
21,8.211329033607221,3.0
22,8.62363478613197,4.0
23,8.710024691585975,4.0
24,8.774395812919549,4.0
25,8.851231315898726,3.0
26,8.90782036671211,3.0
27,10.152374373560537,2.0
28,10.404957290335942,0.0
29,10.844796749430893,2.0
30,10.979362935359145,2.0
31,11.697726443990259,0.0
32,11.817179819158197,2.0
33,12.610167436598902,0.0
34,12.783750763258828,0.0
35,13.230430640000472,4.0
36,13.598644562565202,2.0
37,13.688722111327596,4.0
38,13.844875575102261,0.0
39,14.335617913298847,0.0
40,14.530162041307772,4.0
41,14.826976913516825,0.0
42,14.945144122953252,0.0
43,15.351430732793276,2.0
44,15.704233774519741,2.0
45,16.051643707808296,0.0
46,16.186341082359903,0.0
47,16.78452402186142,3.0
48,17.18873074999351,0.0
49,17.490837159426036,4.0
50,17.63146801752301,0.0
51,17.792066222880905,2.0
52,17.82898334749472,3.0
53,18.071459254869982,1.0
54,18.384941396038332,3.0
55,18.64664200606982,0.0
56,18.695618485064227,3.0
57,18.715833371872137,0.0
58,18.75629222428393,4.0
59,18.82844612636865,2.0
60,19.382476998434917,2.0
61,19.55737132887176,0.0
