,time,event
0,0.08034395502797148,3.0
1,0.7780520617452817,4.0
2,0.7826676609416521,3.0
3,0.9120110402936488,3.0
4,1.1662993298157174,0.0
5,1.3636588854288092,0.0
6,2.2515816277829996,3.0
7,2.972896288395396,2.0
8,3.0721290981655045,0.0
9,3.506828497961629,3.0
10,3.7309119159756117,4.0
11,3.978325293878827,2.0
12,4.12369049637085,0.0
13,4.153008096484064,0.0
14,4.230522068435107,2.0
15,5.989187633517462,2.0
16,6.2952564665144894,3.0
17,6.505906425735562,0.0
18,7.046781898659766,2.0
19,7.268255631141002,4.0
20,7.575794973958847,0.0
21,7.912344092905185,0.0
22,8.30815825617734,1.0
23,8.34652075658531,2.0
24,8.90133850741639,0.0
25,9.383238187295422,0.0
26,9.410157776421398,0.0
27,10.487984348179122,2.0
28,10.578197201837058,0.0
29,11.447409444937236,2.0
30,11.55934020748905,2.0
31,11.76482265257078,0.0
32,12.025068410770338,2.0
33,12.484377694230572,3.0
34,13.355846630040697,4.0
35,13.478313501722116,0.0
36,14.21321580023288,3.0
37,14.416597530543486,3.0
38,14.641441439245888,2.0
39,15.240092322349238,0.0
40,15.56953565016312,4.0
41,15.718110748705097,4.0
42,16.008295927631124,2.0
43,16.220558701087857,4.0
44,16.228650827493492,0.0
45,16.508067990207778,0.0
46,16.833322540174784,0.0
47,16.838758802274135,3.0
48,16.992007006248805,0.0
49,17.242843205951132,0.0
50,18.106429027544067,2.0
51,18.373233729826996,0.0
52,18.578373982786896,0.0
53,19.282660446494578,3.0
54,19.39512923153016,2.0
55,19.61067916534185,3.0
56,19.65094413703486,0.0
