,time,event
0,0.12200146137048548,0.0
1,1.3132009254745673,4.0
2,1.7008877997379068,3.0
3,3.0590422996506414,0.0
4,3.179974359841727,4.0
5,3.1821894144250096,3.0
6,3.4323596071307887,3.0
7,4.131244579730878,0.0
8,4.980637129665183,0.0
9,5.939702781431212,2.0
10,6.320649962770057,3.0
11,7.222543534810709,2.0
12,7.320066258603145,0.0
13,7.531785631417693,2.0
14,7.657717706401696,0.0
15,7.663376294681806,0.0
16,7.801710527626201,0.0
17,7.901625533862772,3.0
18,8.21661465621316,0.0
19,8.30659419597782,3.0
20,8.756625836751708,3.0
21,8.992645891054105,4.0
22,9.08075882286462,0.0
23,9.951802994132414,2.0
24,10.029649969855903,3.0
25,10.18302527063892,0.0
26,10.548057577690223,3.0
27,11.356242219063265,2.0
28,11.532449888593876,2.0
29,12.554524222522144,2.0
30,12.833461501132316,3.0
31,14.122495243601909,3.0
32,14.512358238327964,2.0
33,14.700239369889767,0.0
34,14.754286815600993,3.0
35,14.8986640145182,0.0
36,15.278901589842198,0.0
37,15.43090908130226,0.0
38,16.784090709645515,4.0
39,16.794842890062778,4.0
40,17.00400251827782,3.0
41,17.583841217769823,4.0
42,18.72741380782139,2.0
43,18.968571091326066,2.0
44,19.515642677664477,4.0
45,19.873025798533565,1.0
