,time,event
0,0.03365687615278505,1.0
1,0.7510197958011822,1.0
2,1.084080334818555,4.0
3,1.9754282405336296,1.0
4,2.079518976151002,2.0
5,2.0810016705641416,2.0
6,2.142426491811047,4.0
7,2.209572633928792,4.0
8,2.5364778746500938,1.0
9,2.539482926707035,4.0
10,2.635577554434616,1.0
11,2.8600881367261723,4.0
12,3.361734589566346,4.0
13,4.096400904144798,3.0
14,4.60255355633411,3.0
15,4.686410482827357,1.0
16,4.944177847418073,4.0
17,5.1341225164296125,4.0
18,5.947049279933041,1.0
19,6.3944778309120665,1.0
20,6.5387633642540495,3.0
21,6.962247877742595,4.0
22,6.969081228478919,4.0
23,7.132225303919782,1.0
24,8.41728535002364,4.0
25,8.421837336135845,3.0
26,8.707762779001373,0.0
27,8.73526664306694,1.0
28,9.758384633436574,1.0
29,10.759137342719129,2.0
30,11.076372932868422,3.0
31,11.497696018543104,3.0
32,12.047504883880183,1.0
33,12.545533418701867,3.0
34,12.818497320554139,4.0
35,12.880176549331845,3.0
36,12.981232862167277,1.0
37,13.09361719901637,3.0
38,13.540955068147843,1.0
39,13.732804544890032,1.0
40,14.122662374586957,4.0
41,14.383110154193107,3.0
42,14.516833235255033,4.0
43,14.60902743284297,2.0
44,15.006851566365404,2.0
45,15.22405630889581,4.0
46,15.46275512070053,1.0
47,15.535495388709034,3.0
48,15.618817885024486,4.0
49,16.19837806758072,3.0
50,16.619959604572628,4.0
51,16.87494885100172,1.0
52,16.962707535241314,3.0
53,17.325093638737293,1.0
54,17.84014715818771,2.0
55,18.740812684310235,0.0
56,18.742203416768355,4.0
57,19.419767794892273,4.0
58,19.548137038325653,3.0
59,19.60313949837482,4.0
