,time,event
0,0.25469702070808975,1.0
1,0.8235815841298189,4.0
2,2.684662199898116,4.0
3,2.8858407448956074,3.0
4,3.044176297353007,0.0
5,3.4320308896580776,1.0
6,3.8054640301875176,4.0
7,4.855218725662612,3.0
8,4.884382295700946,2.0
9,5.140148017362905,1.0
10,5.472543072208703,3.0
11,5.922906060083656,1.0
12,6.1855480183900635,1.0
13,6.663878393908021,4.0
14,7.760716158028983,2.0
15,9.248692615919738,1.0
16,9.41010608354778,1.0
17,9.540881642480258,3.0
18,9.650344097151267,4.0
19,9.797308476974296,3.0
20,9.946572682659312,1.0
21,10.076009597231371,3.0
22,12.242979326370303,1.0
23,12.40527067927571,4.0
24,13.29198133269266,4.0
25,13.42137457147739,4.0
26,14.163283920190796,1.0
27,14.384519986326865,4.0
28,14.672733887044402,4.0
29,15.609601573353734,1.0
30,15.747683787823735,1.0
31,15.939687108774793,1.0
32,16.423313171121222,3.0
33,17.3663647253561,1.0
34,18.235579570622715,4.0
35,18.830198947649297,4.0
36,18.943342763569277,3.0
37,19.861554634970762,1.0
