,time,event
0,0.16052066502143625,3.0
1,0.333424989981125,3.0
2,2.000227610047105,4.0
3,2.1845481677598055,4.0
4,3.15778148815725,0.0
5,3.578116736179125,4.0
6,3.7948920559708568,0.0
7,4.797078141965834,4.0
8,6.374197582065757,3.0
9,6.822439865780502,2.0
10,7.340343039558928,2.0
11,7.58361879018393,2.0
12,8.095772639068791,2.0
13,8.203743142822406,0.0
14,8.778537814097561,0.0
15,9.04778848222414,4.0
16,9.28293612607335,0.0
17,9.456558783861864,2.0
18,9.88833047329761,0.0
19,10.137376864439048,0.0
20,10.400065101032737,4.0
21,10.401017674481665,3.0
22,10.67826491096388,3.0
23,12.172597923839726,0.0
24,12.176997421464606,0.0
25,12.254895262250896,2.0
26,12.350227791133433,3.0
27,12.643534678366644,0.0
28,13.01347188211601,0.0
29,14.422537428838138,3.0
30,14.488758785342545,4.0
31,15.613741578232183,2.0
32,15.794471588536188,2.0
33,16.313668371682663,0.0
34,16.609767227966007,2.0
35,16.635754870673182,2.0
36,16.660279798293303,4.0
37,17.02194534849162,3.0
38,18.475889891356932,3.0
39,19.353973679082397,3.0
40,19.84726516983509,2.0
