,time,event
0,0.7257309194390129,3.0
1,1.0473472942950923,1.0
2,1.3512791989264563,4.0
3,1.7667942397421368,2.0
4,2.1468444528871777,1.0
5,3.29995586560037,1.0
6,4.077233206635103,4.0
7,4.384236494072164,4.0
8,5.078688968572821,1.0
9,5.187089902547788,4.0
10,5.410620324770962,4.0
11,6.588891115520944,4.0
12,6.979900481477266,3.0
13,7.440741038941165,4.0
14,7.592052163675559,3.0
15,7.603244637726638,3.0
16,8.196876878686346,4.0
17,8.702005717176737,4.0
18,9.71249157593617,1.0
19,9.880502234597962,1.0
20,10.07032645912724,1.0
21,10.698955517521723,4.0
22,10.725087134063637,1.0
23,10.923808988336862,1.0
24,11.274415950417097,4.0
25,11.404662314977847,4.0
26,11.780939115627232,1.0
27,11.786155782220883,4.0
28,12.24100903917639,4.0
29,12.387341875196231,1.0
30,13.904713756859408,3.0
31,13.92175797631275,3.0
32,14.053419595495889,4.0
33,14.311801674782346,1.0
34,15.063185403482958,4.0
35,15.147481443340192,3.0
36,15.383434402181944,1.0
37,15.409693423210044,4.0
38,15.484805815108833,3.0
39,15.589911351323707,3.0
40,16.829122656155754,1.0
41,17.08106582677983,3.0
42,17.201187379658407,3.0
43,17.454372500563267,3.0
44,17.517072010259355,1.0
45,17.750025910610816,1.0
46,17.9392926507602,4.0
47,18.209753969229066,1.0
48,18.52026450779814,1.0
49,18.6669367366616,4.0
