,time,event
0,0.036616057752523086,1.0
1,0.614184628267062,3.0
2,1.9703581857870913,1.0
3,2.753215346516728,1.0
4,3.2309765130265817,1.0
5,3.3991142624395367,4.0
6,3.8287397701162114,4.0
7,4.678633856680985,4.0
8,5.186514688150185,3.0
9,5.373966453565221,4.0
10,6.34655436417573,3.0
11,7.105992075978925,3.0
12,7.346143457333122,4.0
13,7.856911347263418,1.0
14,7.974829172003923,1.0
15,8.102371352849968,4.0
16,8.110046540958333,3.0
17,8.529721663700569,1.0
18,8.702519889051775,4.0
19,8.920344914654684,2.0
20,9.130592957425938,1.0
21,9.179142662045827,3.0
22,11.510235070144939,3.0
23,12.184988000972307,3.0
24,12.547598303530783,3.0
25,12.661512150445871,1.0
26,13.747668935455412,3.0
27,13.947510261159472,2.0
28,14.09656362956671,4.0
29,14.156460220390409,4.0
30,14.363055500214285,1.0
31,14.62584013766828,4.0
32,14.789656324817408,4.0
33,15.055267120312147,3.0
34,15.222391790297884,4.0
35,15.387234596773283,4.0
36,15.69941881820403,4.0
37,15.731573496206847,4.0
38,16.260379256704873,1.0
39,16.5469226610457,1.0
40,17.024064072864878,3.0
41,17.139053177313293,1.0
42,17.82233743634363,3.0
43,18.29277669272564,4.0
44,18.31853618871167,2.0
45,19.170494425907084,3.0
46,19.96493340220777,1.0
