,time,event
0,0.34093598061848146,4.0
1,0.4845718144397755,2.0
2,0.6045168729692701,1.0
3,0.6266471629848536,4.0
4,1.305994607685768,4.0
5,1.7721856748653875,3.0
6,1.8053807917788698,4.0
7,2.6318727100122374,1.0
8,2.767496309461207,1.0
9,3.0589555378364666,4.0
10,3.3098215609640835,4.0
11,3.5394441677131416,4.0
12,3.88634832820759,4.0
13,3.9865285763698353,4.0
14,4.219408039929181,4.0
15,4.9930633273621465,2.0
16,5.084094795081524,3.0
17,5.290011448983853,2.0
18,5.555302005474771,1.0
19,7.366997092430918,1.0
20,7.497242071630806,1.0
21,7.628365179012062,4.0
22,7.769522288198878,4.0
23,7.84013376974826,4.0
24,7.879701137662083,3.0
25,7.894216448218992,4.0
26,7.966034789000747,4.0
27,8.047493895968577,4.0
28,8.076422352438104,2.0
29,8.986664220388384,1.0
30,9.319723315105792,3.0
31,9.38330909606607,3.0
32,9.540603826519284,1.0
33,10.023646534159356,4.0
34,10.041401946547452,1.0
35,10.92261297834643,4.0
36,11.440488227971844,3.0
37,11.825904164383184,2.0
38,12.037011360529277,3.0
39,12.166646671267674,1.0
40,13.147898142663474,2.0
41,13.255888479414214,4.0
42,13.700992935989484,4.0
43,13.9161468270323,4.0
44,14.08336781256863,4.0
45,14.101727281736325,1.0
46,14.528377665361491,1.0
47,14.811149202713743,3.0
48,15.578835738072987,4.0
49,17.44119894777602,3.0
50,17.960479601285815,3.0
51,17.974197901335096,1.0
52,18.029385177651477,4.0
53,18.04198105220412,3.0
54,18.896748257491634,4.0
55,19.300595906306228,1.0
56,19.676031201813704,4.0
57,19.95340289596764,4.0
