,time,event
0,0.005714468651386005,4.0
1,0.17520705310256993,3.0
2,1.3524613672598573,4.0
3,1.8205401476385457,3.0
4,1.9139292244833763,3.0
5,2.467268778694481,3.0
6,3.14378699303313,1.0
7,3.2431576306726604,4.0
8,3.3231244712614005,4.0
9,3.835603052391833,1.0
10,4.246182213820684,4.0
11,4.928187791720298,4.0
12,5.0696203473040455,4.0
13,5.25101623896969,3.0
14,5.320791767258683,4.0
15,5.642037096339224,1.0
16,5.780507914363648,4.0
17,6.658043935756967,1.0
18,6.840607027159121,1.0
19,7.895908514104983,4.0
20,8.260589099919017,3.0
21,8.417749961725495,4.0
22,8.421327164853814,3.0
23,8.656235312273504,3.0
24,9.024604067558434,3.0
25,9.077819076932954,1.0
26,9.535441267460023,1.0
27,9.584287184442722,4.0
28,9.873559935711699,4.0
29,11.146437300864598,4.0
30,11.948012370272737,1.0
31,13.07144220784501,3.0
32,13.447917912606027,1.0
33,13.584890383233702,4.0
34,13.723342240543369,2.0
35,13.809715845590071,1.0
36,13.90635039329681,3.0
37,13.97509422765538,3.0
38,14.120508888177685,1.0
39,14.207853345901032,1.0
40,14.233533479163597,4.0
41,14.558433051070692,1.0
42,14.70094234723097,4.0
43,14.894331515146794,1.0
44,15.75312074147625,1.0
45,16.45591490352401,4.0
46,16.522808911526344,2.0
47,16.619179631633184,1.0
48,16.836760924633275,4.0
49,17.199919900114082,3.0
50,17.3166364099777,3.0
51,17.64845810618034,4.0
52,17.75374929569006,3.0
53,17.95999605614916,4.0
54,18.028313354027688,4.0
55,18.50594114038174,1.0
56,18.530606388721964,1.0
57,18.69348176640506,3.0
58,19.40287800796323,1.0
59,19.41505259814471,4.0
