,time,event
0,0.03843224580138009,2.0
1,0.8050912781799887,0.0
2,1.1620757175528558,0.0
3,1.6321441643201369,2.0
4,1.920427467279466,0.0
5,2.512892743028127,0.0
6,2.7266934038280333,4.0
7,2.9859416332055577,0.0
8,3.278149241828169,0.0
9,3.5355630868843106,0.0
10,4.041194447761396,0.0
11,4.581743142344071,2.0
12,4.744025637736911,0.0
13,4.763284322606373,2.0
14,4.7925034585585,0.0
15,5.3017071387017305,3.0
16,5.710386976186527,4.0
17,6.286761079409967,2.0
18,6.401634907521852,4.0
19,6.683818767200711,4.0
20,6.931528992097032,2.0
21,7.03161591780739,0.0
22,7.427159442693251,0.0
23,7.9774500696451955,0.0
24,8.427443702882801,2.0
25,8.546761490460202,3.0
26,8.559988933532876,3.0
27,9.110622113381302,4.0
28,9.13649980337387,4.0
29,9.39577925663272,4.0
30,9.485985884193488,2.0
31,10.306770438894494,4.0
32,10.335974286816638,0.0
33,10.926666702441327,0.0
34,10.944145346705982,3.0
35,10.957123117619957,1.0
36,11.815911550573986,0.0
37,12.939499776921007,0.0
38,12.948026120382167,2.0
39,13.309921253952488,2.0
40,13.683823054539497,2.0
41,13.843197617672095,2.0
42,14.092305467888922,3.0
43,14.928658326931652,0.0
44,14.946384213760089,3.0
45,15.051223675714514,3.0
46,16.70087876482126,0.0
47,16.995150888367444,0.0
48,17.166498062264804,0.0
49,17.436481090848297,0.0
50,17.731723304277136,0.0
51,17.732750711331146,1.0
52,17.778362394731523,0.0
53,17.850269704028527,2.0
54,17.948077063045012,0.0
55,17.98385043411514,2.0
56,18.299977643764194,0.0
57,18.85395406170113,0.0
58,19.194625398381547,3.0
59,19.39587475945072,1.0
60,19.446847307027618,3.0
