,time,event
0,1.442285626047979,1.0
1,1.9349683154270538,2.0
2,2.38861273564791,1.0
3,3.238271802549765,1.0
4,3.274444196120198,0.0
5,4.100961087081199,2.0
6,4.572924684560784,2.0
7,5.311961426823593,0.0
8,5.604999614781074,1.0
9,5.836055886683369,1.0
10,6.451681386516258,1.0
11,10.83597543665078,1.0
12,11.875830662395881,3.0
13,12.291412619015455,2.0
14,12.608429783146358,0.0
15,12.664216233625268,2.0
16,12.690286644823038,0.0
17,13.157647654815833,1.0
18,13.830236463632636,2.0
19,14.173318073412963,0.0
20,14.3400477067033,0.0
21,14.490659264234813,1.0
22,14.512205650413238,0.0
23,14.564305276232602,0.0
24,14.598165794599963,1.0
25,15.80508741177613,0.0
26,16.110474267909662,1.0
27,16.727674572494323,0.0
28,17.324814816405972,0.0
29,17.898334042574373,0.0
30,21.98204100582076,1.0
31,22.86422930228544,1.0
32,24.24813514323631,2.0
33,24.71975917046934,3.0
34,27.22603313301931,3.0
35,27.82478703490853,2.0
36,28.015145192899585,1.0
37,28.4496758243765,1.0
38,37.165584459287764,0.0
39,37.408825886589135,0.0
40,37.48700896865022,0.0
41,37.94512312827724,3.0
42,38.171294942589626,1.0
43,38.286534346082846,0.0
44,38.29870437468451,2.0
45,38.367787219239645,2.0
46,38.67680681360929,0.0
47,38.76405431702334,1.0
48,38.9247742102262,0.0
49,39.025526507435806,2.0
