,time,event
0,2.3378702850270883,0.0
1,2.649108692215662,2.0
2,2.653571502276975,4.0
3,2.6727986352823443,0.0
4,2.68024347240091,0.0
5,2.737657348039344,0.0
6,2.859179424706561,0.0
7,2.8664737926025503,0.0
8,2.932401993229603,0.0
9,3.0242623210837905,2.0
10,3.3275531122058433,0.0
11,3.349313232291132,0.0
12,3.480812088892418,2.0
13,3.789965397053445,2.0
14,3.9666305506191906,0.0
15,4.077579328856437,0.0
16,4.152882650000481,0.0
17,4.236289410551538,0.0
18,4.433727708708552,0.0
19,4.436429746903016,0.0
20,4.437439966955318,1.0
21,4.568001204821678,0.0
22,4.904302748357686,0.0
23,5.3432790263188155,1.0
24,5.692438642064886,0.0
25,6.284754712683168,0.0
26,6.9114997686178175,0.0
27,7.3189530363873265,0.0
28,7.592870199361939,2.0
29,7.666225007343617,2.0
30,7.732237033174447,0.0
31,7.7469931457419285,0.0
32,7.766232456766855,0.0
33,7.8980312517441265,0.0
34,8.156707866785638,0.0
35,8.25024900104091,0.0
36,8.535573657665287,1.0
37,8.545027940242289,1.0
38,8.705504558944313,0.0
39,8.893329834824431,0.0
40,8.92180563227059,0.0
41,9.533202055797963,0.0
42,9.572736233480326,0.0
43,9.670024469205748,0.0
44,9.760936088978859,0.0
45,9.974699436446155,0.0
46,10.104514322917199,0.0
47,10.2970135436416,1.0
48,10.435881009036802,3.0
49,11.35467247089144,2.0
