,time,event
0,1.3430385577708979,3.0
1,2.7185007192587727,1.0
2,2.8403763983378116,4.0
3,3.2097154682026026,3.0
4,3.4224894177005627,1.0
5,5.117634347747845,3.0
6,5.6619275253573615,0.0
7,6.0953386216507,1.0
8,7.667198283520531,2.0
9,7.686938897705137,0.0
10,7.810765858221847,0.0
11,7.811034200268,3.0
12,7.816721531604929,1.0
13,7.879061861269919,2.0
14,8.198754712823142,0.0
15,8.488113936432667,0.0
16,8.801923608017347,0.0
17,9.473900572222364,0.0
18,9.678370710691107,2.0
19,9.721024988204745,1.0
20,9.8438242779203,0.0
21,10.352690029398717,0.0
22,10.664316615635956,2.0
23,10.744323870065132,1.0
24,10.768049346961547,0.0
25,10.96635758357852,0.0
26,11.56676318946276,4.0
27,11.569318714181824,0.0
28,11.70596888116891,2.0
29,11.822638381787398,0.0
30,11.90197400418311,3.0
31,12.260419413652283,0.0
32,12.595346125052876,0.0
33,12.640912629193553,0.0
34,12.723800100682485,0.0
35,12.759680731138056,2.0
36,12.833161217376343,1.0
37,13.17663994553562,0.0
38,13.196196271369253,2.0
39,13.200836177960442,0.0
40,13.298301998530443,0.0
41,13.30821730210839,0.0
42,13.440235397531131,0.0
43,14.021722405751886,1.0
44,14.186223428636687,0.0
45,14.404452133097012,0.0
46,14.553650779867011,0.0
47,14.68672563819075,0.0
48,14.835206816792482,1.0
49,14.94273254818221,3.0
