,time,event
0,0.24924240894816663,1.0
1,0.42903424024995135,4.0
2,2.5079247266385774,4.0
3,9.301819853010262,4.0
4,9.356374818785358,0.0
5,9.963509363563016,2.0
6,10.074287502825129,2.0
7,10.349705069823987,0.0
8,16.691472108799527,1.0
9,17.379157137491422,0.0
10,18.22190957406354,1.0
11,20.968058238327657,4.0
12,21.326702787877526,2.0
13,21.632458467491844,4.0
14,24.204767107674684,3.0
15,27.198342565324445,3.0
16,28.26611119082863,1.0
17,32.17206597766775,4.0
18,32.532316642640254,2.0
19,32.54149339106276,0.0
20,32.64023430785395,4.0
21,32.67841256195823,0.0
22,32.89279951075993,0.0
23,33.15899231652873,2.0
24,33.672636160659515,0.0
25,33.67642469796171,0.0
26,34.46586797786837,0.0
27,34.627188825680264,2.0
28,35.08860648331141,4.0
29,35.73587741275795,0.0
30,36.26536998143922,4.0
31,37.07016227384908,1.0
32,37.77093928026923,2.0
33,37.962299519909976,0.0
34,38.17647068973541,3.0
35,38.97577307178958,0.0
36,43.132915355202876,4.0
37,43.29950725150906,2.0
38,43.99397787261233,0.0
39,44.12079620382682,2.0
40,44.37336119362299,0.0
41,45.08367414307561,0.0
42,53.90729709140592,2.0
43,54.802175013293976,4.0
44,60.265411595835516,2.0
45,60.35271533562176,4.0
46,60.502630206407794,2.0
47,60.62614022081343,0.0
48,60.660525409395326,0.0
49,60.6938213955992,4.0
