,time,event
0,0.9161806601478919,2.0
1,1.0484425356250566,0.0
2,1.1014262214107082,0.0
3,1.283588110178663,0.0
4,5.053879718652173,2.0
5,5.087566231807847,0.0
6,5.285764740660914,0.0
7,5.294017954080929,3.0
8,5.645768523398543,3.0
9,8.901476917002997,2.0
10,8.964424738803233,0.0
11,9.995958060304678,1.0
12,10.825128409425325,4.0
13,10.944841508001357,0.0
14,11.024086832699743,4.0
15,11.04716536841713,3.0
16,11.110935200290495,0.0
17,11.305962672494429,0.0
18,12.76013083868216,4.0
19,13.108978753646879,2.0
20,13.325538733855577,0.0
21,13.598707949894601,4.0
22,13.77445922458598,4.0
23,13.852825515292897,0.0
24,13.968948701813071,0.0
25,14.487573863701641,2.0
26,14.847239653716413,0.0
27,18.14250262939117,2.0
28,18.364185461222593,3.0
29,18.40569499416654,0.0
30,20.518159513784383,3.0
31,22.61912099625856,2.0
32,25.077543702871882,1.0
33,25.085601218539914,3.0
34,25.617573675474794,2.0
35,26.534844617543037,4.0
36,27.18228688766038,1.0
37,32.32772485499329,4.0
38,32.45686249812804,4.0
39,32.65139057644009,0.0
40,32.65727129447578,0.0
41,34.64872598746626,3.0
42,39.58455993015881,3.0
43,39.70068134015481,0.0
44,40.03220669164692,4.0
45,40.25009484829748,1.0
46,41.16953491497078,4.0
47,41.73021871465173,4.0
48,42.186371882908716,0.0
49,42.34897484730352,2.0
