,time,event
0,0.6052105035474373,3.0
1,2.25369848552257,3.0
2,2.6285832277359233,4.0
3,2.900382582392156,0.0
4,6.78371114878148,4.0
5,6.803112192640838,0.0
6,7.1757269689814365,0.0
7,7.217961453661045,4.0
8,7.242103130242591,0.0
9,7.528324852601333,0.0
10,8.021264100928795,0.0
11,8.03426166651242,1.0
12,8.324725884094141,3.0
13,8.580151690719106,3.0
14,9.461818721184917,4.0
15,9.790218861525206,4.0
16,9.799424830005012,0.0
17,16.8941428873535,3.0
18,17.537250404398794,4.0
19,17.643895650588945,2.0
20,17.91612349146235,0.0
21,18.64123147224017,0.0
22,19.348948576420902,4.0
23,19.678744162915144,2.0
24,19.715567423925915,0.0
25,19.794213530492055,0.0
26,20.140054206424793,1.0
27,20.27255666424424,2.0
28,20.322192841136236,0.0
29,20.355734209322204,3.0
30,20.366154503744713,3.0
31,20.554767776381887,0.0
32,20.797038528135694,2.0
33,20.909425156668537,4.0
34,21.024360172301723,0.0
35,21.21615883249236,0.0
36,21.383862423355712,3.0
37,21.418048681666903,1.0
38,21.505799162238908,0.0
39,21.84717486020604,3.0
40,22.491773915518618,1.0
41,22.521977905493156,3.0
42,22.526622778816034,3.0
43,22.592374773293855,3.0
44,22.663092647542502,1.0
45,22.768242758154543,3.0
46,24.711508627773405,4.0
47,24.788353401642517,0.0
48,25.829682204025907,0.0
49,25.849931484341827,2.0
