,time,event
0,3.884998999060539,1.0
1,4.763535843148136,0.0
2,8.708570675217729,4.0
3,9.28247392051903,0.0
4,9.600982876790578,2.0
5,9.613666318668969,3.0
6,9.7149738964639,0.0
7,10.133201883958506,3.0
8,10.220522501904954,1.0
9,10.307756441988696,0.0
10,10.489599480511968,1.0
11,10.991479909725417,3.0
12,12.009270816471313,2.0
13,12.088988372123346,0.0
14,12.934876591741142,2.0
15,13.021410055810929,0.0
16,15.866988235657141,4.0
17,16.18140122618813,0.0
18,16.368813406655494,0.0
19,17.655736230067667,1.0
20,18.087234466612706,4.0
21,18.105923582482156,4.0
22,18.199271235557934,0.0
23,18.56813429777512,0.0
24,18.735254332996526,4.0
25,18.928419751136374,0.0
26,19.05703955039834,3.0
27,19.200214366137338,0.0
28,21.1197336156056,1.0
29,21.24698311174831,3.0
30,21.310078877837874,3.0
31,21.43938409610828,3.0
32,22.416905211931336,1.0
33,22.444732402308436,3.0
34,23.448266423560966,0.0
35,23.75103614560756,2.0
36,23.791146215060294,0.0
37,24.531406199611993,3.0
38,25.817423698009094,1.0
39,30.10243042594571,2.0
40,30.333934934589365,2.0
41,30.49268025440101,0.0
42,30.53496066408598,3.0
43,30.688734973974505,0.0
44,30.847896956853123,3.0
45,31.00881283056753,0.0
46,32.14016654178064,2.0
47,33.02183458350051,3.0
48,33.05374960107589,0.0
49,33.642967131466804,1.0
