,time,event
0,3.1187959623762733,2.0
1,3.574340568551193,3.0
2,4.060699237921611,3.0
3,4.074410365823963,1.0
4,4.135445816504282,4.0
5,4.204129642025821,4.0
6,4.225133312275894,1.0
7,4.355720115374595,3.0
8,4.452181969058632,1.0
9,4.4791831760068,4.0
10,4.622257759750658,1.0
11,8.30198765079383,2.0
12,8.529284891503586,2.0
13,9.090727719551904,3.0
14,9.329585195913214,3.0
15,9.33213729969414,3.0
16,9.448661373124096,1.0
17,9.449987001762473,1.0
18,9.521099548360667,1.0
19,9.549523724813849,3.0
20,9.700996488762403,1.0
21,9.767471703990399,3.0
22,9.785436845568341,3.0
23,9.897791908873993,1.0
24,9.899805371970471,3.0
25,9.954721595125273,3.0
26,9.977936543981505,3.0
27,10.015988279222139,3.0
28,10.050629023085062,1.0
29,10.242253762665667,3.0
30,10.255494367151009,1.0
31,10.26080164188357,3.0
32,10.274913119554569,3.0
33,10.307452358933933,3.0
34,10.316218049102865,3.0
35,10.329946272408026,1.0
36,10.343453607570678,1.0
37,10.400343631581151,1.0
38,10.407327337737103,1.0
39,10.426308618375458,3.0
40,10.573292530273154,1.0
41,10.630907691703245,1.0
42,10.73348766877705,4.0
43,10.785685097913943,4.0
44,10.930775477011453,1.0
45,10.956568600268437,1.0
46,11.015326642700856,1.0
47,12.79686500855467,3.0
48,12.829523677481276,1.0
49,12.853950731120024,3.0
