,time,event
0,0.33089366669308934,1.0
1,1.5246242714486196,2.0
2,2.528738038501347,0.0
3,2.7726337507625853,1.0
4,3.9962178306645373,1.0
5,9.128792474611776,2.0
6,9.93666097047866,1.0
7,10.054841998560295,2.0
8,10.284330287514422,0.0
9,10.760378691671749,0.0
10,11.02164086011988,3.0
11,12.135651789959155,2.0
12,12.993499024117794,0.0
13,13.125794069358692,1.0
14,13.879777904998797,0.0
15,18.318598187367378,3.0
16,18.48531109897848,2.0
17,18.508697882910415,0.0
18,18.63905125351906,1.0
19,19.566325947986464,1.0
20,19.699456850452584,0.0
21,19.908675620987804,2.0
22,19.94522030015806,0.0
23,20.123973730518966,0.0
24,20.296682605704017,0.0
25,20.31592769076046,0.0
26,20.47712666582511,0.0
27,20.49618845058549,0.0
28,20.518129932714977,0.0
29,20.54174121199503,0.0
30,20.54837023866635,1.0
31,20.911086037013977,0.0
32,21.120383451092597,0.0
33,21.462609931709583,0.0
34,21.535029826909575,1.0
35,21.713747707523787,0.0
36,22.91325435040524,2.0
37,23.266429613469406,0.0
38,23.29135042498381,4.0
39,24.39061494126178,0.0
40,24.851380184460755,0.0
41,25.24657284449992,1.0
42,26.287588482103207,0.0
43,26.43888584592666,0.0
44,26.46631922724957,3.0
45,26.50046289774821,2.0
46,26.945827281769297,0.0
47,26.99288161898236,0.0
48,27.431100724508916,1.0
49,28.43667484115151,0.0
