,time,event
0,0.30604904681054884,2.0
1,0.3413982179544135,0.0
2,0.6805511711496763,0.0
3,0.7145983410774774,4.0
4,0.7753762323641746,0.0
5,0.8255871200973238,0.0
6,0.9605309709890522,0.0
7,1.2211497586137283,0.0
8,1.4299980430067,0.0
9,1.866438421773501,1.0
10,1.9330907519633824,1.0
11,2.1190438307281707,0.0
12,2.2424323886767343,0.0
13,2.4204645217510263,0.0
14,2.81060516561968,1.0
15,2.8612092512669354,0.0
16,2.9591344240816477,0.0
17,3.333792971660148,0.0
18,3.362093026987153,1.0
19,3.463171632616749,0.0
20,3.4804020687443566,0.0
21,5.940154477631553,0.0
22,6.278984705247593,2.0
23,6.309109797782484,1.0
24,6.430975288201645,1.0
25,7.94715095280239,3.0
26,10.124301173160974,2.0
27,10.207218023064224,0.0
28,13.284751859307036,0.0
29,13.624947752539063,1.0
30,14.742774976685343,2.0
31,16.207797359420898,1.0
32,18.504195166040596,1.0
33,22.12966564263072,2.0
34,22.422368103701185,0.0
35,22.534897896136368,0.0
36,22.793329947721613,1.0
37,22.842264114566333,0.0
38,23.008715384556453,1.0
39,23.63231886000944,0.0
40,24.300878720601332,0.0
41,24.354957910390414,0.0
42,24.378592511660695,0.0
43,24.62422402292138,0.0
44,24.792042904846404,0.0
45,25.124107374777594,3.0
46,25.220964436256534,3.0
47,25.61741812344723,1.0
48,25.867021124617363,0.0
49,26.02235715362546,3.0
