,time,event
0,1.1564719352438808,3.0
1,1.59424134965371,3.0
2,1.992705240744315,0.0
3,2.1012303998575663,3.0
4,2.480097975722264,1.0
5,2.685238210144608,1.0
6,2.7103695940978665,4.0
7,3.547288963133369,2.0
8,3.8108421611671934,1.0
9,3.901947856519493,4.0
10,4.327351031107939,3.0
11,4.494677340247566,3.0
12,5.01676618251029,0.0
13,5.364300070000979,0.0
14,5.531673686445693,3.0
15,5.559764191641783,2.0
16,6.162506352248536,3.0
17,6.197638354479196,0.0
18,6.71447878511004,2.0
19,7.42992612452313,4.0
20,7.488794727112647,0.0
21,7.702959758962188,3.0
22,8.421943541459267,4.0
23,8.599798123431448,4.0
24,8.871591217085752,3.0
25,9.556627473403116,2.0
26,9.95911403422091,3.0
27,10.871143519212783,0.0
28,11.022355909222703,4.0
29,11.076306057747548,2.0
30,11.440919202721782,2.0
31,11.645060124292467,0.0
32,11.77495631988544,0.0
33,12.869483768577116,0.0
34,12.935784933646232,3.0
35,13.031658989105694,2.0
36,13.211223513604788,4.0
37,13.490460738692155,0.0
38,13.5375135685377,1.0
39,13.610002361946126,3.0
40,13.620802010258807,2.0
41,15.28685422081415,1.0
42,15.662398321187446,3.0
43,15.801065548895174,3.0
44,15.892349355318967,3.0
45,16.842234216973907,3.0
46,16.944417883610047,0.0
47,17.2729915707205,4.0
48,17.289957956196933,0.0
49,17.528776186366446,4.0
50,17.658338145592683,3.0
51,17.807353128690888,4.0
52,18.00362514599074,0.0
53,18.011929653278,2.0
54,18.177899547669902,2.0
55,18.45392955723902,2.0
56,18.526100068489633,0.0
57,18.928134504320116,2.0
58,19.06819554803322,0.0
59,19.537280064823868,4.0
60,19.572433722684927,0.0
61,19.754764296959447,2.0
