,time,event
0,0.5659242568931498,3.0
1,0.8250385885643101,1.0
2,0.9308689638623203,2.0
3,1.2201458527161855,1.0
4,1.6073926076915672,4.0
5,1.7021769421055648,4.0
6,2.1765408856370034,0.0
7,2.3156902730615916,3.0
8,2.5612182215760297,4.0
9,2.979486802705266,4.0
10,3.6270194913604556,4.0
11,3.7590146071588904,0.0
12,3.820150716176346,4.0
13,4.246476874459405,0.0
14,4.966865654152118,4.0
15,5.172815067850676,4.0
16,5.357534857649973,0.0
17,5.365835822743922,3.0
18,5.542770877922432,3.0
19,5.751974011255665,0.0
20,5.825684125747448,4.0
21,5.939576997223573,3.0
22,6.131771406769755,4.0
23,6.27660786753438,4.0
24,6.282121144555087,0.0
25,6.429586343541995,3.0
26,6.82415816365335,1.0
27,7.204744135517473,0.0
28,7.937253342554559,4.0
29,8.029990311181448,1.0
30,9.374441542645773,2.0
31,10.96746707140745,4.0
32,11.054417222789091,1.0
33,11.363051186688741,4.0
34,12.199470843711817,0.0
35,12.246424125153787,0.0
36,12.28372982488654,0.0
37,12.866731936846131,0.0
38,12.899362652686944,4.0
39,13.123143901066594,4.0
40,13.247972668185994,1.0
41,13.419937001043001,0.0
42,13.682782234428839,4.0
43,13.849417709321328,4.0
44,14.198469127810238,1.0
45,14.282968463608757,0.0
46,14.55546971969712,0.0
47,14.664851902531527,0.0
48,14.86737683182246,1.0
49,15.105409028956457,4.0
50,16.141788265191376,1.0
51,16.443140865727667,4.0
52,16.939096457294486,0.0
53,16.948787742157748,0.0
54,17.39378099145323,0.0
55,17.692967330671163,0.0
56,17.762052566433276,4.0
57,17.97895779276132,4.0
58,18.1698720045833,4.0
59,18.74967004843626,3.0
60,19.363048546751077,3.0
61,19.71484750599121,0.0
