,time,event
0,0.36204469219573643,0.0
1,0.6892628157365601,4.0
2,1.0106942327926296,3.0
3,1.35462211794471,3.0
4,1.5841325404632298,0.0
5,1.595642550911809,4.0
6,2.4993404373562442,2.0
7,2.5305681818249983,0.0
8,2.6761895116930456,4.0
9,3.8069620832555704,4.0
10,4.052190330576426,0.0
11,4.226760829366873,2.0
12,4.567793534509082,1.0
13,4.693368861882295,4.0
14,5.008675666417124,0.0
15,5.336853665540838,4.0
16,5.741002635607722,1.0
17,5.807114986418308,3.0
18,6.121953063960015,4.0
19,6.375070642360438,4.0
20,7.670297919676909,4.0
21,7.818359352727508,2.0
22,8.043793296953854,3.0
23,8.122119605738046,0.0
24,8.753475380271167,0.0
25,8.799939778903479,3.0
26,9.422899903408442,0.0
27,9.876401776619153,0.0
28,9.945637199260226,3.0
29,10.363025653694022,4.0
30,10.433526871292752,1.0
31,10.461170643960088,1.0
32,10.617822499564063,4.0
33,11.157906488254955,4.0
34,11.564890743543218,4.0
35,12.568336966289106,1.0
36,13.103826463307735,0.0
37,13.235197205113469,1.0
38,13.723264756831671,4.0
39,13.997284725101157,4.0
40,16.262374868644525,4.0
41,16.64213943189231,0.0
42,16.797922191356037,0.0
43,17.370207979925304,2.0
44,18.453847786970474,4.0
45,18.55102315047195,0.0
46,18.7012687708098,0.0
47,18.75175261519261,4.0
48,19.113040059689524,4.0
49,19.451491689563188,0.0
50,19.62267666376262,0.0
51,19.984416316683372,1.0
