,time,event
0,0.22763631508687387,4.0
1,0.2829738493327434,0.0
2,0.8442620002052765,2.0
3,0.8771575153448787,0.0
4,1.0251253636189117,2.0
5,1.3797309286211799,0.0
6,2.1759169937457328,4.0
7,2.7714450626686657,1.0
8,3.0209282687703873,4.0
9,3.170462788786674,1.0
10,3.3676394498898032,0.0
11,3.5115916109907896,3.0
12,3.941965870181481,0.0
13,4.476217034249077,0.0
14,4.924539654720369,4.0
15,5.096133490238922,0.0
16,5.143715766310923,3.0
17,5.316191688005171,4.0
18,5.5835047318857915,4.0
19,6.498227251541039,2.0
20,6.9418483807526306,2.0
21,7.100375457920028,0.0
22,7.568328891645078,1.0
23,7.6294081649092345,3.0
24,7.947937281483593,4.0
25,8.057339762606633,3.0
26,8.833278113399222,2.0
27,8.896840313227358,2.0
28,9.281391464706239,2.0
29,9.361052304996125,3.0
30,9.874274908201905,2.0
31,9.880626487870382,3.0
32,9.942608477469141,3.0
33,10.166105180792362,2.0
34,10.183426448720244,0.0
35,12.406396086852427,0.0
36,12.626654012339186,3.0
37,13.079676147833013,0.0
38,13.209354326587565,2.0
39,13.401312549416492,4.0
40,13.53970230035373,4.0
41,13.544430318088452,3.0
42,13.60759172466203,2.0
43,13.677994182269181,1.0
44,13.82157962491147,2.0
45,14.518066328946471,0.0
46,14.598832700987769,4.0
47,14.62877207686157,0.0
48,14.808878628701173,1.0
49,14.903856320783596,0.0
50,14.945030902653023,3.0
51,15.295788581614463,1.0
52,15.77214023979471,4.0
53,16.088080726389663,0.0
54,16.313103095763765,2.0
55,16.3923257568171,3.0
56,16.7388725471871,4.0
57,17.058537366030524,2.0
58,17.676582100860998,0.0
59,18.64100919238044,3.0
60,18.780618007024827,4.0
61,19.573704167202745,2.0
