,time,event
0,0.1489294099301676,3.0
1,0.5148259906389427,2.0
2,0.7996763148941263,3.0
3,0.8602225443393421,2.0
4,1.028430687228857,4.0
5,1.342261396353325,0.0
6,1.3507061788303232,1.0
7,1.7048317693110522,2.0
8,1.7328634526736304,0.0
9,2.043609213338601,2.0
10,2.40500958668763,0.0
11,2.953398772373697,1.0
12,3.3653448118289035,1.0
13,3.9314125709014314,0.0
14,4.651250773259526,0.0
15,4.913968321163621,0.0
16,5.6664495408768545,2.0
17,5.893858066617705,3.0
18,6.134053226627686,0.0
19,6.250416434762135,1.0
20,6.489068595459525,3.0
21,6.668260082840746,4.0
22,7.908467529098033,3.0
23,7.9664275105794005,3.0
24,8.15159774137827,3.0
25,8.381818451490194,2.0
26,8.40286646622335,1.0
27,8.590764053069817,3.0
28,8.925176249148546,4.0
29,9.064972013821205,2.0
30,9.277037001909783,3.0
31,9.574722243538107,1.0
32,9.642445407620965,4.0
33,9.650764076347668,4.0
34,9.774521108461188,1.0
35,9.912941496416936,4.0
36,9.966986650908211,4.0
37,10.352918911526656,2.0
38,11.019098282544277,0.0
39,11.425862471428015,3.0
40,12.012450607097668,2.0
41,12.359997331661914,0.0
42,12.379695227326376,3.0
43,12.57625956005604,4.0
44,12.684144836571976,2.0
45,12.924279063875963,2.0
46,13.061432935033892,4.0
47,13.244893490241417,0.0
48,13.344622819335978,0.0
49,13.889164810524246,4.0
50,14.229972963608397,2.0
51,14.687864144630396,3.0
52,15.404217723253774,2.0
53,15.684386297462515,0.0
54,15.685041202011815,1.0
55,15.729631968232816,0.0
56,16.292875277781437,0.0
57,16.668473128720613,4.0
58,17.5638034724056,4.0
59,18.422932081420733,1.0
60,18.943701509049472,0.0
61,19.249543483942155,2.0
62,19.3824398876307,3.0
63,19.77813182455741,2.0
64,19.95255065760854,0.0
