,time,event
0,0.01446485987528744,0.0
1,0.07541381170447257,1.0
2,0.11237152232717551,0.0
3,0.34447989483956315,0.0
4,0.5398386554903349,1.0
5,0.7129786523413418,0.0
6,1.0793366918574883,0.0
7,1.2828411210475776,0.0
8,1.4058034310426015,0.0
9,2.7716609414133844,2.0
10,2.7986053764466976,2.0
11,2.823404094684325,2.0
12,3.3473617093864916,3.0
13,3.504765458826405,4.0
14,3.9332028797132255,0.0
15,4.044092242558209,1.0
16,4.096248872187204,1.0
17,4.531498551792054,0.0
18,5.326322580918336,0.0
19,5.604283888596981,1.0
20,5.988896268036214,4.0
21,6.222596480597099,0.0
22,6.467997351383504,2.0
23,6.697926549826657,0.0
24,8.09001230934718,2.0
25,8.993004196094095,3.0
26,9.302487502320265,4.0
27,9.404114608747442,4.0
28,9.571883886466631,0.0
29,9.597349871354442,4.0
30,9.898805351539878,3.0
31,10.055711765019032,1.0
32,10.26998005503508,3.0
33,10.324862114309596,3.0
34,10.446342043046254,1.0
35,10.49300322517386,1.0
36,11.118164762720616,0.0
37,11.134770373031712,1.0
38,11.412647444136706,2.0
39,12.428938963751326,1.0
40,12.51181044555266,3.0
41,12.733810558397835,0.0
42,12.776708341159251,2.0
43,12.890009976349432,4.0
44,13.15223919708682,0.0
45,13.33284074140821,4.0
46,13.401271967910743,0.0
47,13.60982980617711,2.0
48,14.012822670353268,0.0
49,14.226355847411279,2.0
50,14.443621686626022,0.0
51,14.794335937506329,0.0
52,14.860476812853115,3.0
53,14.93242362930709,1.0
54,15.032330181891748,2.0
55,15.16146136533036,0.0
56,15.764043341494,1.0
57,15.837942948026527,2.0
58,16.096786352009044,0.0
59,16.56876647477369,3.0
60,17.138441027911256,3.0
61,17.19861204141911,4.0
62,17.22150775944053,4.0
63,17.570306844989897,0.0
64,17.76845307516894,0.0
65,17.954599578205766,0.0
66,18.759894019031098,4.0
67,18.945924078748067,1.0
68,19.044416878001922,4.0
69,19.272865605045215,4.0
70,19.583605538614734,3.0
71,19.681058607649348,4.0
