,time,event
0,0.07292791652613966,4.0
1,0.0950634568828433,2.0
2,1.060022131393864,0.0
3,1.2068687812210774,4.0
4,2.0289761145030063,1.0
5,2.4461418374361346,3.0
6,2.719736622556667,1.0
7,2.7382821451497006,0.0
8,3.0133378947244704,1.0
9,3.0815866116114443,4.0
10,3.353453012372219,1.0
11,4.053119906349105,3.0
12,4.346470752072764,1.0
13,4.487735508235355,3.0
14,5.206773715737168,1.0
15,5.337336039029137,4.0
16,5.466614681258407,4.0
17,5.513291765841075,4.0
18,5.588189559841857,1.0
19,5.839930003018657,1.0
20,6.088728178795715,2.0
21,6.450741366233394,2.0
22,6.456656356536635,2.0
23,6.536112967685686,2.0
24,6.922335231779611,2.0
25,7.814971805693379,0.0
26,8.575065345661697,0.0
27,9.184718381969226,0.0
28,9.437529131951889,2.0
29,9.945249065410001,4.0
30,10.370365463024362,0.0
31,10.781639661799584,0.0
32,10.860554197209972,3.0
33,10.88718809013722,2.0
34,11.208977145804607,0.0
35,11.691960221070962,0.0
36,11.80547024428384,1.0
37,11.851147945430588,4.0
38,12.02545046097349,0.0
39,13.505313611404837,1.0
40,13.77507824193939,2.0
41,13.97734012578092,0.0
42,14.370247549886992,2.0
43,14.398321041688343,2.0
44,14.46888829485548,2.0
45,14.787996327365953,2.0
46,14.91606362853561,2.0
47,14.968003827322466,4.0
48,15.195451941068603,2.0
49,15.788640347433116,3.0
50,15.942912708496847,1.0
51,16.100113416162436,1.0
52,16.270373561515207,3.0
53,16.342941763260534,0.0
54,16.524815261922495,4.0
55,17.200474288715558,0.0
56,17.295022914206044,4.0
57,17.36637692218512,0.0
58,17.515725025372426,0.0
59,18.11223603913177,2.0
60,18.22817788111394,3.0
61,18.70013832568395,2.0
62,19.31813117706904,4.0
63,19.996024902368834,0.0
