,time,event
0,0.5587466427650658,4.0
1,0.8992546897009737,3.0
2,1.2727627873260179,0.0
3,1.4349804242647881,4.0
4,1.7330896995826839,1.0
5,2.1618289776204334,0.0
6,2.200793197252244,4.0
7,2.2550836627630413,1.0
8,2.287851757572954,3.0
9,2.66242173270134,2.0
10,2.6757321837610766,1.0
11,2.99054780670678,4.0
12,3.4827803843301086,2.0
13,3.9034677599852237,4.0
14,4.010222415827083,0.0
15,4.199902474907313,3.0
16,4.366763318159829,0.0
17,4.51338814840173,1.0
18,4.834437986133134,2.0
19,5.410972506128477,2.0
20,5.460763954798178,4.0
21,5.872758974845332,2.0
22,6.1328923035428895,2.0
23,6.364595894808547,4.0
24,6.390540619374743,4.0
25,7.471218086013411,0.0
26,8.466922092783731,1.0
27,8.620422889974781,0.0
28,8.626161340639568,2.0
29,8.836480553401808,0.0
30,9.014227211493589,4.0
31,9.298875830271651,4.0
32,9.558257871224878,0.0
33,9.735762512318276,2.0
34,9.94921723708658,2.0
35,10.808567336164826,0.0
36,10.92333773110095,2.0
37,11.847628642200274,1.0
38,12.376861815166832,2.0
39,12.82897940599128,3.0
40,12.872000204169492,2.0
41,13.321305398419506,2.0
42,13.504842338942169,2.0
43,15.968228390191683,0.0
44,16.033678322155076,4.0
45,16.047688686570247,0.0
46,16.113543422254004,4.0
47,16.441397205138873,0.0
48,16.767665034281936,2.0
49,17.058374639675694,0.0
50,17.298017592060006,1.0
51,17.44170448513969,2.0
52,18.056760852027136,3.0
53,18.104183387502555,2.0
54,18.17339162664,3.0
55,18.299244557860707,3.0
56,18.299960410900148,3.0
57,18.356453102952113,4.0
58,18.63536842052388,1.0
59,19.39856441775286,2.0
60,19.451176535950545,0.0
61,19.677521036927597,0.0
