,time,event
0,0.51498106051097,4.0
1,0.6987332130136463,0.0
2,1.2832002867027605,3.0
3,3.281844995652028,0.0
4,3.8814482106986667,0.0
5,4.638113736241323,4.0
6,4.830674202311935,3.0
7,4.889331782388161,0.0
8,4.904459555268761,0.0
9,5.374898182911653,0.0
10,5.761038898231339,2.0
11,5.923233883430649,4.0
12,5.958645310419265,0.0
13,5.998951394163152,0.0
14,6.428853495642154,0.0
15,6.503693949278352,0.0
16,7.0788395937970545,3.0
17,7.1040307016609106,0.0
18,7.742611476058113,0.0
19,7.745311342250217,1.0
20,7.858783677897643,0.0
21,7.957343491893374,1.0
22,8.365770881282073,4.0
23,8.4431277322909,0.0
24,8.569042160991078,4.0
25,9.60756465535562,2.0
26,9.86757182462802,4.0
27,10.265295618955045,1.0
28,10.35776093693973,1.0
29,11.192662604229943,1.0
30,11.761974543887748,0.0
31,12.002036325919091,3.0
32,12.140173369887801,2.0
33,13.117802069097138,0.0
34,13.558304237938028,0.0
35,14.07400415238502,0.0
36,15.097679482748248,3.0
37,15.12485639624905,2.0
38,15.36003938485514,0.0
39,15.632154770548004,3.0
40,15.8903001714575,1.0
41,16.125612577068683,1.0
42,16.598339262978115,0.0
43,17.984435735184295,3.0
44,18.013980565464948,0.0
45,18.10503184434221,0.0
46,18.173061632806416,1.0
47,18.234209467702414,0.0
48,18.815931034400627,2.0
49,18.837829520653028,0.0
50,18.84219183518514,0.0
51,18.969746184826413,3.0
52,18.9897037472945,3.0
53,19.157810118783733,0.0
54,19.261105211712348,4.0
55,19.651180228327238,0.0
