,time,event
0,0.7802725285891668,0.0
1,1.232805741708587,1.0
2,1.5701490801236515,4.0
3,1.751160169025653,1.0
4,2.5589720848842368,0.0
5,3.446893140598838,4.0
6,3.7539927205112824,4.0
7,4.195423549887346,4.0
8,5.023219394241792,1.0
9,5.259820503440285,0.0
10,6.100782284165462,4.0
11,6.219137971832357,0.0
12,6.258795171627494,1.0
13,7.3968294400796175,0.0
14,7.901565365660129,1.0
15,9.417251892384899,3.0
16,9.492553641513972,1.0
17,9.582850305224659,4.0
18,9.89645638399717,0.0
19,9.98768464049298,0.0
20,11.143631640603049,1.0
21,11.553867409318496,0.0
22,12.57862089654601,1.0
23,12.596652750334936,0.0
24,12.753043725941634,0.0
25,13.205654861668283,2.0
26,13.463239063664172,4.0
27,13.766133775980155,4.0
28,13.921048522197005,4.0
29,14.192484404883494,0.0
30,14.951412069920025,4.0
31,15.872248057941441,0.0
32,16.191032416162805,1.0
33,16.208023023234645,1.0
34,17.003193473795523,1.0
35,17.41538625890487,0.0
36,17.492054267399492,1.0
37,18.293430793577194,0.0
38,18.370065535274954,2.0
39,18.674081374059387,0.0
40,19.066347459237505,0.0
41,19.08664518715649,4.0
42,19.434248719910283,3.0
