,time,event
0,0.5638279824727573,0.0
1,0.9465925166369316,4.0
2,2.076233309766347,0.0
3,2.270370838584523,0.0
4,2.2829301553165884,1.0
5,2.690707314630491,3.0
6,4.233452259246174,0.0
7,4.453120771469783,0.0
8,4.486800756383294,1.0
9,7.12818915530071,3.0
10,7.17621827486813,0.0
11,7.326859809507915,0.0
12,7.901550276811962,1.0
13,8.811474236029662,0.0
14,8.914192105046434,4.0
15,9.136645296222232,0.0
16,9.335152554001763,3.0
17,9.442798759837451,4.0
18,9.490408930867073,1.0
19,9.594270583563018,1.0
20,9.709530558792931,4.0
21,9.80672833809228,4.0
22,10.6149323754958,4.0
23,10.636707828093677,3.0
24,10.931216398531904,0.0
25,11.472840008610618,3.0
26,12.148739136918687,1.0
27,13.031696162971121,0.0
28,13.598984725636953,0.0
29,14.712762509775004,4.0
30,15.266772183529582,4.0
31,15.375249867265804,0.0
32,15.805979182716793,1.0
33,15.986457181807829,4.0
34,16.252919198452783,0.0
35,16.52515575678037,0.0
36,16.58812999718104,0.0
37,17.26062530987839,1.0
38,17.284897443191447,3.0
39,17.532070561020237,0.0
40,18.121523397578944,4.0
41,19.461459187464417,4.0
