,time,event
0,1.1412083699854905,0.0
1,1.4341955409474407,1.0
2,1.7073591788059181,1.0
3,1.749181234073865,1.0
4,1.9989763115215975,4.0
5,2.215983845780216,0.0
6,2.2351199922005858,4.0
7,3.8061965535172524,0.0
8,3.844250840063092,0.0
9,4.0791414721904715,1.0
10,4.526006017482727,1.0
11,4.607609282328775,3.0
12,4.677019050588913,4.0
13,4.755868917317987,3.0
14,4.958157692317147,4.0
15,5.0070973927587925,4.0
16,6.547952311688533,4.0
17,6.792373171874994,4.0
18,6.931281583096428,1.0
19,8.887744461025985,3.0
20,8.952675933118652,1.0
21,9.495785874318067,4.0
22,9.742211343584257,4.0
23,10.829850252672797,4.0
24,11.03469070463105,1.0
25,11.529251185209514,1.0
26,11.533990463841517,0.0
27,11.963531124174713,1.0
28,12.031928500619408,0.0
29,12.400720298945405,0.0
30,12.443914012443212,4.0
31,12.806370172775228,1.0
32,13.127997303322553,1.0
33,13.219957968273407,0.0
34,15.110677903969545,4.0
35,15.494860800753465,0.0
36,15.536294519236248,0.0
37,15.57369505157336,1.0
38,15.65432559719894,3.0
39,15.659347415153503,4.0
40,15.721910004813191,1.0
41,16.451055285040713,1.0
42,16.50709080045195,4.0
43,16.58904934804371,1.0
44,16.933182051850256,0.0
45,17.65161106615156,1.0
46,18.250039755685023,0.0
47,18.330015301607897,3.0
48,18.47810320523701,4.0
49,18.625196480364252,0.0
50,18.754330949321133,1.0
51,18.916234397137142,0.0
52,19.668165914493517,4.0
53,19.728433251788918,3.0
54,19.729582037894534,0.0
55,19.79019352430856,0.0
