,time,event
0,1.1101278217331347,4.0
1,2.075883339013627,0.0
2,2.5996761209193773,4.0
3,2.9717160774281086,4.0
4,3.1943361200565557,4.0
5,3.8907100961854972,0.0
6,4.706935699426925,4.0
7,5.47064446565168,4.0
8,5.631004024501839,4.0
9,5.723965156895667,4.0
10,6.974695166641814,0.0
11,7.307971165242618,1.0
12,8.276292268333467,4.0
13,8.326509905473086,0.0
14,8.856122436317948,0.0
15,8.975401558120172,0.0
16,9.13191994232959,0.0
17,9.15299435052023,4.0
18,9.630345753993625,1.0
19,9.706224140777081,0.0
20,10.20096302316187,1.0
21,10.949869717443724,2.0
22,11.32926879144534,1.0
23,11.40107625356456,4.0
24,11.92583389887015,1.0
25,12.606757903321544,4.0
26,12.622575283837135,1.0
27,13.574438012480218,0.0
28,14.443613207590127,1.0
29,14.465139197971716,4.0
30,14.496648361800549,3.0
31,16.281629490263782,0.0
32,16.310711714051973,3.0
33,16.47865380058659,0.0
34,16.85217636632303,4.0
35,16.9280963710398,4.0
36,17.042311611007158,2.0
37,17.05617447898271,0.0
38,17.400780703745845,4.0
39,17.548500636361975,0.0
40,17.75150225496327,1.0
41,18.83509749216161,4.0
42,18.924742373496606,0.0
43,19.10297718373504,1.0
44,19.94697845568334,0.0
45,19.97892245342071,0.0
