,time,event
0,0.109304861050482,4.0
1,0.17682965121610045,4.0
2,0.2274894810561009,1.0
3,0.3672475247688244,1.0
4,1.340365092054707,1.0
5,1.3676617145609635,0.0
6,1.782209119678892,0.0
7,2.115704744162224,1.0
8,2.2797249925801695,3.0
9,2.602472937655341,4.0
10,2.6904017884625158,4.0
11,2.950408889623928,0.0
12,4.3058534726080175,4.0
13,4.386776879230014,0.0
14,4.412644924954671,1.0
15,4.667574453738976,4.0
16,5.17663861181378,4.0
17,5.447032578087343,4.0
18,5.549101661751373,4.0
19,5.8178673038057465,1.0
20,6.369230492078868,0.0
21,6.876633448260908,0.0
22,7.06076371165658,4.0
23,7.374142110211173,0.0
24,7.906504117229082,4.0
25,8.779582282507906,1.0
26,8.934133753655496,3.0
27,10.074307765712796,0.0
28,10.571297150291645,1.0
29,11.434845731715047,0.0
30,11.629285035392492,3.0
31,12.35865005575766,4.0
32,12.632130009295539,1.0
33,13.033048730282244,4.0
34,13.115918612131889,4.0
35,14.22260890685166,0.0
36,14.317139554971636,1.0
37,14.746510057686057,4.0
38,15.528079829023843,0.0
39,15.795688311648755,1.0
40,16.24474969292546,0.0
41,16.373960714887453,4.0
42,17.291069031681477,4.0
43,18.955953283190777,0.0
