,time,event
0,1.2483105517005013,0.0
1,1.9051213585757685,3.0
2,2.2047566216946217,4.0
3,2.5586398405434547,4.0
4,3.5970635531046646,1.0
5,5.685573160915932,4.0
6,5.975428761336094,1.0
7,6.252741114513959,0.0
8,7.571595084607872,3.0
9,9.00064878948502,3.0
10,9.385731925069118,4.0
11,9.418157336537643,4.0
12,9.793174830876024,0.0
13,10.732880888665926,4.0
14,11.831471818719173,1.0
15,11.851462005032035,0.0
16,11.870775788270002,4.0
17,12.547537119530475,0.0
18,13.558789619784365,4.0
19,13.67260303124626,1.0
20,14.024527407366934,3.0
21,14.957477268223766,4.0
22,15.551826405783983,4.0
23,15.91393228451572,4.0
24,16.699257898223998,4.0
25,17.624508177919772,1.0
26,18.150334497810483,4.0
27,18.218506815002765,0.0
28,18.326657222407793,0.0
29,18.420988752099042,4.0
30,18.551384616575664,1.0
31,18.767540436334386,0.0
32,18.991839639193874,3.0
33,19.156035938167513,1.0
34,19.428621696220205,1.0
