,time,event
0,0.10510620338859324,0.0
1,0.7554762583151319,1.0
2,1.2759423243459735,0.0
3,2.346904203836835,4.0
4,2.6040321588371182,0.0
5,3.9700173996140276,0.0
6,4.10065845643898,0.0
7,5.058373030419481,4.0
8,5.299612985645728,1.0
9,5.408590867071355,4.0
10,5.9755699709460774,4.0
11,6.098548369265017,3.0
12,6.537369800527729,1.0
13,6.943032248445845,4.0
14,7.539963443720019,1.0
15,7.812548578550683,3.0
16,7.818158087853449,1.0
17,7.8997562514082,0.0
18,7.948432993614797,0.0
19,8.468926984274159,0.0
20,8.538718357679725,0.0
21,9.861695663108938,0.0
22,9.953257645029495,1.0
23,10.65076914928146,4.0
24,11.016082247130544,4.0
25,11.213422341243003,0.0
26,11.360589210915121,1.0
27,11.987867251076413,0.0
28,12.547198573002692,0.0
29,12.5964546800245,0.0
30,12.666752170147053,4.0
31,12.93192817611705,0.0
32,12.999159273618698,0.0
33,13.25099410085018,4.0
34,13.792707306286474,1.0
35,14.071462111984191,0.0
36,14.780374835379922,4.0
37,15.276581619031889,1.0
38,15.298284244625211,1.0
39,15.497174286796252,0.0
40,15.49765595324844,1.0
41,15.519604111590443,1.0
42,15.540878300132807,1.0
43,16.762415397342924,1.0
44,17.393490577059772,4.0
45,17.88054705296313,1.0
46,18.414579321426988,4.0
47,18.45431016243461,0.0
48,19.13874364208313,0.0
49,19.620854759823246,1.0
50,19.74698955379875,4.0
