,time,event
0,0.32643864650455107,1.0
1,0.5888405225633538,4.0
2,0.9103895222616516,0.0
3,0.9726831437851625,0.0
4,1.04251354512161,1.0
5,1.71553924766623,1.0
6,2.1927651236684653,0.0
7,3.743142136277772,0.0
8,3.9058868565745803,4.0
9,3.994315651877606,0.0
10,4.036432372896789,4.0
11,4.588762596283782,3.0
12,4.755382145929937,4.0
13,5.795887452134053,3.0
14,5.968440093131922,1.0
15,6.520692451268511,4.0
16,6.666089616687848,0.0
17,6.948170352525272,0.0
18,7.248682418488191,4.0
19,9.26875537628521,1.0
20,9.963113358868178,0.0
21,10.508788535834459,4.0
22,10.757412285232427,3.0
23,10.786646469276798,1.0
24,10.973796596637404,4.0
25,11.047632957951379,1.0
26,11.06300755181842,4.0
27,11.099385272570373,2.0
28,11.100982084900588,1.0
29,11.520561931179996,0.0
30,12.658030104827136,0.0
31,12.830677673610255,0.0
32,14.007673479966348,4.0
33,14.680023661972616,0.0
34,14.889566698258069,1.0
35,15.871273750802612,3.0
36,17.882569280629053,0.0
37,18.158319224032553,0.0
38,18.204552839103247,1.0
39,18.388583249894783,0.0
40,18.630845601607078,4.0
41,18.82186303267557,0.0
42,18.841616347006035,0.0
43,18.842425192418393,1.0
44,18.877359305812746,4.0
45,18.95488280900797,4.0
46,19.74181473758507,0.0
47,19.875583254848287,4.0
