,time,event
0,0.38796680807282385,4.0
1,1.1792985197577481,4.0
2,1.3221327266391625,4.0
3,2.0479111130396537,1.0
4,2.171413189879605,4.0
5,3.4029563594844623,4.0
6,3.618760015480005,4.0
7,3.711178632371588,0.0
8,3.757603854846749,1.0
9,3.8325267301450667,0.0
10,4.042206323590739,3.0
11,4.262880572490007,4.0
12,4.436019896786275,4.0
13,4.659441515905043,1.0
14,4.9224035090842175,0.0
15,5.462872424359783,0.0
16,5.47318991849639,4.0
17,6.576201453364451,0.0
18,6.662137577103618,4.0
19,7.003333326907845,0.0
20,7.37324862318143,1.0
21,9.047609238141558,3.0
22,10.200251120558196,1.0
23,10.805435245820489,1.0
24,11.396880874691128,4.0
25,12.875825475131371,0.0
26,13.124540350060542,4.0
27,14.017554547381804,4.0
28,14.229282276194452,1.0
29,14.423136451375637,4.0
30,15.167351862617073,0.0
31,15.707987340837887,1.0
32,15.739811345446533,4.0
33,16.11968598200077,4.0
34,16.244855556585346,4.0
35,16.63669640139626,0.0
36,16.77830395462893,0.0
37,18.138960748253492,3.0
38,19.903533190386778,0.0
39,19.946383525563146,0.0
