,time,event
0,0.07917671831278991,1.0
1,0.18783593665397166,2.0
2,0.26305459122352215,4.0
3,0.4833655698645221,3.0
4,0.9013239493924083,1.0
5,1.7725394104357028,3.0
6,2.141913540861592,1.0
7,2.255512909742203,0.0
8,2.3053193071163305,0.0
9,2.5563276083278947,0.0
10,2.632884508253433,1.0
11,2.7965933993261407,1.0
12,3.38624616069893,4.0
13,3.446396543286509,1.0
14,3.77213303315186,4.0
15,4.1793350028099345,3.0
16,4.482847014615193,0.0
17,4.594089015506326,4.0
18,4.70633997396695,4.0
19,4.721643957528847,4.0
20,4.735711342648953,4.0
21,5.130265599431447,3.0
22,5.3172144453766235,4.0
23,5.331743658076379,0.0
24,5.747198201484355,1.0
25,5.8954452010739375,1.0
26,6.067188271595004,2.0
27,6.072156580099376,0.0
28,6.090272243982261,1.0
29,6.283745678715878,4.0
30,6.438019682645756,0.0
31,6.817600678644592,1.0
32,7.138538825670342,0.0
33,7.35332494008937,1.0
34,7.461930177105866,4.0
35,7.559457065187964,1.0
36,7.602178219135338,0.0
37,7.632973043854607,0.0
38,7.793390456105208,4.0
39,8.59969894947677,1.0
40,8.602611328590145,1.0
41,8.922380333623144,0.0
42,9.244054119546695,0.0
43,9.685022756433474,3.0
44,9.931639809095284,2.0
45,10.422888377852017,0.0
46,12.389770859723713,1.0
47,12.665677195092233,4.0
48,12.8174980554509,4.0
49,12.978238206479617,3.0
50,13.30989950799758,4.0
51,13.65723067062496,2.0
52,14.305204977798686,4.0
53,14.658068074738527,4.0
54,15.026466971765133,4.0
55,15.62204326759671,4.0
56,15.953167598095732,4.0
57,16.17459440880903,1.0
58,16.861146155371102,4.0
59,17.508241623044416,4.0
60,17.982112425059988,1.0
61,18.25170440731835,0.0
62,18.259156068270368,0.0
63,18.64623562244716,4.0
64,18.671101736322505,1.0
65,19.076721488253916,0.0
66,19.575249486831392,1.0
67,19.596417939217865,0.0
68,19.79249883732351,4.0
69,19.800232021957875,4.0
