,time,event
0,0.15238427538948054,4.0
1,0.2047161287577573,1.0
2,0.47043527246070305,0.0
3,0.5124955612704609,0.0
4,0.5576388469997753,1.0
5,0.6705302082350182,2.0
6,0.8658206832915057,0.0
7,2.3527204112641256,0.0
8,2.965946267583285,1.0
9,3.1174588829805323,1.0
10,3.214503206999879,3.0
11,3.7650807616575115,0.0
12,4.096258501147906,4.0
13,4.139494172774093,4.0
14,4.462387499840368,0.0
15,4.720885116125611,4.0
16,7.615669632548239,0.0
17,7.828669652446376,4.0
18,8.297808325750193,4.0
19,8.819455490570542,2.0
20,8.899753010164147,0.0
21,9.089267748777623,1.0
22,9.40530755269205,4.0
23,9.491525517526966,0.0
24,10.708900335943582,3.0
25,10.859685564444636,0.0
26,11.212400075845274,1.0
27,11.937686763026615,1.0
28,12.061833567466454,0.0
29,12.4183149107322,0.0
30,13.736387503386371,0.0
31,13.754272813625402,4.0
32,14.100109165106243,4.0
33,14.525808421604946,4.0
34,14.802298531872307,1.0
35,15.60206892361716,0.0
36,15.779975194673966,0.0
37,16.4891725613298,4.0
38,16.895595626736867,2.0
39,17.115167042531766,0.0
40,17.1701803576314,0.0
41,17.651272179127766,4.0
42,18.44208750416582,3.0
43,18.967517153175745,4.0
44,19.087642356635808,4.0
45,19.193386613609665,1.0
46,19.21933387336282,4.0
