,time,event
0,0.3621241583814627,0.0
1,1.4439241813012436,1.0
2,1.533265355304356,0.0
3,1.7880693417317484,4.0
4,2.06308173662146,0.0
5,2.3561565420844888,3.0
6,2.4255205443555456,2.0
7,2.4329477240684385,0.0
8,3.155374241666121,1.0
9,3.3741857504234143,0.0
10,3.6295020980965735,4.0
11,4.0516906758577695,1.0
12,4.277247033330328,1.0
13,4.332049607547081,4.0
14,4.338617993144967,1.0
15,4.621161479074302,4.0
16,4.753668638812229,0.0
17,4.808060716596241,4.0
18,5.444744735414117,1.0
19,6.0337925926937865,4.0
20,6.04333945659592,4.0
21,6.139459201514937,0.0
22,6.949739842936873,3.0
23,6.994722364614145,0.0
24,7.130910693587356,3.0
25,8.140576223529726,0.0
26,8.423736181473037,0.0
27,8.540979457959153,1.0
28,8.738403961905034,0.0
29,8.829051638962786,1.0
30,8.989624635118059,0.0
31,9.098843883036453,2.0
32,9.105345356548408,2.0
33,9.57552407001359,1.0
34,10.269235387861148,4.0
35,11.210783797015802,0.0
36,11.669728583483929,0.0
37,11.809434209829133,4.0
38,11.944154557553125,0.0
39,12.443161742786202,4.0
40,12.67155059504699,0.0
41,13.723267403329807,4.0
42,14.852393249914648,1.0
43,15.213907685439711,4.0
44,15.448669748975492,0.0
45,15.449936752400626,0.0
46,16.047167041465006,1.0
47,16.27657359067111,4.0
48,16.339002841716496,3.0
49,16.385376077674852,1.0
50,16.455274469016587,4.0
51,16.912893907796892,3.0
52,17.86775524159703,1.0
53,18.4812592951234,4.0
54,18.799573564662143,4.0
55,18.948042000545648,4.0
56,19.37575945048329,0.0
57,19.679162803713197,0.0
58,19.75155693626604,4.0
