,time,event
0,0.043369779797956115,1.0
1,0.1558662592195959,1.0
2,0.2829858697990944,4.0
3,0.5816481557865103,0.0
4,1.1276747226575168,0.0
5,1.2085062144030514,0.0
6,1.422264666715698,0.0
7,1.49246537718707,1.0
8,1.6405238330434069,1.0
9,1.9351549020597902,1.0
10,2.1092266940961686,1.0
11,2.5404684611365003,1.0
12,3.0234814470839666,1.0
13,3.661160052794257,4.0
14,3.851134120381492,0.0
15,3.8806555086222048,0.0
16,4.035212804591763,0.0
17,4.42418915575523,1.0
18,4.437374843180212,4.0
19,5.342053895096279,0.0
20,6.00261621599928,4.0
21,6.31579571096514,2.0
22,6.996696897669961,1.0
23,7.219983180271137,1.0
24,7.338281142182428,1.0
25,7.438326857942589,4.0
26,7.539407342174241,0.0
27,7.623990067057023,0.0
28,7.645222885858162,3.0
29,8.263589695952897,0.0
30,8.283773386815774,0.0
31,8.372247725042051,3.0
32,9.01535917931163,1.0
33,9.521432284922756,2.0
34,9.936605312066112,3.0
35,11.309691347717237,0.0
36,12.268370850957483,0.0
37,12.73105189143186,0.0
38,13.116889513327793,2.0
39,13.209551421357702,4.0
40,13.211234951137698,3.0
41,13.513325665773454,4.0
42,13.60591519947882,1.0
43,13.765746774345658,4.0
44,14.162274416309199,0.0
45,15.038194942897036,0.0
46,15.467789599699813,2.0
47,15.821220515111195,4.0
48,16.29865738890143,4.0
49,16.333635479984064,4.0
50,16.5484992911057,0.0
51,16.60748271117453,1.0
52,16.638089659675014,0.0
53,16.642811119046016,1.0
54,16.778675691318362,1.0
55,17.45130490199606,4.0
56,17.76118765535032,2.0
57,17.876744955413898,4.0
58,18.128070933861625,1.0
59,18.143410524300126,0.0
60,18.406627782118182,0.0
61,18.85945821296612,1.0
62,18.933293318214737,0.0
63,19.08203761926724,1.0
64,19.110418360295668,1.0
65,19.119987870651613,4.0
66,19.536907558668442,1.0
67,19.751510683057774,2.0
