,time,event
0,0.07146923793103409,1.0
1,0.17479117795618776,1.0
2,0.2633678783204721,4.0
3,0.4845576120316103,1.0
4,1.0521817360068768,3.0
5,1.2076860637023377,0.0
6,1.3664271059617434,0.0
7,1.5949759798185061,4.0
8,1.6574427046266555,0.0
9,2.03592982502862,0.0
10,2.0550419787644927,1.0
11,2.3315073248016613,4.0
12,2.3371675433722716,1.0
13,3.0696187345740493,1.0
14,3.648494070339936,1.0
15,3.966811543315261,1.0
16,4.437823659653976,3.0
17,4.77573014740666,1.0
18,5.675127377963257,1.0
19,5.728273440257028,1.0
20,5.836336174065031,0.0
21,5.9115916511113795,0.0
22,6.9734243969304135,4.0
23,7.415486581501806,4.0
24,7.502559004533273,1.0
25,7.602775997523337,4.0
26,7.763835048627232,4.0
27,7.95349568482462,0.0
28,8.461739182829465,4.0
29,9.163666703532254,1.0
30,9.717333887312634,3.0
31,9.81838381980175,4.0
32,10.458811324549588,1.0
33,10.592109104036863,0.0
34,10.99491229823353,3.0
35,11.667990529968227,4.0
36,11.919055383785135,3.0
37,12.375625724469321,0.0
38,12.42894759355822,2.0
39,13.005946886187333,2.0
40,13.255444819757829,3.0
41,14.355566999048516,0.0
42,14.47344818161875,1.0
43,14.82321951956837,1.0
44,15.283823577083066,4.0
45,15.380178804134571,4.0
46,15.385954421665943,4.0
47,15.99737802799229,3.0
48,16.205221774779925,1.0
49,16.407027689026375,4.0
50,16.45595769916086,1.0
51,16.459847067767356,0.0
52,16.627295195728994,2.0
53,16.66271554966487,0.0
54,16.68460904621765,1.0
55,17.947364917690926,0.0
56,18.281513236357622,4.0
57,19.27703729518631,0.0
