,time,event
0,0.265682489865609,0.0
1,0.34192409008136415,1.0
2,0.5126911397403083,1.0
3,0.7564856612452644,4.0
4,0.9439247705902584,1.0
5,1.0090885534493406,0.0
6,1.1474040150933127,4.0
7,1.4946599675004255,3.0
8,2.493923169671687,4.0
9,3.5011578692219727,1.0
10,3.8463983012018277,3.0
11,3.8725065443474023,0.0
12,3.9734880343309964,1.0
13,4.5606357881726005,0.0
14,4.657113420886437,4.0
15,4.840154938899328,0.0
16,5.174471865188382,4.0
17,5.33036272191128,0.0
18,5.759317250536879,4.0
19,6.769781910912995,0.0
20,6.876812176463309,0.0
21,7.0566350232633255,4.0
22,8.359277698094198,0.0
23,8.462671075777438,4.0
24,8.704528859640078,4.0
25,8.921815139042732,2.0
26,9.515636365324008,0.0
27,9.598616556031086,3.0
28,9.681291362381728,4.0
29,10.39321320714739,3.0
30,10.41356921086848,1.0
31,10.429582281459895,0.0
32,10.704874474409563,0.0
33,11.008569924829388,4.0
34,11.285913473676215,0.0
35,11.349785654182236,4.0
36,11.551597800375356,4.0
37,11.729778930769593,0.0
38,11.784508041582653,3.0
39,12.01413722585753,0.0
40,12.733155138191506,4.0
41,12.796878125283035,0.0
42,13.03200634613921,1.0
43,13.325829110722703,3.0
44,13.598432225848308,0.0
45,13.613230847232654,1.0
46,13.652990023654148,4.0
47,14.08432109509565,1.0
48,14.300151151436305,0.0
49,14.394609944136915,4.0
50,14.482157768908213,3.0
51,15.026200630530035,0.0
52,16.310640198050727,3.0
53,16.5324411185648,0.0
54,16.642337205315716,0.0
55,16.887281696669106,1.0
56,16.923983974132067,1.0
57,17.165691988567186,4.0
58,17.26553383052941,4.0
59,17.319903817007777,2.0
60,17.527618775993908,0.0
61,17.613942452878014,2.0
62,17.971065261277744,4.0
63,18.795565679478116,1.0
64,18.852987704774495,0.0
65,19.02478347430869,1.0
