,time,event0,event1,event2
0,0,-0.2650193,0.14392314851284027,0.9645738005638123
1,1,0.22837298,0.14392314851284027,0.9645738005638123
2,2,-0.7748993,0.14392314851284027,0.9645738005638123
3,3,0.31785327,0.14392314851284027,0.9645738005638123
4,4,0.17474285,0.14392314851284027,0.9645738005638123
5,5,-0.764942,0.14392314851284027,0.9645738005638123
6,6,-0.71926516,0.14392314851284027,0.9645738005638123
7,7,0.41643164,0.14392314851284027,0.9645738005638123
8,8,-0.27158827,0.14392314851284027,0.9645738005638123
9,9,0.23839617,0.14392314851284027,0.9645738005638123
