,time,event0,event1,event2
0,0,-0.38818908,3.4059946537017822,-0.044059641659259796
1,1,0.61778295,3.4059946537017822,-0.044059641659259796
2,2,-0.7252837,3.4059946537017822,-0.044059641659259796
3,3,-0.24042879,3.4059946537017822,-0.044059641659259796
4,4,0.32603073,3.4059946537017822,-0.044059641659259796
5,5,0.88796943,3.4059946537017822,-0.044059641659259796
6,6,0.60629326,3.4059946537017822,-0.044059641659259796
7,7,-0.79741335,3.4059946537017822,-0.044059641659259796
8,8,-0.044806406,3.4059946537017822,-0.044059641659259796
9,9,-0.37218258,3.4059946537017822,-0.044059641659259796
