,time,event0,event1,event2
0,0,0.2125647,2.4049222469329834,-0.4585200250148773
1,1,0.925321,2.4049222469329834,-0.4585200250148773
2,2,0.40588817,2.4049222469329834,-0.4585200250148773
3,3,0.6058362,2.4049222469329834,-0.4585200250148773
4,4,-0.5276759,2.4049222469329834,-0.4585200250148773
5,5,0.43382084,2.4049222469329834,-0.4585200250148773
6,6,-0.659964,2.4049222469329834,-0.4585200250148773
7,7,0.025779227,2.4049222469329834,-0.4585200250148773
8,8,0.7637006,2.4049222469329834,-0.4585200250148773
9,9,0.9332877,2.4049222469329834,-0.4585200250148773
