,time,event0,event1,event2
0,0,0.4467171,3.4059946537017822,-0.5620571374893188
1,1,0.92796373,3.4059946537017822,-0.5620571374893188
2,2,0.19655189,3.4059946537017822,-0.5620571374893188
3,3,0.5320785,3.4059946537017822,-0.5620571374893188
4,4,-0.27316663,3.4059946537017822,-0.5620571374893188
5,5,0.5074404,3.4059946537017822,-0.5620571374893188
6,6,-0.7156522,3.4059946537017822,-0.5620571374893188
7,7,0.61895794,3.4059946537017822,-0.5620571374893188
8,8,-0.4331588,3.4059946537017822,-0.5620571374893188
9,9,-0.5596132,3.4059946537017822,-0.5620571374893188
