,time,event0,event1,event2
0,0,-0.1465895,2.7031331062316895,0.8310272693634033
1,1,0.37334532,2.7031331062316895,0.8310272693634033
2,2,-0.76452476,2.7031331062316895,0.8310272693634033
3,3,0.7632062,2.7031331062316895,0.8310272693634033
4,4,-0.90701365,2.7031331062316895,0.8310272693634033
5,5,-0.64310336,2.7031331062316895,0.8310272693634033
6,6,0.7277517,2.7031331062316895,0.8310272693634033
7,7,-0.52648735,2.7031331062316895,0.8310272693634033
8,8,0.51418746,2.7031331062316895,0.8310272693634033
9,9,-0.5589986,2.7031331062316895,0.8310272693634033
