,time,event0,event1,event2
0,0,0.8579981,3.4059946537017822,-0.33419811725616455
1,1,0.153537,3.4059946537017822,-0.33419811725616455
2,2,0.8074264,3.4059946537017822,-0.33419811725616455
3,3,-0.89560735,3.4059946537017822,-0.33419811725616455
4,4,0.47099662,3.4059946537017822,-0.33419811725616455
5,5,0.82935596,3.4059946537017822,-0.33419811725616455
6,6,-0.14989856,3.4059946537017822,-0.33419811725616455
7,7,0.018117383,3.4059946537017822,-0.33419811725616455
8,8,-0.23835915,3.4059946537017822,-0.33419811725616455
9,9,0.99687713,3.4059946537017822,-0.33419811725616455
