,time,event0,event1,event2
0,0,-0.83002883,3.4059946537017822,-0.6799934506416321
1,1,-0.80648065,3.4059946537017822,-0.6799934506416321
2,2,-0.3360892,3.4059946537017822,-0.6799934506416321
3,3,0.9227829,3.4059946537017822,-0.6799934506416321
4,4,-0.63428247,3.4059946537017822,-0.6799934506416321
5,5,0.9666576,3.4059946537017822,-0.6799934506416321
6,6,-0.90414834,3.4059946537017822,-0.6799934506416321
7,7,0.9553597,3.4059946537017822,-0.6799934506416321
8,8,-0.29652858,3.4059946537017822,-0.6799934506416321
9,9,-0.9061009,3.4059946537017822,-0.6799934506416321
