,time,event0,event1,event2
0,0,-0.34288818,0.4268921911716461,0.9820123910903931
1,1,-0.0018554238,0.4268921911716461,0.9820123910903931
2,2,0.8878893,0.4268921911716461,0.9820123910903931
3,3,0.9084932,0.4268921911716461,0.9820123910903931
4,4,0.037073784,0.4268921911716461,0.9820123910903931
5,5,-0.4638621,0.4268921911716461,0.9820123910903931
6,6,0.69680643,0.4268921911716461,0.9820123910903931
7,7,0.24730149,0.4268921911716461,0.9820123910903931
8,8,-0.9676324,0.4268921911716461,0.9820123910903931
9,9,-0.6512095,0.4268921911716461,0.9820123910903931
