,time,event0,event1,event2
0,0,0.20338804,3.2340075969696045,1.0081011056900024
1,1,0.26285547,3.2340075969696045,1.0081011056900024
2,2,0.8537828,3.2340075969696045,1.0081011056900024
3,3,0.9141831,3.2340075969696045,1.0081011056900024
4,4,0.51015675,3.2340075969696045,1.0081011056900024
5,5,0.7793374,3.2340075969696045,1.0081011056900024
6,6,-0.25848934,3.2340075969696045,1.0081011056900024
7,7,0.05957265,3.2340075969696045,1.0081011056900024
8,8,-0.28964674,3.2340075969696045,1.0081011056900024
9,9,-0.4355797,3.2340075969696045,1.0081011056900024
