,time,event0,event1,event2
0,0,-0.32368532,1.5624874830245972,0.9507234692573547
1,1,0.1465393,1.5624874830245972,0.9507234692573547
2,2,0.9445033,1.5624874830245972,0.9507234692573547
3,3,0.5752936,1.5624874830245972,0.9507234692573547
4,4,0.9796085,1.5624874830245972,0.9507234692573547
5,5,-0.47864673,1.5624874830245972,0.9507234692573547
6,6,0.0030263164,1.5624874830245972,0.9507234692573547
7,7,-0.22708423,1.5624874830245972,0.9507234692573547
8,8,0.64659244,1.5624874830245972,0.9507234692573547
9,9,-0.5957452,1.5624874830245972,0.9507234692573547
