,time,event0,event1,event2
0,0,-0.2523787,3.4059946537017822,0.07216157764196396
1,1,-0.6327323,3.4059946537017822,0.07216157764196396
2,2,0.729982,3.4059946537017822,0.07216157764196396
3,3,0.6324555,3.4059946537017822,0.07216157764196396
4,4,-0.14002731,3.4059946537017822,0.07216157764196396
5,5,-0.48922858,3.4059946537017822,0.07216157764196396
6,6,0.8607635,3.4059946537017822,0.07216157764196396
7,7,0.05872347,3.4059946537017822,0.07216157764196396
8,8,0.2574936,3.4059946537017822,0.07216157764196396
9,9,0.61367184,3.4059946537017822,0.07216157764196396
