,time,event0,event1,event2
0,0,-0.11273709,3.4059946537017822,-0.483652800321579
1,1,-0.9607023,3.4059946537017822,-0.483652800321579
2,2,-0.0851447,3.4059946537017822,-0.483652800321579
3,3,0.25718722,3.4059946537017822,-0.483652800321579
4,4,0.93516594,3.4059946537017822,-0.483652800321579
5,5,-0.5926886,3.4059946537017822,-0.483652800321579
6,6,0.9754588,3.4059946537017822,-0.483652800321579
7,7,0.356944,3.4059946537017822,-0.483652800321579
8,8,0.8998294,3.4059946537017822,-0.483652800321579
9,9,0.1626031,3.4059946537017822,-0.483652800321579
