,time,event0,event1,event2
0,0,0.886461,3.4059946537017822,-0.7097845673561096
1,1,-0.8111458,3.4059946537017822,-0.7097845673561096
2,2,-0.47322026,3.4059946537017822,-0.7097845673561096
3,3,-0.66643375,3.4059946537017822,-0.7097845673561096
4,4,0.7306355,3.4059946537017822,-0.7097845673561096
5,5,0.19207066,3.4059946537017822,-0.7097845673561096
6,6,-0.7624293,3.4059946537017822,-0.7097845673561096
7,7,0.12571637,3.4059946537017822,-0.7097845673561096
8,8,0.9105282,3.4059946537017822,-0.7097845673561096
9,9,0.7582225,3.4059946537017822,-0.7097845673561096
