,time,event0,event1,event2
0,0,-0.73213214,0.27205777168273926,-0.18450167775154114
1,1,0.30602938,0.27205777168273926,-0.18450167775154114
2,2,0.634171,0.27205777168273926,-0.18450167775154114
3,3,0.9315233,0.27205777168273926,-0.18450167775154114
4,4,0.5457367,0.27205777168273926,-0.18450167775154114
5,5,-0.3228345,0.27205777168273926,-0.18450167775154114
6,6,0.3009797,0.27205777168273926,-0.18450167775154114
7,7,0.45251814,0.27205777168273926,-0.18450167775154114
8,8,0.8693184,0.27205777168273926,-0.18450167775154114
9,9,-0.4432497,0.27205777168273926,-0.18450167775154114
