,time,event0,event1,event2
0,0,-0.2744582,3.396210193634033,-0.4479312300682068
1,1,-0.9012864,3.396210193634033,-0.4479312300682068
2,2,-0.6093767,3.396210193634033,-0.4479312300682068
3,3,0.35593262,3.396210193634033,-0.4479312300682068
4,4,0.9951234,3.396210193634033,-0.4479312300682068
5,5,0.87943864,3.396210193634033,-0.4479312300682068
6,6,0.31561133,3.396210193634033,-0.4479312300682068
7,7,0.1427781,3.396210193634033,-0.4479312300682068
8,8,0.5673722,3.396210193634033,-0.4479312300682068
9,9,0.31413084,3.396210193634033,-0.4479312300682068
