,time,event0,event1,event2
0,0,0.25892806,0.1516260802745819,0.7788552045822144
1,1,0.33122465,0.1516260802745819,0.7788552045822144
2,2,-0.7267116,0.1516260802745819,0.7788552045822144
3,3,0.15719678,0.1516260802745819,0.7788552045822144
4,4,0.76415235,0.1516260802745819,0.7788552045822144
5,5,-0.04719132,0.1516260802745819,0.7788552045822144
6,6,-0.33183923,0.1516260802745819,0.7788552045822144
7,7,0.8169183,0.1516260802745819,0.7788552045822144
8,8,0.47404322,0.1516260802745819,0.7788552045822144
9,9,-0.9052512,0.1516260802745819,0.7788552045822144
