,time,event0,event1,event2
0,0,-0.5783806,3.4059946537017822,0.3280270993709564
1,1,-0.075243324,3.4059946537017822,0.3280270993709564
2,2,-0.106460296,3.4059946537017822,0.3280270993709564
3,3,-0.69572616,3.4059946537017822,0.3280270993709564
4,4,0.42215455,3.4059946537017822,0.3280270993709564
5,5,-0.41078833,3.4059946537017822,0.3280270993709564
6,6,0.11383927,3.4059946537017822,0.3280270993709564
7,7,0.9664774,3.4059946537017822,0.3280270993709564
8,8,-0.76331514,3.4059946537017822,0.3280270993709564
9,9,0.23439325,3.4059946537017822,0.3280270993709564
