,time,event0,event1,event2
0,0,0.045229547,0.42008528113365173,0.879848837852478
1,1,0.38001862,0.42008528113365173,0.879848837852478
2,2,-0.8446043,0.42008528113365173,0.879848837852478
3,3,0.9633585,0.42008528113365173,0.879848837852478
4,4,0.20253809,0.42008528113365173,0.879848837852478
5,5,-0.8080469,0.42008528113365173,0.879848837852478
6,6,-0.46231973,0.42008528113365173,0.879848837852478
7,7,0.6887233,0.42008528113365173,0.879848837852478
8,8,0.19378798,0.42008528113365173,0.879848837852478
9,9,-0.108937666,0.42008528113365173,0.879848837852478
