,time,event0,event1,event2
0,0,0.982576,3.4059946537017822,-0.5182096362113953
1,1,0.14662279,3.4059946537017822,-0.5182096362113953
2,2,0.27335957,3.4059946537017822,-0.5182096362113953
3,3,0.578234,3.4059946537017822,-0.5182096362113953
4,4,0.28016365,3.4059946537017822,-0.5182096362113953
5,5,0.052229896,3.4059946537017822,-0.5182096362113953
6,6,0.031925242,3.4059946537017822,-0.5182096362113953
7,7,-0.472376,3.4059946537017822,-0.5182096362113953
8,8,0.156368,3.4059946537017822,-0.5182096362113953
9,9,-0.19012095,3.4059946537017822,-0.5182096362113953
