,time,event0,event1,event2
0,0,0.36774656,0.7398684024810791,0.7355743050575256
1,1,0.2346957,0.7398684024810791,0.7355743050575256
2,2,-0.4289548,0.7398684024810791,0.7355743050575256
3,3,-0.22423975,0.7398684024810791,0.7355743050575256
4,4,-0.058956586,0.7398684024810791,0.7355743050575256
5,5,-0.9022414,0.7398684024810791,0.7355743050575256
6,6,-0.06059702,0.7398684024810791,0.7355743050575256
7,7,0.9688109,0.7398684024810791,0.7355743050575256
8,8,0.7084827,0.7398684024810791,0.7355743050575256
9,9,-0.22735949,0.7398684024810791,0.7355743050575256
