,time,event0,event1,event2
0,0,0.41318527,0.6910861134529114,-0.5746158957481384
1,1,0.9556333,0.6910861134529114,-0.5746158957481384
2,2,0.6037601,0.6910861134529114,-0.5746158957481384
3,3,-0.20864081,0.6910861134529114,-0.5746158957481384
4,4,0.8373388,0.6910861134529114,-0.5746158957481384
5,5,0.39842778,0.6910861134529114,-0.5746158957481384
6,6,-0.7929523,0.6910861134529114,-0.5746158957481384
7,7,0.7031874,0.6910861134529114,-0.5746158957481384
8,8,-0.04208572,0.6910861134529114,-0.5746158957481384
9,9,-0.7747657,0.6910861134529114,-0.5746158957481384
