,time,event0,event1,event2
0,0,-0.937699,3.4059946537017822,-0.4947749078273773
1,1,-0.26892617,3.4059946537017822,-0.4947749078273773
2,2,-0.8679886,3.4059946537017822,-0.4947749078273773
3,3,0.7226169,3.4059946537017822,-0.4947749078273773
4,4,0.8386383,3.4059946537017822,-0.4947749078273773
5,5,-0.47724238,3.4059946537017822,-0.4947749078273773
6,6,-0.07389534,3.4059946537017822,-0.4947749078273773
7,7,0.35843995,3.4059946537017822,-0.4947749078273773
8,8,-0.37617424,3.4059946537017822,-0.4947749078273773
9,9,-0.42139125,3.4059946537017822,-0.4947749078273773
