,time,event0,event1,event2
0,0,0.55518967,1.4263947010040283,-0.49374163150787354
1,1,-0.8011632,1.4263947010040283,-0.49374163150787354
2,2,0.89370203,1.4263947010040283,-0.49374163150787354
3,3,-0.25435576,1.4263947010040283,-0.49374163150787354
4,4,-0.5593392,1.4263947010040283,-0.49374163150787354
5,5,0.74420404,1.4263947010040283,-0.49374163150787354
6,6,-0.23801243,1.4263947010040283,-0.49374163150787354
7,7,0.8087593,1.4263947010040283,-0.49374163150787354
8,8,-0.38025182,1.4263947010040283,-0.49374163150787354
9,9,0.87654877,1.4263947010040283,-0.49374163150787354
