,time,event0,event1,event2
0,0,-0.70562774,3.4059946537017822,0.006007759366184473
1,1,0.062143967,3.4059946537017822,0.006007759366184473
2,2,0.3677155,3.4059946537017822,0.006007759366184473
3,3,0.98399734,3.4059946537017822,0.006007759366184473
4,4,0.4305359,3.4059946537017822,0.006007759366184473
5,5,-0.75445986,3.4059946537017822,0.006007759366184473
6,6,-0.047798816,3.4059946537017822,0.006007759366184473
7,7,-0.5873211,3.4059946537017822,0.006007759366184473
8,8,0.75882435,3.4059946537017822,0.006007759366184473
9,9,0.04330934,3.4059946537017822,0.006007759366184473
