,time,event0,event1,event2
0,0,0.5338678,3.4059946537017822,-0.6094425320625305
1,1,0.9326497,3.4059946537017822,-0.6094425320625305
2,2,-0.5302911,3.4059946537017822,-0.6094425320625305
3,3,-0.548247,3.4059946537017822,-0.6094425320625305
4,4,-0.58502907,3.4059946537017822,-0.6094425320625305
5,5,-0.048844744,3.4059946537017822,-0.6094425320625305
6,6,0.65603733,3.4059946537017822,-0.6094425320625305
7,7,0.25139245,3.4059946537017822,-0.6094425320625305
8,8,0.4092534,3.4059946537017822,-0.6094425320625305
9,9,0.6274218,3.4059946537017822,-0.6094425320625305
