,time,event0,event1,event2
0,0,-0.33608937,0.6334001421928406,0.8802690505981445
1,1,-0.1827061,0.6334001421928406,0.8802690505981445
2,2,-0.63636684,0.6334001421928406,0.8802690505981445
3,3,-0.95806324,0.6334001421928406,0.8802690505981445
4,4,0.60309416,0.6334001421928406,0.8802690505981445
5,5,0.8402563,0.6334001421928406,0.8802690505981445
6,6,0.17953993,0.6334001421928406,0.8802690505981445
7,7,-0.18899468,0.6334001421928406,0.8802690505981445
8,8,-0.6302738,0.6334001421928406,0.8802690505981445
9,9,-0.68586576,0.6334001421928406,0.8802690505981445
