,time,event0,event1,event2
0,0,-0.26747322,2.055817127227783,0.8873388767242432
1,1,-0.26970854,2.055817127227783,0.8873388767242432
2,2,-0.9724586,2.055817127227783,0.8873388767242432
3,3,0.39156565,2.055817127227783,0.8873388767242432
4,4,0.66162544,2.055817127227783,0.8873388767242432
5,5,0.46177298,2.055817127227783,0.8873388767242432
6,6,-0.5508758,2.055817127227783,0.8873388767242432
7,7,0.09465049,2.055817127227783,0.8873388767242432
8,8,-0.4913521,2.055817127227783,0.8873388767242432
9,9,-0.6302063,2.055817127227783,0.8873388767242432
