,time,event0,event1,event2
0,0,-0.5244763,3.4059946537017822,0.004343189299106598
1,1,0.47716248,3.4059946537017822,0.004343189299106598
2,2,-0.2791506,3.4059946537017822,0.004343189299106598
3,3,-0.13607472,3.4059946537017822,0.004343189299106598
4,4,-0.46344388,3.4059946537017822,0.004343189299106598
5,5,0.43075797,3.4059946537017822,0.004343189299106598
6,6,-0.2910255,3.4059946537017822,0.004343189299106598
7,7,0.53157574,3.4059946537017822,0.004343189299106598
8,8,-0.7491417,3.4059946537017822,0.004343189299106598
9,9,-0.25621685,3.4059946537017822,0.004343189299106598
