,time,event0,event1,event2
0,0,0.89284605,3.4059946537017822,-0.7251052260398865
1,1,0.8427266,3.4059946537017822,-0.7251052260398865
2,2,0.40663633,3.4059946537017822,-0.7251052260398865
3,3,0.9534238,3.4059946537017822,-0.7251052260398865
4,4,-0.5535342,3.4059946537017822,-0.7251052260398865
5,5,-0.23586121,3.4059946537017822,-0.7251052260398865
6,6,0.24331522,3.4059946537017822,-0.7251052260398865
7,7,0.7157275,3.4059946537017822,-0.7251052260398865
8,8,0.46327195,3.4059946537017822,-0.7251052260398865
9,9,-0.46962917,3.4059946537017822,-0.7251052260398865
