,time,event0,event1,event2
0,0,0.0707617,0.11961046606302261,1.3518048524856567
1,1,0.14172909,0.11961046606302261,1.3518048524856567
2,2,-0.13571817,0.11961046606302261,1.3518048524856567
3,3,0.60598594,0.11961046606302261,1.3518048524856567
4,4,0.99984664,0.11961046606302261,1.3518048524856567
5,5,-0.65830123,0.11961046606302261,1.3518048524856567
6,6,-0.96525943,0.11961046606302261,1.3518048524856567
7,7,-0.907852,0.11961046606302261,1.3518048524856567
8,8,-0.48048025,0.11961046606302261,1.3518048524856567
9,9,-0.57107663,0.11961046606302261,1.3518048524856567
