,time,event0,event1,event2
0,0,0.57179284,3.4059946537017822,0.3558896481990814
1,1,0.03784373,3.4059946537017822,0.3558896481990814
2,2,0.33393365,3.4059946537017822,0.3558896481990814
3,3,0.23234624,3.4059946537017822,0.3558896481990814
4,4,0.88452196,3.4059946537017822,0.3558896481990814
5,5,0.040859114,3.4059946537017822,0.3558896481990814
6,6,-0.72215015,3.4059946537017822,0.3558896481990814
7,7,-0.07711414,3.4059946537017822,0.3558896481990814
8,8,-0.057384156,3.4059946537017822,0.3558896481990814
9,9,-0.09232522,3.4059946537017822,0.3558896481990814
