,time,event0,event1,event2
0,0,-0.27007806,3.4059946537017822,-0.3388914167881012
1,1,0.8315475,3.4059946537017822,-0.3388914167881012
2,2,-0.6161288,3.4059946537017822,-0.3388914167881012
3,3,0.18310337,3.4059946537017822,-0.3388914167881012
4,4,-0.11725707,3.4059946537017822,-0.3388914167881012
5,5,0.7103305,3.4059946537017822,-0.3388914167881012
6,6,0.79835975,3.4059946537017822,-0.3388914167881012
7,7,-0.14718491,3.4059946537017822,-0.3388914167881012
8,8,-0.40559977,3.4059946537017822,-0.3388914167881012
9,9,0.9194429,3.4059946537017822,-0.3388914167881012
