,time,event0,event1,event2
0,0,0.48625895,2.139352321624756,-0.01384794618934393
1,1,0.5265235,2.139352321624756,-0.01384794618934393
2,2,0.9163519,2.139352321624756,-0.01384794618934393
3,3,0.33298323,2.139352321624756,-0.01384794618934393
4,4,0.99255925,2.139352321624756,-0.01384794618934393
5,5,-0.92582464,2.139352321624756,-0.01384794618934393
6,6,-0.400499,2.139352321624756,-0.01384794618934393
7,7,0.66151917,2.139352321624756,-0.01384794618934393
8,8,0.92689955,2.139352321624756,-0.01384794618934393
9,9,0.22967952,2.139352321624756,-0.01384794618934393
