,time,event0,event1,event2
0,0,-0.4626206,3.4059946537017822,-0.017957990989089012
1,1,0.5496876,3.4059946537017822,-0.017957990989089012
2,2,-0.16306503,3.4059946537017822,-0.017957990989089012
3,3,0.428017,3.4059946537017822,-0.017957990989089012
4,4,0.324868,3.4059946537017822,-0.017957990989089012
5,5,-0.73473954,3.4059946537017822,-0.017957990989089012
6,6,0.9195382,3.4059946537017822,-0.017957990989089012
7,7,0.98822093,3.4059946537017822,-0.017957990989089012
8,8,0.3686846,3.4059946537017822,-0.017957990989089012
9,9,-0.38409618,3.4059946537017822,-0.017957990989089012
