,time,event0,event1,event2
0,0,-0.6142922,3.4059946537017822,0.13232986629009247
1,1,0.23384959,3.4059946537017822,0.13232986629009247
2,2,-0.449378,3.4059946537017822,0.13232986629009247
3,3,0.9948894,3.4059946537017822,0.13232986629009247
4,4,0.2371888,3.4059946537017822,0.13232986629009247
5,5,-0.21404384,3.4059946537017822,0.13232986629009247
6,6,-0.5606808,3.4059946537017822,0.13232986629009247
7,7,0.7389537,3.4059946537017822,0.13232986629009247
8,8,0.7589354,3.4059946537017822,0.13232986629009247
9,9,0.41070327,3.4059946537017822,0.13232986629009247
