,Unnamed: 0,time,event
0,0,0.0,1.0
1,1,0.0,3.0
2,2,1.1574074074074074e-14,4.0
3,3,2.3148148148148147e-14,4.0
4,4,4.6296296296296295e-14,4.0
5,5,4.6296296296296295e-14,0.0
6,6,1.1574074074074073e-13,1.0
7,7,1.1574074074074073e-13,0.0
8,8,1.5046296296296297e-13,0.0
9,9,2.1990740740740742e-13,0.0
