,time,event0,event1,event2
0,0,-0.9995781,3.0764734745025635,-0.7893280982971191
1,1,0.98656815,3.0764734745025635,-0.7893280982971191
2,2,-0.58163863,3.0764734745025635,-0.7893280982971191
3,3,0.93883,3.0764734745025635,-0.7893280982971191
4,4,0.05123094,3.0764734745025635,-0.7893280982971191
5,5,0.8178869,3.0764734745025635,-0.7893280982971191
6,6,0.114178896,3.0764734745025635,-0.7893280982971191
7,7,-0.5197158,3.0764734745025635,-0.7893280982971191
8,8,0.0048203724,3.0764734745025635,-0.7893280982971191
9,9,0.20412947,3.0764734745025635,-0.7893280982971191
10,10,1.0,3.0764734745025635,-0.7893280982971191
