,time,event0,event1,event2
0,0,-0.39895973,3.6219701766967773,0.11683034896850586
1,1,-0.5320864,3.6219701766967773,0.11683034896850586
2,2,-0.1976507,3.6219701766967773,0.11683034896850586
3,3,-0.21768565,3.6219701766967773,0.11683034896850586
4,4,-0.6636135,3.6219701766967773,0.11683034896850586
5,5,-0.6518434,3.6219701766967773,0.11683034896850586
6,6,0.3586354,3.6219701766967773,0.11683034896850586
7,7,-0.055527024,3.6219701766967773,0.11683034896850586
8,8,-0.15645447,3.6219701766967773,0.11683034896850586
9,9,0.99503756,3.6219701766967773,0.11683034896850586
10,10,0.0,3.6219701766967773,0.11683034896850586
