,time,event0,event1,event2
0,0,-0.17582962,1.0513606071472168,0.8950299024581909
1,1,-0.33518982,1.0513606071472168,0.8950299024581909
2,2,-0.5373848,1.0513606071472168,0.8950299024581909
3,3,-0.6585471,1.0513606071472168,0.8950299024581909
4,4,0.9566303,1.0513606071472168,0.8950299024581909
5,5,-0.14852552,1.0513606071472168,0.8950299024581909
6,6,-0.9016196,1.0513606071472168,0.8950299024581909
7,7,0.03269273,1.0513606071472168,0.8950299024581909
8,8,-0.4187212,1.0513606071472168,0.8950299024581909
9,9,0.2503122,1.0513606071472168,0.8950299024581909
10,10,1.0,1.0513606071472168,0.8950299024581909
