,time,event0,event1,event2
0,0,-0.76331854,1.5997979640960693,-0.7209979295730591
1,1,-0.96178466,1.5997979640960693,-0.7209979295730591
2,2,-0.25482377,1.5997979640960693,-0.7209979295730591
3,3,0.77071637,1.5997979640960693,-0.7209979295730591
4,4,-0.14426838,1.5997979640960693,-0.7209979295730591
5,5,0.5325457,1.5997979640960693,-0.7209979295730591
6,6,0.8318439,1.5997979640960693,-0.7209979295730591
7,7,0.6769905,1.5997979640960693,-0.7209979295730591
8,8,-0.31020802,1.5997979640960693,-0.7209979295730591
9,9,-0.6493795,1.5997979640960693,-0.7209979295730591
10,10,0.0,1.5997979640960693,-0.7209979295730591
