,time,event0,event1,event2
0,0,0.92207414,0.02123011276125908,-0.6773419976234436
1,1,-0.70284927,0.02123011276125908,-0.6773419976234436
2,2,-0.17168194,0.02123011276125908,-0.6773419976234436
3,3,-0.28196907,0.02123011276125908,-0.6773419976234436
4,4,-0.20773314,0.02123011276125908,-0.6773419976234436
5,5,0.17251174,0.02123011276125908,-0.6773419976234436
6,6,-0.12025782,0.02123011276125908,-0.6773419976234436
7,7,0.16815805,0.02123011276125908,-0.6773419976234436
8,8,-0.0045913327,0.02123011276125908,-0.6773419976234436
9,9,-0.5695571,0.02123011276125908,-0.6773419976234436
10,10,1.0,0.02123011276125908,-0.6773419976234436
