,time,event0,event1,event2
0,0,-0.7923172,3.6219701766967773,-0.4628206789493561
1,1,-0.53379315,3.6219701766967773,-0.4628206789493561
2,2,-0.28203422,3.6219701766967773,-0.4628206789493561
3,3,-0.8131288,3.6219701766967773,-0.4628206789493561
4,4,0.28848112,3.6219701766967773,-0.4628206789493561
5,5,0.6582934,3.6219701766967773,-0.4628206789493561
6,6,-0.35976058,3.6219701766967773,-0.4628206789493561
7,7,-0.2499162,3.6219701766967773,-0.4628206789493561
8,8,0.60257614,3.6219701766967773,-0.4628206789493561
9,9,-0.0065459446,3.6219701766967773,-0.4628206789493561
10,10,1.0,3.6219701766967773,-0.4628206789493561
