,time,event0,event1,event2
0,0,-0.32406792,3.5098023414611816,-0.40987056493759155
1,1,0.8608055,3.5098023414611816,-0.40987056493759155
2,2,0.11124813,3.5098023414611816,-0.40987056493759155
3,3,0.91889745,3.5098023414611816,-0.40987056493759155
4,4,-0.07480374,3.5098023414611816,-0.40987056493759155
5,5,0.23378263,3.5098023414611816,-0.40987056493759155
6,6,0.60618716,3.5098023414611816,-0.40987056493759155
7,7,-0.5531861,3.5098023414611816,-0.40987056493759155
8,8,-0.6254753,3.5098023414611816,-0.40987056493759155
9,9,0.77783126,3.5098023414611816,-0.40987056493759155
10,10,1.0,3.5098023414611816,-0.40987056493759155
