,time,event0,event1,event2
0,0,-0.8109851,0.5841615200042725,-0.3421860635280609
1,1,0.33802414,0.5841615200042725,-0.3421860635280609
2,2,-0.71537745,0.5841615200042725,-0.3421860635280609
3,3,-0.75895786,0.5841615200042725,-0.3421860635280609
4,4,-0.089700535,0.5841615200042725,-0.3421860635280609
5,5,0.640269,0.5841615200042725,-0.3421860635280609
6,6,-0.97364205,0.5841615200042725,-0.3421860635280609
7,7,-0.9220555,0.5841615200042725,-0.3421860635280609
8,8,0.8203236,0.5841615200042725,-0.3421860635280609
9,9,-0.5988244,0.5841615200042725,-0.3421860635280609
10,10,1.0,0.5841615200042725,-0.3421860635280609
