,time,event0,event1,event2
0,0,0.32765573,0.44178539514541626,0.8495567440986633
1,1,-0.22189362,0.44178539514541626,0.8495567440986633
2,2,0.04097346,0.44178539514541626,0.8495567440986633
3,3,-0.014519839,0.44178539514541626,0.8495567440986633
4,4,-0.80457383,0.44178539514541626,0.8495567440986633
5,5,-0.49341553,0.44178539514541626,0.8495567440986633
6,6,0.962526,0.44178539514541626,0.8495567440986633
7,7,0.15997529,0.44178539514541626,0.8495567440986633
8,8,0.58747053,0.44178539514541626,0.8495567440986633
9,9,0.7407233,0.44178539514541626,0.8495567440986633
10,10,1.0,0.44178539514541626,0.8495567440986633
