,time,event0,event1,event2
0,0,0.29632792,3.484858751296997,0.7540464401245117
1,1,0.3130317,3.484858751296997,0.7540464401245117
2,2,0.68406886,3.484858751296997,0.7540464401245117
3,3,0.81962556,3.484858751296997,0.7540464401245117
4,4,0.5244089,3.484858751296997,0.7540464401245117
5,5,-0.5956593,3.484858751296997,0.7540464401245117
6,6,0.39688793,3.484858751296997,0.7540464401245117
7,7,0.19940424,3.484858751296997,0.7540464401245117
8,8,-0.41683736,3.484858751296997,0.7540464401245117
9,9,-0.7145758,3.484858751296997,0.7540464401245117
10,10,1.0,3.484858751296997,0.7540464401245117
