,time,event0,event1,event2
0,0,-0.5639,1.8546545505523682,-0.5781533122062683
1,1,0.8836514,1.8546545505523682,-0.5781533122062683
2,2,0.9919068,1.8546545505523682,-0.5781533122062683
3,3,-0.58853436,1.8546545505523682,-0.5781533122062683
4,4,-0.40063328,1.8546545505523682,-0.5781533122062683
5,5,-0.74784917,1.8546545505523682,-0.5781533122062683
6,6,0.35619238,1.8546545505523682,-0.5781533122062683
7,7,-0.08092425,1.8546545505523682,-0.5781533122062683
8,8,0.9902624,1.8546545505523682,-0.5781533122062683
9,9,-0.81359375,1.8546545505523682,-0.5781533122062683
10,10,0.0,1.8546545505523682,-0.5781533122062683
