,time,event0,event1,event2
0,0,0.11273393,0.9880654215812683,1.27298104763031
1,1,0.17806098,0.9880654215812683,1.27298104763031
2,2,0.64555615,0.9880654215812683,1.27298104763031
3,3,-0.24583767,0.9880654215812683,1.27298104763031
4,4,0.32745904,0.9880654215812683,1.27298104763031
5,5,0.72433466,0.9880654215812683,1.27298104763031
6,6,-0.5045219,0.9880654215812683,1.27298104763031
7,7,0.5081908,0.9880654215812683,1.27298104763031
8,8,-0.105129614,0.9880654215812683,1.27298104763031
9,9,-0.25953668,0.9880654215812683,1.27298104763031
10,10,1.0,0.9880654215812683,1.27298104763031
