,time,event0,event1,event2
0,0,-0.59016544,0.6661683917045593,0.1479579210281372
1,1,-0.27907214,0.6661683917045593,0.1479579210281372
2,2,0.89146197,0.6661683917045593,0.1479579210281372
3,3,-0.050947417,0.6661683917045593,0.1479579210281372
4,4,0.87468976,0.6661683917045593,0.1479579210281372
5,5,-0.506609,0.6661683917045593,0.1479579210281372
6,6,-0.8774989,0.6661683917045593,0.1479579210281372
7,7,0.45567483,0.6661683917045593,0.1479579210281372
8,8,-0.70359516,0.6661683917045593,0.1479579210281372
9,9,-0.50309986,0.6661683917045593,0.1479579210281372
10,10,1.0,0.6661683917045593,0.1479579210281372
