,time,event0,event1,event2
0,0,0.9930622,3.6219701766967773,-0.7272332906723022
1,1,0.74156684,3.6219701766967773,-0.7272332906723022
2,2,0.5731885,3.6219701766967773,-0.7272332906723022
3,3,0.5728978,3.6219701766967773,-0.7272332906723022
4,4,0.98548603,3.6219701766967773,-0.7272332906723022
5,5,0.43584886,3.6219701766967773,-0.7272332906723022
6,6,-0.016099185,3.6219701766967773,-0.7272332906723022
7,7,0.6494963,3.6219701766967773,-0.7272332906723022
8,8,0.80918473,3.6219701766967773,-0.7272332906723022
9,9,-0.44821241,3.6219701766967773,-0.7272332906723022
10,10,1.0,3.6219701766967773,-0.7272332906723022
