,time,event0,event1,event2
0,0,0.6013514,1.15208101272583,0.2641330063343048
1,1,0.092939965,1.15208101272583,0.2641330063343048
2,2,0.7623492,1.15208101272583,0.2641330063343048
3,3,-0.8199119,1.15208101272583,0.2641330063343048
4,4,0.9084386,1.15208101272583,0.2641330063343048
5,5,0.6370334,1.15208101272583,0.2641330063343048
6,6,-0.14156914,1.15208101272583,0.2641330063343048
7,7,0.83441424,1.15208101272583,0.2641330063343048
8,8,-0.6561816,1.15208101272583,0.2641330063343048
9,9,0.8274825,1.15208101272583,0.2641330063343048
10,10,1.0,1.15208101272583,0.2641330063343048
