,time,event0,event1,event2
0,0,0.5209882,3.6219701766967773,-0.15240968763828278
1,1,0.5808035,3.6219701766967773,-0.15240968763828278
2,2,-0.7192021,3.6219701766967773,-0.15240968763828278
3,3,-0.031435397,3.6219701766967773,-0.15240968763828278
4,4,0.5663474,3.6219701766967773,-0.15240968763828278
5,5,0.7218854,3.6219701766967773,-0.15240968763828278
6,6,-0.35175234,3.6219701766967773,-0.15240968763828278
7,7,0.49762025,3.6219701766967773,-0.15240968763828278
8,8,0.77701265,3.6219701766967773,-0.15240968763828278
9,9,0.111242466,3.6219701766967773,-0.15240968763828278
10,10,1.0,3.6219701766967773,-0.15240968763828278
