,time,event0,event1,event2
0,0,-0.1577812,2.5644726753234863,-0.36138156056404114
1,1,-0.8757699,2.5644726753234863,-0.36138156056404114
2,2,-0.057310447,2.5644726753234863,-0.36138156056404114
3,3,-0.2872671,2.5644726753234863,-0.36138156056404114
4,4,-0.15787742,2.5644726753234863,-0.36138156056404114
5,5,0.65181834,2.5644726753234863,-0.36138156056404114
6,6,-0.53276134,2.5644726753234863,-0.36138156056404114
7,7,-0.6610546,2.5644726753234863,-0.36138156056404114
8,8,0.9674274,2.5644726753234863,-0.36138156056404114
9,9,0.59603226,2.5644726753234863,-0.36138156056404114
10,10,0.0,2.5644726753234863,-0.36138156056404114
