,time,event0,event1,event2
0,0,-0.7964355,1.6794135570526123,-0.7145731449127197
1,1,0.9196195,1.6794135570526123,-0.7145731449127197
2,2,-0.4327412,1.6794135570526123,-0.7145731449127197
3,3,0.17044336,1.6794135570526123,-0.7145731449127197
4,4,0.26162013,1.6794135570526123,-0.7145731449127197
5,5,-0.8188874,1.6794135570526123,-0.7145731449127197
6,6,-0.3117603,1.6794135570526123,-0.7145731449127197
7,7,0.018760428,1.6794135570526123,-0.7145731449127197
8,8,-0.45931622,1.6794135570526123,-0.7145731449127197
9,9,-0.3651964,1.6794135570526123,-0.7145731449127197
10,10,0.0,1.6794135570526123,-0.7145731449127197
