,time,event0,event1,event2
0,0,0.55298334,3.6219701766967773,-0.08318904787302017
1,1,0.5045797,3.6219701766967773,-0.08318904787302017
2,2,0.9896999,3.6219701766967773,-0.08318904787302017
3,3,-0.86505884,3.6219701766967773,-0.08318904787302017
4,4,0.6127885,3.6219701766967773,-0.08318904787302017
5,5,0.97944707,3.6219701766967773,-0.08318904787302017
6,6,0.80421996,3.6219701766967773,-0.08318904787302017
7,7,-0.12927698,3.6219701766967773,-0.08318904787302017
8,8,-0.33449635,3.6219701766967773,-0.08318904787302017
9,9,0.68507594,3.6219701766967773,-0.08318904787302017
10,10,1.0,3.6219701766967773,-0.08318904787302017
