,time,event0,event1,event2
0,0,-0.16015399,0.9395187497138977,0.3379504978656769
1,1,-0.5586411,0.9395187497138977,0.3379504978656769
2,2,0.79078996,0.9395187497138977,0.3379504978656769
3,3,-0.15120706,0.9395187497138977,0.3379504978656769
4,4,0.20959558,0.9395187497138977,0.3379504978656769
5,5,-0.88688326,0.9395187497138977,0.3379504978656769
6,6,-0.7715139,0.9395187497138977,0.3379504978656769
7,7,0.8761223,0.9395187497138977,0.3379504978656769
8,8,-0.3479453,0.9395187497138977,0.3379504978656769
9,9,0.74172336,0.9395187497138977,0.3379504978656769
10,10,1.0,0.9395187497138977,0.3379504978656769
