,time,event0,event1,event2
0,0,0.75658387,3.4533863067626953,-0.5661776065826416
1,1,0.7095922,3.4533863067626953,-0.5661776065826416
2,2,0.07702243,3.4533863067626953,-0.5661776065826416
3,3,-0.36841565,3.4533863067626953,-0.5661776065826416
4,4,0.12120656,3.4533863067626953,-0.5661776065826416
5,5,-0.53171957,3.4533863067626953,-0.5661776065826416
6,6,0.36553138,3.4533863067626953,-0.5661776065826416
7,7,-0.6182276,3.4533863067626953,-0.5661776065826416
8,8,0.29690695,3.4533863067626953,-0.5661776065826416
9,9,0.65372115,3.4533863067626953,-0.5661776065826416
10,10,1.0,3.4533863067626953,-0.5661776065826416
