,time,event0,event1,event2
0,0,-0.84424317,0.8659253716468811,-0.2811880111694336
1,1,-0.02719114,0.8659253716468811,-0.2811880111694336
2,2,0.7901375,0.8659253716468811,-0.2811880111694336
3,3,0.12341093,0.8659253716468811,-0.2811880111694336
4,4,-0.46182197,0.8659253716468811,-0.2811880111694336
5,5,0.91952795,0.8659253716468811,-0.2811880111694336
6,6,0.6360595,0.8659253716468811,-0.2811880111694336
7,7,-0.48050013,0.8659253716468811,-0.2811880111694336
8,8,0.6111851,0.8659253716468811,-0.2811880111694336
9,9,0.6911093,0.8659253716468811,-0.2811880111694336
10,10,1.0,0.8659253716468811,-0.2811880111694336
