,time,event0,event1,event2
0,0,-0.8376332,0.6890199184417725,-0.5856870412826538
1,1,-0.6419848,0.6890199184417725,-0.5856870412826538
2,2,-0.9336161,0.6890199184417725,-0.5856870412826538
3,3,0.10450534,0.6890199184417725,-0.5856870412826538
4,4,-0.5175197,0.6890199184417725,-0.5856870412826538
5,5,0.5335605,0.6890199184417725,-0.5856870412826538
6,6,-0.42764544,0.6890199184417725,-0.5856870412826538
7,7,-0.68867666,0.6890199184417725,-0.5856870412826538
8,8,-0.657569,0.6890199184417725,-0.5856870412826538
9,9,-0.39934528,0.6890199184417725,-0.5856870412826538
10,10,1.0,0.6890199184417725,-0.5856870412826538
