,time,event0,event1,event2
0,0,0.9112113,3.6219701766967773,-0.601516604423523
1,1,-0.562511,3.6219701766967773,-0.601516604423523
2,2,-0.70022035,3.6219701766967773,-0.601516604423523
3,3,-0.012509952,3.6219701766967773,-0.601516604423523
4,4,-0.7750086,3.6219701766967773,-0.601516604423523
5,5,0.9023016,3.6219701766967773,-0.601516604423523
6,6,0.2837121,3.6219701766967773,-0.601516604423523
7,7,-0.8016609,3.6219701766967773,-0.601516604423523
8,8,-0.5081829,3.6219701766967773,-0.601516604423523
9,9,-0.73872167,3.6219701766967773,-0.601516604423523
10,10,1.0,3.6219701766967773,-0.601516604423523
