,time,event0,event1,event2
0,0,0.44904643,3.1283156871795654,-0.5610354542732239
1,1,0.9299381,3.1283156871795654,-0.5610354542732239
2,2,-0.034426797,3.1283156871795654,-0.5610354542732239
3,3,-0.29887745,3.1283156871795654,-0.5610354542732239
4,4,0.8258483,3.1283156871795654,-0.5610354542732239
5,5,-0.39167795,3.1283156871795654,-0.5610354542732239
6,6,-0.79338765,3.1283156871795654,-0.5610354542732239
7,7,-0.04076339,3.1283156871795654,-0.5610354542732239
8,8,-0.2512995,3.1283156871795654,-0.5610354542732239
9,9,-0.87922674,3.1283156871795654,-0.5610354542732239
10,10,0.0,3.1283156871795654,-0.5610354542732239
