,time,event0,event1,event2
0,0,-0.788652,3.547865152359009,-0.2596345841884613
1,1,-0.26904684,3.547865152359009,-0.2596345841884613
2,2,0.79473424,3.547865152359009,-0.2596345841884613
3,3,0.3294062,3.547865152359009,-0.2596345841884613
4,4,0.9191935,3.547865152359009,-0.2596345841884613
5,5,0.9363268,3.547865152359009,-0.2596345841884613
6,6,0.64383274,3.547865152359009,-0.2596345841884613
7,7,-0.69845957,3.547865152359009,-0.2596345841884613
8,8,0.6169776,3.547865152359009,-0.2596345841884613
9,9,0.2898893,3.547865152359009,-0.2596345841884613
10,10,1.0,3.547865152359009,-0.2596345841884613
