,time,event
0,0.1441633037500263,0.0
1,1.4154446209215172,1.0
2,2.5188372066544447,0.0
3,4.413241205870953,0.0
4,4.677586873314656,1.0
5,5.795574582326489,1.0
6,6.7086087360945665,0.0
7,6.736556125731671,0.0
8,8.668661692204935,1.0
9,8.913680084733942,0.0
10,9.680551689868752,1.0
11,11.268800678335285,0.0
12,11.62363027647195,4.0
13,11.815891075080232,0.0
14,13.587228854534617,1.0
15,13.609185882224661,1.0
16,15.26445579820998,3.0
17,15.708530919564854,1.0
18,17.602004067348524,0.0
19,18.54543693007629,0.0
20,18.57920985225976,1.0
21,19.2532873505587,4.0
22,19.728467484178946,1.0
