,time,event
0,0.8624864215797271,1.0
1,1.6291162171851652,3.0
2,2.152292726980138,1.0
3,2.3197750402575497,1.0
4,3.009863617180792,0.0
5,3.3422268556257455,1.0
6,3.7514988682879613,0.0
7,4.702027689837205,1.0
8,5.160257987723329,3.0
9,6.581606449008955,1.0
10,6.921085056816385,1.0
11,9.042074872977693,4.0
12,9.096425849180086,1.0
13,9.579314768170239,1.0
14,10.386338213628639,1.0
15,11.750040696004778,0.0
16,12.924190569074373,1.0
17,12.937069257312348,0.0
18,14.266147200776928,0.0
19,14.41495941404208,4.0
20,16.01734623757062,1.0
21,16.877481411105745,1.0
22,17.419684174336922,1.0
23,18.69383876739254,1.0
24,19.102776962149647,0.0
25,19.158471846926382,1.0
26,19.51227209215228,1.0
