,time,event
0,1.7067259835932365,4.0
1,1.8569463512318218,4.0
2,2.161816121102925,1.0
3,3.044508444686764,4.0
4,3.627580361696647,1.0
5,4.414233301261749,0.0
6,4.490175865002736,1.0
7,4.516323899782706,4.0
8,4.532409647130494,2.0
9,5.412627489299354,2.0
10,5.818782294430825,3.0
11,6.121617596994256,3.0
12,6.2447678556699655,4.0
13,6.279851134910445,0.0
14,6.886965106422829,1.0
15,6.89901746907672,2.0
16,7.288968888238991,4.0
17,7.596597691042752,3.0
18,7.661496363763111,4.0
19,7.664249144214353,3.0
20,7.921786741478809,1.0
21,8.210172108299881,4.0
22,8.599271129367452,0.0
23,8.670838332621429,2.0
24,9.818637647383119,4.0
25,9.934903840239235,2.0
26,10.724295135506527,2.0
27,10.80784467036567,3.0
28,11.658504100712193,1.0
29,11.68792984380519,2.0
30,11.869713895869626,3.0
31,12.40092971129195,4.0
32,12.619828476343384,1.0
33,12.912112008217914,4.0
34,12.920312885162145,0.0
35,13.01955689614157,0.0
36,13.11818729208922,2.0
37,13.502328648013213,4.0
38,13.589539170459258,3.0
39,13.656365730960157,3.0
40,14.04634863891606,3.0
41,14.49681764018461,0.0
42,14.655548042715887,4.0
43,15.417680507574637,3.0
44,15.660994137581222,0.0
45,15.92588610476874,0.0
46,16.058804652260967,4.0
47,16.304764515788307,4.0
48,16.493745351661488,2.0
49,16.632394614809282,3.0
50,16.750793152771635,0.0
51,17.201898254794855,3.0
52,17.211553556128703,3.0
53,17.250313254952815,3.0
54,17.501603761819382,3.0
55,18.145585266599927,3.0
56,18.20358523024482,2.0
57,18.4163150049647,1.0
58,18.4897821573712,0.0
59,19.241904996811733,2.0
60,19.49758982764697,0.0
61,19.803275351226652,2.0
62,19.91531478920736,4.0
