,time,event
0,0.06545924355340599,0.0
1,0.7865145383607366,3.0
2,1.403859249814949,3.0
3,1.4782681944567213,2.0
4,1.4957615044738197,3.0
5,1.573910166138693,0.0
6,2.5258619106595543,1.0
7,2.788949946397963,4.0
8,2.9387643525818197,0.0
9,3.0750447077535545,2.0
10,3.203428923189727,3.0
11,3.6025558122537658,3.0
12,3.905775147547705,0.0
13,4.158131285567925,0.0
14,4.820247020426105,3.0
15,4.940280067127889,2.0
16,5.180171564647255,0.0
17,5.186851532458774,1.0
18,5.5151276176493536,4.0
19,6.37850046028843,0.0
20,6.468785106145516,1.0
21,6.4754065716479845,0.0
22,6.790604934411641,0.0
23,7.66418979249759,3.0
24,8.359362505817064,4.0
25,9.062177754371318,0.0
26,9.917286411131279,2.0
27,10.399149552920107,4.0
28,10.819698033455952,2.0
29,11.388843177141998,0.0
30,11.762388494202547,4.0
31,11.843308864119965,0.0
32,12.15144908055191,0.0
33,13.014992460001663,3.0
34,13.04641935555405,2.0
35,13.382215386167367,1.0
36,14.650188587025536,1.0
37,14.728301879185766,4.0
38,15.253816324500475,2.0
39,15.718704099212516,3.0
40,15.975684196422009,4.0
41,16.783000206786234,3.0
42,16.87291003941592,3.0
43,17.605892104926337,1.0
44,18.10212332486897,0.0
45,18.485255407430067,2.0
46,18.886367732083166,2.0
47,19.308636454855332,0.0
48,19.753885660101563,0.0
