,time,event
0,0.035642491750776197,0.0
1,0.2091545766448553,0.0
2,0.32500179668859985,3.0
3,0.5228432734470899,4.0
4,0.5361131837836847,0.0
5,0.7589813348593598,0.0
6,1.2465009032938021,0.0
7,1.5064496014499469,3.0
8,1.873398094578285,0.0
9,2.1567568009373534,3.0
10,3.0530779405880764,3.0
11,3.5249532964913097,2.0
12,4.121546970826433,0.0
13,4.154224303429138,4.0
14,4.546647068134396,0.0
15,4.7505527846995985,2.0
16,4.784988179692828,3.0
17,5.8285625807048556,1.0
18,5.879218091967619,2.0
19,5.948237401382611,3.0
20,7.068413419469082,0.0
21,7.413239648583318,4.0
22,8.34664583437191,1.0
23,8.40235217932853,4.0
24,8.588117457712736,0.0
25,8.689146182797657,4.0
26,9.248720611274221,0.0
27,9.265852663319773,0.0
28,9.837025532729399,0.0
29,10.052862989740337,1.0
30,10.522345927597188,0.0
31,10.616390682512096,4.0
32,11.715769363350539,2.0
33,11.837042276580918,2.0
34,11.884124842700746,4.0
35,12.330173232233069,4.0
36,12.362126617304561,3.0
37,12.479913975012442,3.0
38,13.236112568251546,3.0
39,13.257233994007823,0.0
40,13.27013404380891,3.0
41,13.32842928447089,2.0
42,13.863955560399813,2.0
43,13.95653848077024,3.0
44,14.370431901162611,4.0
45,14.445865638811698,0.0
46,14.904618064951686,2.0
47,16.828583198962075,0.0
48,16.912306669052192,3.0
49,17.936338907969056,3.0
50,18.390812918307255,1.0
51,19.81641290302885,3.0
