,time,event
0,0.569850338952389,3.0
1,0.6342360101737755,3.0
2,0.8873874972973942,3.0
3,1.729423683927771,3.0
4,2.038229996459407,4.0
5,2.583524011951355,4.0
6,2.6409600749278987,2.0
7,3.090760041299485,2.0
8,3.1550755441602174,4.0
9,3.3388935515581517,4.0
10,3.536520433971908,0.0
11,3.873186366750433,0.0
12,3.9794726204206863,1.0
13,5.101852309033435,1.0
14,6.234425343479874,0.0
15,6.52824342765615,0.0
16,6.72539841855562,3.0
17,7.107808737162288,4.0
18,7.546181919829094,0.0
19,7.9695407706068195,0.0
20,8.381341904552844,3.0
21,8.56068490069662,0.0
22,8.6908506038799,0.0
23,9.252946277286032,2.0
24,9.36418933928362,4.0
25,9.70536820515039,2.0
26,12.008239999481292,2.0
27,12.303609451490308,0.0
28,12.433784953590411,2.0
29,12.567609383301315,1.0
30,12.59037289695515,3.0
31,12.616090213868308,2.0
32,12.914685071698118,3.0
33,13.16578510025607,4.0
34,13.78851568495926,4.0
35,14.048682680051213,2.0
36,14.838467116553351,2.0
37,15.168332927084895,0.0
38,16.074144251610928,0.0
39,16.451933807127,2.0
40,16.514855769658475,4.0
41,16.584586218786374,3.0
42,16.58705753200746,1.0
43,16.825871867262887,3.0
44,17.19275319909905,0.0
45,17.366726360414763,4.0
46,17.427047654954894,0.0
47,17.57314667226243,3.0
48,18.129121146419514,1.0
49,18.281947859431092,2.0
