,time,event
0,0.012080662631836478,3.0
1,1.1698559232330232,3.0
2,1.683643262192624,3.0
3,1.7560326002961093,4.0
4,2.092792617284467,2.0
5,2.0963396676536385,1.0
6,2.3372934639880216,2.0
7,2.597555431811165,0.0
8,2.857647048274486,0.0
9,2.8594801923944524,4.0
10,3.30142627833186,0.0
11,3.625594249254215,3.0
12,4.006439666696426,2.0
13,4.691727412037456,0.0
14,4.972725626890129,1.0
15,4.975356519348982,3.0
16,4.993262351822639,1.0
17,5.105112300280587,4.0
18,5.281929079832612,2.0
19,5.361796711396206,1.0
20,5.463746633367464,2.0
21,6.648166848895396,0.0
22,6.979082255168011,1.0
23,7.177417923759918,3.0
24,7.54010506718011,3.0
25,7.801815774146518,0.0
26,7.86996514463439,0.0
27,7.9468528248553225,0.0
28,8.32561534897172,3.0
29,8.42840798358115,0.0
30,9.393294385417136,4.0
31,9.575241817053861,0.0
32,10.188540851119086,3.0
33,10.594546144524308,2.0
34,11.25242632593871,2.0
35,12.557852302127726,3.0
36,12.694513416210542,3.0
37,12.932686288392084,1.0
38,13.251963242230172,4.0
39,13.409333677437518,2.0
40,15.118287785944386,0.0
41,15.461382743003476,0.0
42,15.599233498927685,0.0
43,16.870501202675765,0.0
44,16.930231783105594,0.0
45,16.998969132465618,4.0
46,17.24568051332858,0.0
47,17.64075839452824,4.0
48,17.766153725693673,0.0
49,17.92440683512257,3.0
50,17.947636457169722,0.0
51,17.950428308819614,2.0
52,17.97586143316167,4.0
53,18.0301602869678,2.0
54,18.257926323521765,0.0
55,18.405287893679315,1.0
56,18.61684289904384,0.0
57,19.659237814513894,3.0
58,19.906626971397763,1.0
59,19.940756068770966,2.0
