,time,event
0,0.36402488676073225,3.0
1,0.7156497100366066,0.0
2,1.4431612161803713,3.0
3,2.229858881782308,4.0
4,2.4326007801804272,3.0
5,2.9981190495587917,0.0
6,3.5616288763683253,3.0
7,4.96771321241532,4.0
8,5.616364127313262,0.0
9,5.827661129201682,0.0
10,5.878728671523168,4.0
11,5.927343598577926,0.0
12,6.01331607788935,0.0
13,6.150889396899974,2.0
14,6.312418833547272,4.0
15,6.8654255801879005,3.0
16,7.1243605764902265,3.0
17,7.397869332797323,0.0
18,7.450998078576522,4.0
19,7.800620944269863,4.0
20,7.904866648554246,0.0
21,8.804063108912642,3.0
22,10.041885121145686,3.0
23,10.749106592808618,2.0
24,10.948908579435592,0.0
25,11.03049474808742,4.0
26,11.445213127568127,3.0
27,12.203845486221269,0.0
28,12.616284878216575,0.0
29,12.665748506648558,0.0
30,13.236307098211244,0.0
31,14.170033127124182,0.0
32,15.14070749879484,3.0
33,15.19014887862162,3.0
34,15.213751236214554,4.0
35,15.270806167378975,0.0
36,15.325863907596098,3.0
37,15.75744171486237,0.0
38,16.44111493855243,0.0
39,17.71467024263625,0.0
40,18.63218712997553,4.0
41,18.89592774566498,0.0
42,19.832195795494588,0.0
43,19.894449264826278,0.0
