,time,event
0,0.22552883263678505,4.0
1,0.37984830972976613,3.0
2,0.4240773564396013,3.0
3,0.46683680042851977,1.0
4,1.587152088572847,0.0
5,2.0101586619969556,3.0
6,2.067295518963418,3.0
7,2.6830117854140547,3.0
8,2.867669944303718,0.0
9,3.8823284451707525,4.0
10,4.033382592454117,3.0
11,4.611635220648984,1.0
12,4.630326274585103,0.0
13,4.664716696106922,1.0
14,4.847284489479311,0.0
15,5.644084408218618,4.0
16,5.82960131320324,3.0
17,6.31629594695071,0.0
18,6.881749585341443,0.0
19,7.0010416710475925,3.0
20,7.079948283969539,2.0
21,7.434852862303427,3.0
22,7.560455831478046,0.0
23,7.604985473745585,3.0
24,7.778343392613686,4.0
25,7.785977056739748,3.0
26,7.961622265926192,3.0
27,8.001681681324042,0.0
28,8.120032449205304,3.0
29,8.268118924593074,3.0
30,8.795794993635788,0.0
31,8.926738404516284,0.0
32,9.17318987849087,4.0
33,9.22788064013274,4.0
34,9.500406170477177,3.0
35,9.54576715627774,3.0
36,9.577638920127942,0.0
37,10.387054749559635,4.0
38,11.017270731050695,1.0
39,11.241051934145982,4.0
40,13.272046823044644,3.0
41,14.60408830396326,0.0
42,14.62733569308776,0.0
43,14.733049074998538,1.0
44,15.248462917024186,3.0
45,16.179473925747658,0.0
46,18.545517077187007,3.0
47,18.630705147369508,0.0
48,18.97298583757478,4.0
49,19.058513848277723,3.0
