,time,event
0,0.10171155912174047,0.0
1,0.6516389863806212,2.0
2,0.6924677115197545,2.0
3,0.7213873445120842,4.0
4,0.9331558015370311,0.0
5,1.1316009231382211,2.0
6,2.112052204889277,4.0
7,2.738017925868143,2.0
8,2.8338618008213454,2.0
9,2.8740502301143533,2.0
10,3.228064670047236,2.0
11,3.6286807174809046,4.0
12,3.8234721984836657,2.0
13,3.86805518417618,2.0
14,4.372010101473224,1.0
15,4.51732571572087,0.0
16,5.053164042491897,4.0
17,5.095547090615244,3.0
18,5.102419141353759,0.0
19,5.309706208628346,1.0
20,5.705982472394516,4.0
21,5.789688028458419,3.0
22,6.004021765051288,0.0
23,6.3206161214823675,0.0
24,6.492876717276444,4.0
25,6.815920977078749,0.0
26,6.945497249394148,1.0
27,6.958477040598246,4.0
28,7.5349438861997875,4.0
29,8.307218161162494,4.0
30,8.355897664697538,4.0
31,8.502375672625512,0.0
32,8.560688890914072,4.0
33,8.584653080971359,4.0
34,9.333163886691036,2.0
35,9.393879254370818,0.0
36,9.544434917477995,4.0
37,9.728393799366767,3.0
38,9.740670810275857,1.0
39,9.820794552321363,2.0
40,9.998997940948422,4.0
41,10.35334152420381,2.0
42,11.02216212111111,4.0
43,11.46586374659591,1.0
44,11.745288596706109,2.0
45,11.77926744121273,3.0
46,12.026733048907213,0.0
47,12.306825509355027,1.0
48,12.472721055969902,0.0
49,12.515759785688013,3.0
50,12.59803712582834,2.0
51,12.821745407081469,0.0
52,12.830323791501957,3.0
53,12.875109435814423,0.0
54,13.785270334236547,3.0
55,14.90248850561578,4.0
56,14.939186624239131,3.0
57,15.019671233437347,4.0
58,15.438311411716786,1.0
59,16.23483012218827,2.0
60,16.315973099867453,0.0
61,16.62086269235176,4.0
62,16.64183580460461,2.0
63,16.67231755668079,4.0
64,16.690695243368573,3.0
65,16.810474653372555,3.0
66,16.85778619235267,2.0
67,17.284511530307583,4.0
68,17.358045097905702,4.0
69,17.371235813378892,2.0
70,17.82821193366275,0.0
71,18.147173262007797,4.0
72,18.543621507575796,0.0
73,19.061196598059645,4.0
74,19.43264755838537,2.0
75,19.801356589004108,1.0
