,time,event
0,0.4161195547824669,4.0
1,0.769913978406187,0.0
2,1.067159304973998,1.0
3,1.3166630717275163,2.0
4,1.4490594264177226,0.0
5,2.031482079361422,2.0
6,3.217678944917544,2.0
7,3.5667081090448907,0.0
8,4.360638632364427,4.0
9,4.479508574898035,0.0
10,4.812801775567873,3.0
11,5.069703185115296,1.0
12,5.6678501137687505,2.0
13,5.6939898567440315,4.0
14,6.571803799667369,2.0
15,7.288567467151147,2.0
16,7.499056504740638,2.0
17,7.50585642545324,4.0
18,8.045338150228078,3.0
19,8.327685739152649,0.0
20,8.37416871313298,4.0
21,8.507318502261583,3.0
22,9.135780761636767,3.0
23,9.654238091325531,1.0
24,10.375555132201619,2.0
25,10.557588794392139,0.0
26,10.582290111008575,2.0
27,10.62302531396088,4.0
28,11.310308861884462,0.0
29,11.967230510872941,4.0
30,12.155435219978271,4.0
31,12.330099099540407,2.0
32,12.387685646236715,1.0
33,12.429720397641836,2.0
34,12.611051507119903,2.0
35,12.791443559647176,3.0
36,13.65356055091283,0.0
37,13.945932171646986,2.0
38,14.314514622247264,1.0
39,15.319024464983341,4.0
40,15.392545419162456,4.0
41,15.509473812918163,0.0
42,16.138401875394365,0.0
43,16.581372263928138,3.0
44,16.778483174259968,0.0
45,16.824159731029646,1.0
46,16.851588193847956,4.0
47,17.060730504038293,4.0
48,17.921477242473042,1.0
49,17.960702705762166,4.0
50,18.004336331582216,2.0
51,18.070727062722465,3.0
52,18.21876711229711,4.0
53,18.767953298925917,4.0
54,19.14634132298527,3.0
55,19.415421182712905,0.0
