,time,event
0,0.14784215847953722,2.0
1,0.5907690196726172,3.0
2,1.3406801851109977,0.0
3,1.4661417939764163,2.0
4,2.1684413188705167,0.0
5,2.2398138014437747,1.0
6,2.505095296029647,4.0
7,2.5964472065089033,1.0
8,2.7082676897628084,4.0
9,3.063273944675509,0.0
10,3.6570859350252696,1.0
11,3.7741218299999306,4.0
12,3.978068589768649,4.0
13,4.214397160883056,1.0
14,4.612835521343259,0.0
15,4.952217008109449,4.0
16,5.110349641189071,2.0
17,5.377085672413165,0.0
18,6.677050524954442,1.0
19,6.980606393946054,0.0
20,7.333407935971593,2.0
21,7.749208760591311,1.0
22,8.932803613226866,2.0
23,9.274374559640137,3.0
24,9.704357956317924,4.0
25,9.767780307652378,1.0
26,10.376851894011647,4.0
27,10.87461232794917,0.0
28,10.875449845702663,4.0
29,11.004753134494656,4.0
30,12.371609552563482,1.0
31,13.085243296613472,0.0
32,13.283879129204504,4.0
33,14.045548338642613,4.0
34,14.394708107860733,2.0
35,14.40439138774944,4.0
36,14.5156190748831,4.0
37,14.76039406693372,1.0
38,14.81086028204449,3.0
39,15.242406962186415,2.0
40,15.522805045241235,1.0
41,15.584440361570257,4.0
42,15.61351180969052,2.0
43,15.74547445503245,2.0
44,16.48783126046905,4.0
45,16.88380791781214,4.0
46,17.184866469913146,0.0
47,17.78314073083317,2.0
48,17.897463394801065,4.0
49,18.68411293630528,4.0
50,18.897359097736462,2.0
51,18.959876027731262,4.0
52,18.975299054666152,0.0
53,19.77008797468665,4.0
54,19.81773653479909,3.0
55,19.903023886894537,2.0
