,time,event
0,0.0336245422415159,4.0
1,0.1263628533056127,1.0
2,0.9867937174581476,2.0
3,1.5208451050826448,1.0
4,1.5461730084146377,2.0
5,1.7844634077609998,1.0
6,2.019169956045063,2.0
7,2.885870048973773,3.0
8,2.9422276166671493,3.0
9,2.9569967923551674,4.0
10,3.0598726079855734,0.0
11,3.2493347250161357,0.0
12,3.4415723488366097,2.0
13,3.56797766773007,1.0
14,4.394927325354875,2.0
15,4.512902754350805,0.0
16,4.575725385200315,1.0
17,5.256170724026243,4.0
18,5.684559124585403,1.0
19,6.505431658323448,3.0
20,6.573007778350209,0.0
21,6.939390115490464,3.0
22,7.202355212268648,1.0
23,8.122247820688528,3.0
24,8.270081253949115,0.0
25,8.445342529750747,4.0
26,8.683023195412689,2.0
27,9.149144668356662,1.0
28,9.162104448413658,0.0
29,9.218833232851535,4.0
30,9.27694311784518,4.0
31,9.401873567398257,2.0
32,9.59680929802314,1.0
33,9.916011935697579,2.0
34,10.007501704806149,2.0
35,10.251032420227423,3.0
36,10.58120669197033,4.0
37,11.01933924829951,2.0
38,11.076353177457618,4.0
39,11.382081306257476,1.0
40,11.412434887583995,4.0
41,11.560035161103357,4.0
42,11.691488960676905,3.0
43,12.153398308315776,3.0
44,12.339597642108714,2.0
45,12.636857884988057,4.0
46,12.769548695142486,1.0
47,12.94538413066371,4.0
48,13.452896052149384,0.0
49,13.494069859475172,3.0
50,13.77627093849922,1.0
51,13.951958546035355,2.0
52,14.058597696876495,1.0
53,15.103425556666972,4.0
54,15.72865495278111,1.0
55,15.939138399377363,2.0
56,16.789608113425434,2.0
57,16.925288409819338,1.0
58,17.430678316844745,2.0
59,17.971617949802287,2.0
60,17.98004355089569,3.0
61,18.022374972103464,1.0
62,18.38382106410972,1.0
63,18.596467886622673,3.0
64,18.62464290460603,2.0
65,18.74729050724779,0.0
66,18.986773127111473,0.0
67,19.035309041024775,4.0
68,19.92639791635697,2.0
