,time,event
0,0.23840024170154892,4.0
1,0.3109866872657969,4.0
2,0.5638192694877545,4.0
3,1.282890472102684,4.0
4,1.829030882801334,4.0
5,2.24053049923258,4.0
6,3.0211114801706547,3.0
7,3.0482738558304296,2.0
8,3.114692499374096,4.0
9,3.1184309293799553,3.0
10,3.437058069211493,2.0
11,4.179442447798104,2.0
12,4.471261642775293,3.0
13,4.735737087184431,0.0
14,5.112872467229477,3.0
15,5.16778901732807,3.0
16,5.574977221325143,1.0
17,5.744879243612989,4.0
18,6.1532803038325525,1.0
19,6.404577754447793,2.0
20,6.575006706346689,4.0
21,6.940937173560507,2.0
22,7.285134121696643,3.0
23,7.372488724678236,2.0
24,7.685767941702904,2.0
25,7.957125034564212,3.0
26,8.173144631890107,0.0
27,8.414308045480027,4.0
28,8.92968299417724,0.0
29,9.244657053452272,2.0
30,9.974500708792403,2.0
31,11.035001764779308,3.0
32,11.057214980275942,3.0
33,11.379723385285587,0.0
34,11.630897708284802,0.0
35,12.038028989988867,2.0
36,12.048790454889648,3.0
37,12.939973120234528,3.0
38,13.051829060608432,4.0
39,13.120905673498703,2.0
40,13.228415667849468,2.0
41,13.650140430443798,4.0
42,14.719706602312153,3.0
43,15.910913859018082,4.0
44,16.102806465335224,4.0
45,16.21421420972674,1.0
46,16.24749988328689,2.0
47,16.47890741663926,0.0
48,16.841060244424735,2.0
49,17.048569541699518,0.0
50,17.294046849295416,0.0
51,18.28882864015714,4.0
52,18.52047466309351,2.0
53,19.11952368127059,4.0
54,19.457677913987343,0.0
55,19.726215765981028,2.0
