,time,event
0,0.5386408696900353,0.0
1,0.886622618740007,0.0
2,1.0767937719262906,2.0
3,1.1074915412452473,4.0
4,1.626044080629081,4.0
5,1.7071495499033138,4.0
6,2.6411373650400414,2.0
7,3.4240670497477694,0.0
8,3.4987390338536026,2.0
9,4.238898384476185,3.0
10,4.534925606818174,1.0
11,4.993160350596531,4.0
12,5.29746756453716,1.0
13,5.849349550723879,0.0
14,6.094537320808562,2.0
15,6.1472206092982935,4.0
16,6.247512737837048,3.0
17,6.457860967756662,1.0
18,6.507918723553378,0.0
19,7.542013170293098,0.0
20,8.279444699726904,1.0
21,8.997421805864322,4.0
22,9.199774232770265,3.0
23,9.610815183142556,0.0
24,9.759102738564946,4.0
25,9.782254918481955,4.0
26,9.968833035944535,1.0
27,10.019830776950862,0.0
28,10.044469628527962,2.0
29,10.189539215202839,4.0
30,10.206004677389746,1.0
31,10.424675735315049,0.0
32,10.588327672884388,4.0
33,10.932939367582401,1.0
34,11.051818201121181,1.0
35,11.113238093922034,4.0
36,11.853264219566276,4.0
37,12.087714907876915,1.0
38,13.097655833920856,3.0
39,13.444501760439827,0.0
40,13.654701027355433,3.0
41,14.03589494488265,0.0
42,14.374187474600165,4.0
43,14.482073598559705,2.0
44,15.48782056617405,1.0
45,16.19390119813408,4.0
46,16.20598132340215,3.0
47,16.350901844651304,1.0
48,18.28324838777915,2.0
49,18.75323596327422,3.0
50,19.082369522679492,1.0
51,19.295528270331726,3.0
52,19.33811140960191,2.0
53,19.343837350123632,2.0
54,19.43430481206071,2.0
55,19.494375962877942,2.0
56,19.74428909802839,0.0
