,time,event
0,1.366658713096906,2.0
1,1.5244731195979369,4.0
2,2.555602172428109,4.0
3,3.2323678718202755,4.0
4,3.751565272072444,0.0
5,4.418809549758183,0.0
6,4.48364262220611,3.0
7,4.793106805521493,0.0
8,4.918752834176086,0.0
9,5.1300284579720055,0.0
10,5.226387993984623,3.0
11,5.2698178912485005,0.0
12,7.032323260394641,0.0
13,8.163698317561193,2.0
14,8.342631389801081,4.0
15,8.818285911160213,4.0
16,9.04602116158999,3.0
17,9.132002728613056,0.0
18,9.488241059074257,1.0
19,11.520211175718483,3.0
20,11.572424087360545,4.0
21,11.674785104338445,0.0
22,11.750494175452381,4.0
23,12.550053989143438,3.0
24,12.742652966512498,0.0
25,13.084123859639854,2.0
26,13.52749454365194,4.0
27,13.750339241118525,3.0
28,14.080694671544057,0.0
29,14.593441238494426,3.0
30,14.82787674729857,2.0
31,15.17527547105302,0.0
32,15.502362498992703,0.0
33,15.63210833081156,4.0
34,15.781504684935356,3.0
35,16.15114761543526,4.0
36,16.806280796839744,1.0
37,17.246102069311767,0.0
38,17.50146995289235,3.0
39,18.079136104187338,2.0
40,18.113937492658064,0.0
41,18.152437156389894,2.0
42,19.267988741488843,3.0
43,19.730865444611464,4.0
