,time,event
0,0.05286862750458735,4.0
1,0.1376549397635217,0.0
2,1.57542518474356,3.0
3,2.0068934419371915,4.0
4,2.3878583020720803,4.0
5,3.279703548473867,0.0
6,3.282175423788611,3.0
7,3.7589641720897524,4.0
8,3.9469213233507303,3.0
9,4.236133710833242,0.0
10,4.77823679838223,0.0
11,4.807017706037604,0.0
12,4.861955571275874,3.0
13,5.134035752286984,0.0
14,5.394669238733637,4.0
15,5.591142822722149,4.0
16,5.8979571567099605,4.0
17,6.145725283596442,0.0
18,6.451699510645173,4.0
19,6.520170413023563,2.0
20,6.563984304286854,4.0
21,7.456438689374839,4.0
22,7.4794715429087715,4.0
23,7.786385391896707,0.0
24,7.867089588682036,3.0
25,8.120581704592121,0.0
26,8.345148031430643,3.0
27,8.872984634507883,1.0
28,9.23438193246552,0.0
29,9.2871868437436,0.0
30,9.720715689607179,0.0
31,10.084051783449492,3.0
32,10.187387383711956,4.0
33,10.396155268395956,0.0
34,10.77530952253507,0.0
35,11.313960284964622,2.0
36,11.49501123360237,3.0
37,11.595788184277678,4.0
38,11.656860473258954,0.0
39,11.77744801924115,0.0
40,11.796265531623963,3.0
41,12.11605507402784,2.0
42,12.256409672436085,0.0
43,12.259767425693473,4.0
44,12.468413510478367,3.0
45,12.506162058778122,2.0
46,12.853364407714787,4.0
47,12.946642282238548,4.0
48,13.611374519779638,1.0
49,13.61738254988998,4.0
50,14.416767546125492,4.0
51,14.622216956216597,2.0
52,16.076934168630455,0.0
53,16.095296248092968,3.0
54,16.360724959773876,2.0
55,16.369479702099174,4.0
56,16.701939635084468,0.0
57,16.78313215434488,1.0
58,17.97157062521645,3.0
59,18.837898998449443,2.0
60,19.41635293753992,0.0
61,19.65796767457529,3.0
62,19.836080654871537,4.0
63,19.84452757387491,3.0
