,time,event
0,0.793980414743835,0.0
1,1.139204316190369,3.0
2,1.8847680202882362,4.0
3,2.753483099797444,3.0
4,2.78832014885033,0.0
5,2.8090270410919134,0.0
6,3.7282405526469544,0.0
7,4.165449300429554,1.0
8,4.284980510071326,4.0
9,4.642754491199438,3.0
10,4.749233905250563,0.0
11,5.746191941505479,0.0
12,7.935762033866091,3.0
13,8.235726787674313,2.0
14,8.882398765522824,0.0
15,9.146998888054581,3.0
16,9.35383464587591,3.0
17,9.715790301671252,3.0
18,10.434906027689568,0.0
19,10.72457456030966,0.0
20,11.055632274339045,0.0
21,13.132060964859695,3.0
22,13.300666767758,4.0
23,13.365294518030527,0.0
24,13.554246382129387,4.0
25,14.301828209015287,3.0
26,14.95262458793678,0.0
27,15.823395765235974,0.0
28,16.691230933934,4.0
29,17.04215439168545,3.0
30,17.104320700619656,0.0
31,17.22171863554994,4.0
32,18.000966785115175,4.0
33,18.17429602468048,4.0
34,18.472681598979996,3.0
35,19.81214846271389,3.0
36,19.906825601423034,0.0
