,time,event
0,1.731529850822621,0.0
1,2.275944303550327,4.0
2,2.719015156620056,3.0
3,3.025453493884025,4.0
4,3.2762948675771657,2.0
5,4.155835189817745,0.0
6,4.242814679250228,4.0
7,4.29407246563416,0.0
8,4.50316056482499,0.0
9,4.670066545677208,4.0
10,4.971739430628123,0.0
11,5.016707398710866,2.0
12,5.400069476122997,2.0
13,5.629805610104438,0.0
14,6.0423397743772185,3.0
15,6.686410756708665,0.0
16,6.887767120094811,2.0
17,7.155363874951604,1.0
18,7.892594981294864,3.0
19,8.360500620434777,2.0
20,8.626410813209539,3.0
21,9.441441000778003,3.0
22,9.69835250898765,4.0
23,10.030056995660551,4.0
24,10.093591070756167,3.0
25,10.531368979308507,1.0
26,11.962014789316004,2.0
27,12.312655935528033,0.0
28,14.281263651274058,0.0
29,16.20264448184107,2.0
30,16.225933915461756,4.0
31,17.043026592102166,0.0
32,17.202285445341,0.0
33,17.30128661657766,0.0
34,17.32171446483663,0.0
35,17.77750196404558,0.0
36,18.073903952016227,2.0
37,18.64391259647478,3.0
38,19.298804258806122,0.0
39,19.51082121160455,4.0
