,time,event
0,0.40817029944680083,0.0
1,0.4322534169448604,4.0
2,0.6205709351758532,0.0
3,0.6295769714592712,0.0
4,0.9290807427767943,2.0
5,1.0715250567492554,4.0
6,2.1556698373249357,1.0
7,2.4174623751762123,0.0
8,2.444036240126829,0.0
9,2.65090984000193,4.0
10,2.716514145898677,0.0
11,2.883739372351396,0.0
12,3.8938089267857077,3.0
13,4.909063442650096,3.0
14,5.015683401699455,4.0
15,5.251736718303827,3.0
16,5.610765786899156,2.0
17,6.100248841996444,0.0
18,6.234557840783856,0.0
19,6.492809190786005,4.0
20,6.90905838029843,0.0
21,7.3048111462675624,0.0
22,7.415493178151606,2.0
23,7.7291924493231585,2.0
24,7.930023349626698,4.0
25,8.054170699336888,2.0
26,8.058882597220613,0.0
27,8.916014509914389,4.0
28,9.670905360346048,4.0
29,9.789899229193352,0.0
30,11.082268535485099,0.0
31,11.51294724695329,3.0
32,11.986020717463818,0.0
33,12.292569444150539,0.0
34,13.547871601943934,4.0
35,13.80590266805549,3.0
36,13.841018642541462,4.0
37,13.965458756781791,0.0
38,14.317097997008545,3.0
39,15.380435256262453,0.0
40,16.08360109378692,4.0
41,16.190362807373386,3.0
42,16.442130383548946,2.0
43,16.849267078272334,2.0
44,17.16680779407602,0.0
45,17.327378079174238,0.0
46,17.636785075970103,0.0
47,18.15582975630522,0.0
48,18.838266100460103,3.0
49,19.174062280245188,2.0
50,19.741955250034515,3.0
