,time,event
0,0.4759973682757746,4.0
1,0.7712986195752877,0.0
2,0.8730774563796821,4.0
3,1.4050918013175733,1.0
4,2.5154220044401603,0.0
5,3.1819114241905453,4.0
6,3.931159793067881,0.0
7,3.98344143827896,2.0
8,4.593065735323315,1.0
9,4.740599597855141,2.0
10,5.099718452027913,0.0
11,5.131025259143392,0.0
12,5.159916290790422,3.0
13,6.047672652390246,0.0
14,6.234457393292361,3.0
15,6.678559951601803,3.0
16,7.2854320547692195,0.0
17,7.468160948730601,4.0
18,8.431846963382874,4.0
19,9.55410364393867,4.0
20,9.703230791887945,0.0
21,9.717330978839959,0.0
22,10.073273494681787,0.0
23,10.52539542590657,2.0
24,11.45456113822116,0.0
25,12.055672494527359,3.0
26,13.212911249546075,3.0
27,14.13407934229033,0.0
28,14.358172910513083,0.0
29,15.032437557128137,1.0
30,16.167226622449228,0.0
31,17.40004673767189,3.0
32,17.832619029355804,4.0
33,17.974483850903827,0.0
34,18.548086426082854,2.0
35,19.178258158716513,4.0
36,19.31723984606859,4.0
