,time,event
0,0.09446754887388718,4.0
1,0.11730049771185855,4.0
2,0.4862040762703914,0.0
3,0.49098614594075074,3.0
4,1.0447271883557212,3.0
5,1.8529188015703195,0.0
6,2.242810598405048,0.0
7,3.6020764503708222,2.0
8,3.8482078158802535,3.0
9,4.820255991767683,3.0
10,6.822280138805388,4.0
11,7.510529517872309,4.0
12,7.707206412322512,3.0
13,8.530405868161592,0.0
14,8.838101161252032,0.0
15,9.247532110807036,0.0
16,9.53021997507883,4.0
17,10.358465337022555,0.0
18,10.422447900183961,0.0
19,10.557100812083558,4.0
20,10.882885864484903,1.0
21,11.628194822595272,0.0
22,12.580188905915872,0.0
23,12.621880575196338,3.0
24,13.279737329010741,4.0
25,14.395299628277861,3.0
26,15.05332162999803,1.0
27,15.1115269125795,4.0
28,15.245415931563313,0.0
29,15.322498384338491,0.0
30,15.740259266419159,4.0
31,16.930674034271913,0.0
32,17.806078673333936,4.0
33,17.845120777318566,3.0
34,18.927102861768308,3.0
35,19.896427670177438,2.0
36,19.907403660137746,0.0
