,time,event
0,0.049029473446823825,4.0
1,0.07528740798811061,0.0
2,0.7752048767372366,3.0
3,1.4306383319389404,4.0
4,1.5597506494255573,3.0
5,3.254334926760149,4.0
6,3.2559397511850983,0.0
7,4.309704227381829,4.0
8,4.36745918012981,3.0
9,4.5979559365886224,4.0
10,4.663821767905985,0.0
11,4.696477450315039,4.0
12,4.761284604252549,4.0
13,4.95788305088472,0.0
14,4.980771930480516,0.0
15,5.840670047804979,2.0
16,5.9826056702056185,3.0
17,6.111321717101854,0.0
18,6.125259432862908,3.0
19,6.473029760591459,0.0
20,6.75086342759766,4.0
21,6.864366245473402,3.0
22,7.48719836561534,4.0
23,7.563417947187771,0.0
24,7.813489619548412,3.0
25,8.590353744115852,0.0
26,9.154646735589367,0.0
27,9.666783763184021,2.0
28,9.764053781945613,4.0
29,9.85246921666629,0.0
30,9.953319473256283,0.0
31,10.393741512091099,0.0
32,10.68174066321733,0.0
33,10.917428463773307,4.0
34,11.665661947652353,4.0
35,11.753986262655605,3.0
36,12.070338305433856,4.0
37,12.096923193570682,3.0
38,12.50414643939343,0.0
39,12.780497843340171,2.0
40,13.324547357515135,3.0
41,13.827183260385016,3.0
42,15.19901089641865,1.0
43,15.275061325001511,0.0
44,15.41173104660226,4.0
45,15.76388314201002,4.0
46,17.018649875026117,3.0
47,17.0550705977331,1.0
48,17.140527470545887,4.0
49,18.29159718138628,0.0
50,18.47145081812168,3.0
51,18.58084861554383,0.0
52,19.057598912446597,2.0
53,19.52147051087192,2.0
