,time,event
0,0.03516341278985696,3.0
1,0.34306940749243797,3.0
2,0.40796275464434634,3.0
3,0.44732417512584977,0.0
4,1.177889978604858,2.0
5,1.528639491165985,3.0
6,1.6506717593973241,2.0
7,1.9002173866221064,3.0
8,2.3181048840836964,3.0
9,3.5392583912873565,3.0
10,3.679950763772891,0.0
11,3.7499085539035226,2.0
12,3.982070043474181,2.0
13,4.188782558280716,1.0
14,5.104178338326803,4.0
15,5.531562237537612,2.0
16,5.597901314080861,0.0
17,5.707727568478817,0.0
18,5.818861962206511,2.0
19,6.409873126879992,3.0
20,6.429678832443587,0.0
21,6.6377790987586005,3.0
22,6.6492047326259796,2.0
23,6.832506887326376,2.0
24,6.939258756053995,4.0
25,6.985617072169004,0.0
26,7.092148842381056,2.0
27,7.543299835897155,2.0
28,8.003644848955759,4.0
29,8.177853878035156,0.0
30,8.446618945303698,2.0
31,9.371007702533715,0.0
32,9.808531667747708,3.0
33,10.222680816881255,3.0
34,10.345291774328619,2.0
35,10.801944896506804,2.0
36,11.369519928580324,1.0
37,12.006683562647657,2.0
38,12.65411384705324,0.0
39,13.058821492183808,4.0
40,13.244981194840568,3.0
41,13.245469500122743,1.0
42,13.72968417133265,2.0
43,13.83818580289054,0.0
44,15.864922955945744,2.0
45,16.07864255567949,0.0
46,16.295787480276122,3.0
47,16.502122415410295,0.0
48,16.519205355663882,2.0
49,16.89296409925835,4.0
50,16.92333452788291,4.0
51,16.942039686339125,2.0
52,17.174284066889214,2.0
53,17.800044500847232,3.0
54,18.51584490797647,4.0
55,18.648879908124723,2.0
56,19.352263671851734,3.0
57,19.463464394175908,2.0
58,19.468159266011128,3.0
59,19.806706685595355,2.0
