,time,event
0,0.07556069008555602,4.0
1,0.9371095792235057,4.0
2,1.7205838221467051,3.0
3,2.090474514663062,0.0
4,2.1626391304148274,2.0
5,2.203728103924104,0.0
6,2.514957022374394,2.0
7,2.703171542215298,2.0
8,3.7986739531832834,3.0
9,4.136896618860469,3.0
10,4.801486389390816,0.0
11,4.922796792145141,4.0
12,4.961062974991645,3.0
13,4.976519312622914,2.0
14,6.144857317376923,2.0
15,6.154360953405525,2.0
16,6.814450229254945,2.0
17,7.405503583923181,0.0
18,7.442190460199697,3.0
19,7.808300210167952,0.0
20,8.0302499567114,3.0
21,8.78140475927156,3.0
22,9.455218390905872,0.0
23,11.257889889517292,1.0
24,11.800511850177251,1.0
25,12.016993455125297,0.0
26,12.793031503816163,3.0
27,13.026008004008737,1.0
28,13.04614252960612,0.0
29,13.092135369055471,0.0
30,13.524510618794295,0.0
31,13.826092188238581,2.0
32,14.637409121794745,4.0
33,14.75073596436969,4.0
34,15.132112060281147,2.0
35,16.018158984061063,0.0
36,16.04009996624979,0.0
37,16.49501556394967,3.0
38,17.23942672818045,2.0
39,17.659919536364796,0.0
40,17.905759152947574,0.0
41,18.171203689683445,3.0
42,18.28214121679441,0.0
43,18.358040400245283,3.0
44,19.804368427098794,2.0
