,time,event
0,0.3684809535077877,2.0
1,0.5261115638695049,0.0
2,1.0989505731786982,4.0
3,1.1288870908135773,0.0
4,1.849886049181731,2.0
5,3.0449035007044047,0.0
6,3.1357093258005544,2.0
7,3.343179389287983,2.0
8,3.764861680831121,4.0
9,3.9489633659231305,0.0
10,4.272712839411945,0.0
11,4.387300794981241,0.0
12,4.820272936053912,0.0
13,5.807466061866336,2.0
14,6.500027032999021,1.0
15,6.715978368384709,0.0
16,6.852268981998358,2.0
17,6.921377864003213,4.0
18,6.989570902245873,0.0
19,7.041418504810789,3.0
20,7.133682334402306,3.0
21,7.8797842638907,4.0
22,8.560880406866016,2.0
23,8.699470917412258,3.0
24,8.751475470634238,2.0
25,9.667774521438975,0.0
26,11.29273513158426,0.0
27,11.55341138213911,4.0
28,11.742867347599645,3.0
29,12.293386056448998,3.0
30,12.626757979162786,3.0
31,12.803790677322311,0.0
32,13.28322379095445,0.0
33,13.324369498567046,3.0
34,13.506962860364068,4.0
35,13.56024617231293,4.0
36,13.820511241378597,0.0
37,14.072825156473044,4.0
38,14.237646555835342,0.0
39,14.373901267762523,3.0
40,14.719266432557218,0.0
41,14.786185160534275,3.0
42,14.802793530764221,3.0
43,15.119913248485567,0.0
44,15.168185836816775,0.0
45,15.356264726524266,2.0
46,15.64503867518481,2.0
47,16.046047517619968,2.0
48,16.06930509923381,2.0
49,16.25506831081214,4.0
50,16.688258273033558,2.0
51,17.065872329351496,2.0
52,17.47548338147482,1.0
53,17.946697205104428,1.0
54,18.082147131061383,0.0
55,18.19405236262876,4.0
56,18.229882230104852,0.0
57,18.619406651425393,3.0
58,18.70261321076865,2.0
59,18.838827024219583,0.0
60,19.143338876208702,3.0
61,19.157720467765092,2.0
62,19.28040222970966,2.0
63,19.71649164457939,2.0
64,19.796976435398786,3.0
