,time,event
0,0.14701092345985303,1.0
1,0.2011599563316765,2.0
2,0.2586285074425486,2.0
3,0.3555571540373086,3.0
4,0.7420341317079688,3.0
5,0.9869846725419655,2.0
6,1.0416453415720932,1.0
7,1.158770388364658,0.0
8,1.6053175169063378,2.0
9,1.7478894590476435,0.0
10,1.8217413742904909,0.0
11,1.955277827359629,0.0
12,2.0498138710332414,0.0
13,2.226517057279221,0.0
14,2.2434334923548946,4.0
15,2.7034670809548804,2.0
16,3.252479054623929,0.0
17,3.81387831433901,0.0
18,5.034697128995207,4.0
19,6.192236004720206,3.0
20,6.288020590996738,0.0
21,6.352492353973371,0.0
22,6.418103440480244,0.0
23,6.503962340829289,3.0
24,6.7225156982261876,4.0
25,6.771667045120766,0.0
26,6.888795984287256,2.0
27,7.209767133696104,0.0
28,7.571550087590888,2.0
29,7.829127365207003,2.0
30,8.039156324419606,2.0
31,8.272147893486153,1.0
32,8.279868900781706,0.0
33,8.300802801663309,0.0
34,9.185133704671898,4.0
35,9.22791294233683,2.0
36,9.743999906248867,4.0
37,10.257817942878622,2.0
38,10.435499734707744,4.0
39,11.118340698759695,0.0
40,11.388593714841807,2.0
41,12.155636784186015,1.0
42,12.194377755109029,2.0
43,12.249440601088526,4.0
44,12.45727752160246,2.0
45,12.498040205462091,3.0
46,12.70077535526788,4.0
47,12.779020772946334,3.0
48,12.984391939622528,0.0
49,13.171690423269553,4.0
50,13.340502407641484,0.0
51,13.38242252805825,3.0
52,13.429573093142544,2.0
53,13.478596961655397,2.0
54,13.575708556180043,4.0
55,14.403691699235399,2.0
56,14.47524055119228,3.0
57,15.034476561049452,3.0
58,15.245774171353068,2.0
59,15.54602046936447,3.0
60,15.612198922598566,4.0
61,16.080840429819308,4.0
62,16.17058687261511,2.0
63,16.280777254929554,2.0
64,17.326932498164005,0.0
65,17.3732591040081,2.0
66,17.70945685085067,2.0
67,18.248191495600793,4.0
68,18.346990945274936,0.0
69,18.367250797138226,2.0
70,18.818371734088153,0.0
71,18.873119340197015,0.0
72,18.9003153173409,4.0
73,19.139412669357398,2.0
74,19.21310399729676,3.0
75,19.33318790704244,2.0
