,time,event
0,0.34034537816881705,2.0
1,0.6489246382786478,2.0
2,0.7480364901221076,3.0
3,1.4018190201891347,4.0
4,1.4163061568821624,0.0
5,1.9165954118586477,0.0
6,1.9686669835825887,3.0
7,2.5192510780811457,2.0
8,2.8244552248958916,0.0
9,2.9645584493774098,0.0
10,3.3195508903830144,4.0
11,4.944549579341637,1.0
12,5.22627542810197,3.0
13,5.245968653409446,2.0
14,5.35548642972251,0.0
15,6.47346311398729,2.0
16,6.749680235370955,2.0
17,6.981301026000458,2.0
18,7.002218466839489,2.0
19,7.085733528997283,4.0
20,7.280816286669604,3.0
21,7.341119448367459,2.0
22,8.132062598316587,0.0
23,8.19508448265948,2.0
24,8.795936300708933,2.0
25,9.010773645600507,0.0
26,9.039423288264526,4.0
27,9.165285779496841,4.0
28,9.220183309224343,2.0
29,9.351550960445293,1.0
30,9.43055927062927,3.0
31,9.841845543959444,3.0
32,10.306098866359088,3.0
33,10.366303023657007,4.0
34,10.666641377154416,0.0
35,11.431006295391885,2.0
36,11.641783023536737,0.0
37,11.787250313306116,3.0
38,11.89361925167825,2.0
39,12.547743132711433,1.0
40,12.587754030768876,4.0
41,12.6667595059884,0.0
42,12.925738208988996,1.0
43,13.314845681547618,2.0
44,13.736097880843957,3.0
45,13.81354453468385,2.0
46,14.572264804337925,3.0
47,14.595632057151244,0.0
48,15.06524028804522,0.0
49,15.148246215251383,4.0
50,15.261717314381189,4.0
51,15.400280422209557,3.0
52,15.823569490541912,0.0
53,16.992832341016474,0.0
54,17.105590014319045,0.0
55,17.947019746170092,2.0
56,18.257775190027928,3.0
57,18.37983203628552,2.0
58,18.507601124561504,4.0
59,18.602125300437486,4.0
60,18.77554579079559,2.0
61,19.811312889423505,4.0
62,19.90475594845022,0.0
