,time,event
0,0.8102684285268752,2.0
1,1.2125554411051294,1.0
2,1.7204801483662844,3.0
3,1.7286480041506551,2.0
4,2.221286197796128,0.0
5,2.2518752843071543,2.0
6,2.531667997064415,2.0
7,2.644427905320644,2.0
8,2.771135278614494,2.0
9,2.912298321718594,0.0
10,2.987533917478427,3.0
11,3.496685971972202,3.0
12,3.8568439337274234,2.0
13,4.28231253657029,2.0
14,4.376841154537118,3.0
15,4.97486293042059,3.0
16,6.33844267463636,3.0
17,6.638000604609972,3.0
18,7.901914647386333,4.0
19,7.97793700428185,4.0
20,8.074423142836121,2.0
21,8.237463436804001,4.0
22,8.241285358609392,2.0
23,8.531771871313396,0.0
24,9.187201700282111,0.0
25,9.23694833257874,3.0
26,9.249846811249158,4.0
27,9.255954068194375,2.0
28,10.418261153502245,4.0
29,10.854561642128896,0.0
30,11.016739200128141,3.0
31,11.263191578603154,3.0
32,11.817496285519766,4.0
33,12.557304311480259,4.0
34,12.781193384135944,1.0
35,13.519728884203124,0.0
36,14.281204117557127,3.0
37,14.374426342822675,0.0
38,14.517460643330878,3.0
39,14.793922223650215,2.0
40,14.79762212323793,4.0
41,15.009047604140298,0.0
42,15.196432599965524,3.0
43,15.57508527754806,3.0
44,16.067909971966248,3.0
45,16.099241168049495,2.0
46,16.660688234193127,2.0
47,16.730690116158698,0.0
48,18.218894741338676,2.0
49,18.996378216492268,3.0
50,19.09723995656861,0.0
51,19.19051184511668,4.0
52,19.430426484362197,0.0
53,19.629058654134013,4.0
54,19.776957333412774,0.0
