,time,event
0,0.2566856976137694,2.0
1,0.2732868572394008,3.0
2,1.2408067848472495,4.0
3,1.7470220823136196,3.0
4,2.4698758128643803,4.0
5,2.617134599766097,3.0
6,2.7693807655536484,4.0
7,2.7878170272384892,0.0
8,2.8927982570030975,0.0
9,3.415599729549133,4.0
10,3.519345050747416,0.0
11,3.5258422648886567,4.0
12,3.5907498685945907,0.0
13,3.6713625024548917,3.0
14,3.7265005302716694,4.0
15,3.8330515878563864,0.0
16,4.549153096809677,2.0
17,4.851980130490705,3.0
18,4.990751149179786,2.0
19,5.1375272601764435,2.0
20,5.4301695931296035,0.0
21,6.062243513596172,0.0
22,6.347871709557208,2.0
23,6.715711283436126,4.0
24,6.780329908632526,4.0
25,7.114883592860782,2.0
26,7.149916775987616,3.0
27,7.186258982721817,0.0
28,8.02199440315669,3.0
29,8.256186656888715,4.0
30,8.27842637800258,4.0
31,8.538310787788706,3.0
32,8.73591218512368,0.0
33,10.783525948521099,0.0
34,11.168523490035058,0.0
35,11.206094924105674,2.0
36,11.45971854250366,2.0
37,12.958975042236007,0.0
38,13.268382714779337,0.0
39,13.30508032040389,3.0
40,13.598864438283538,4.0
41,13.83958821144675,0.0
42,14.641266642186858,2.0
43,15.440153419517033,2.0
44,15.44625737043406,2.0
45,15.631967268119643,0.0
46,16.905117495610718,3.0
47,17.08336821823576,0.0
48,17.148236400572266,3.0
49,17.441325694972235,4.0
50,17.75512310122633,3.0
51,18.34593667090473,2.0
52,18.482975131623494,2.0
53,19.201710509187272,0.0
54,19.238059589242962,3.0
55,19.267878551480955,4.0
