,time,event
0,0.3822407706868762,2.0
1,0.4538685283740742,0.0
2,0.556419372541514,2.0
3,0.5729873677959955,0.0
4,0.8327443775883057,4.0
5,1.6268888769223162,4.0
6,1.9917219983087542,0.0
7,2.1564618024205617,0.0
8,3.3746410930626065,3.0
9,3.6577942744240346,0.0
10,3.8794060945680453,2.0
11,4.6176047900747506,4.0
12,5.068278374506014,4.0
13,6.061352989918087,3.0
14,6.279487679110402,4.0
15,6.616784112292425,0.0
16,6.766059770732092,4.0
17,7.673814067118232,4.0
18,7.706686371532291,2.0
19,7.777856807412056,0.0
20,8.01171246976821,3.0
21,8.266016207146787,0.0
22,9.096972071740359,3.0
23,9.328978662242612,4.0
24,10.354964104355133,0.0
25,10.788370172789376,3.0
26,11.00891407138627,4.0
27,11.301373034906876,4.0
28,11.505381022081906,3.0
29,11.604246172974246,3.0
30,11.829333147601663,0.0
31,11.878755528656782,4.0
32,12.17449950109869,0.0
33,12.648378545499341,4.0
34,13.132922415724956,2.0
35,13.520722518329682,2.0
36,13.967110299083666,3.0
37,14.139083975696638,0.0
38,14.378147059552784,3.0
39,14.586159923242253,2.0
40,15.407001128011212,4.0
41,15.407101169465134,3.0
42,15.657259837368175,2.0
43,15.686014949695828,3.0
44,15.79121077561707,2.0
45,15.8959617401413,0.0
46,16.38478361609762,0.0
47,16.385046404172403,1.0
48,16.424280916776432,3.0
49,16.594231323689865,0.0
50,16.643779156652926,2.0
51,16.661236712123447,2.0
52,16.722472269655018,3.0
53,17.25370246637676,1.0
54,17.401093768544435,2.0
55,17.734731038939028,0.0
56,17.876569536518865,3.0
57,18.074833015001797,3.0
58,18.14593064246202,3.0
59,18.163847577814007,0.0
60,18.174394806009396,0.0
61,18.216955227504503,0.0
62,18.366885673800986,3.0
63,18.43362180690541,2.0
64,19.21060539339235,0.0
65,19.62573469031229,0.0
