,time,event
0,0.6605560595241942,3.0
1,0.7764664076022806,0.0
2,0.8081913350699848,2.0
3,0.8942705467624722,3.0
4,1.2545056434145874,2.0
5,1.5257998409383584,2.0
6,1.6560596673709704,0.0
7,1.673088735383165,4.0
8,1.6764673944518005,2.0
9,1.7007033481523084,0.0
10,1.8420100879264305,3.0
11,2.5477523738502894,0.0
12,2.652682787281406,0.0
13,2.8936126590184488,3.0
14,3.5646590018037885,1.0
15,4.0736186418007545,0.0
16,4.257492965223249,3.0
17,4.296714310000964,2.0
18,4.802665210117375,2.0
19,4.9998561699932935,2.0
20,6.205686423325605,2.0
21,6.457029307098978,2.0
22,7.468758486576801,2.0
23,8.109089456205078,2.0
24,8.562317531108562,0.0
25,8.750677767793412,3.0
26,8.975092486084469,0.0
27,9.023500457150558,2.0
28,9.102637923068597,3.0
29,9.270805319544575,2.0
30,9.403518764322985,3.0
31,9.482227558395179,2.0
32,9.66887365583049,2.0
33,10.001290191342308,3.0
34,10.13734747482267,3.0
35,10.195081056921147,2.0
36,10.332202936345732,3.0
37,11.14099670545247,4.0
38,11.334355858765267,1.0
39,11.399747861598323,2.0
40,11.857555250228197,1.0
41,13.681847400847815,0.0
42,13.871186290667548,3.0
43,13.93837199639493,4.0
44,14.740547326869434,0.0
45,14.814968087931742,1.0
46,15.172281636609817,3.0
47,16.09537450704892,2.0
48,16.443001749620134,3.0
49,16.62747545525151,0.0
50,16.727358123050564,4.0
51,16.869443434574027,0.0
52,17.10659254339515,2.0
53,17.354748535192243,3.0
54,17.92251079142069,0.0
55,18.084815362546372,2.0
56,18.294333329031858,4.0
57,18.84820123464929,2.0
58,19.412330437725448,2.0
59,19.48427724748326,3.0
60,19.787591236258542,0.0
61,19.858337952815532,0.0
62,19.88229425395402,2.0
63,19.926807028087612,3.0
64,19.992882915816093,0.0
