,time,event
0,0.14632819234065542,2.0
1,0.2218562371677965,2.0
2,0.5697940950271119,4.0
3,0.9510883067869013,3.0
4,1.6741298992168856,0.0
5,2.6856643606847035,2.0
6,2.724188582616916,4.0
7,2.857463180417374,2.0
8,3.6743768639258154,4.0
9,3.7078182447746473,2.0
10,4.335114949116363,0.0
11,4.36623969527139,4.0
12,4.459232991186238,2.0
13,4.58880658185754,2.0
14,6.2268051992806726,0.0
15,6.289791643405667,0.0
16,6.755996117688435,3.0
17,7.134249315092397,0.0
18,7.555323884972655,1.0
19,7.607705671745023,2.0
20,7.90716797749191,2.0
21,8.77164018775552,0.0
22,8.889089229433573,0.0
23,8.996803542539157,4.0
24,9.028912853977074,0.0
25,9.103372753166866,4.0
26,9.159091455564875,4.0
27,9.282868432532048,3.0
28,9.519848181933325,4.0
29,10.88920113081041,3.0
30,11.168175824601784,4.0
31,11.551345035374,0.0
32,11.621149499151215,3.0
33,11.62562153794704,4.0
34,11.66267926284474,4.0
35,11.743028144412568,4.0
36,12.074932986155506,3.0
37,12.346330925546393,3.0
38,12.440152191400504,2.0
39,13.023744161575992,0.0
40,13.690441185120433,0.0
41,13.95650521991149,3.0
42,14.63331165639971,3.0
43,14.730255728591217,2.0
44,14.837195612042775,3.0
45,14.95147058297183,2.0
46,15.071888011275295,3.0
47,15.52104430815999,3.0
48,16.222250180014957,2.0
49,16.247102697126444,2.0
50,17.13647498541594,3.0
51,17.467871614328306,4.0
52,17.615683418907974,3.0
53,18.185431977622375,0.0
54,18.938091435434064,4.0
55,19.610288204966245,3.0
56,19.882925863631588,4.0
