,time,event
0,0.11170445698594132,0.0
1,1.5210738587351278,1.0
2,3.5487029905404808,3.0
3,4.173832791692306,3.0
4,4.18156123800192,1.0
5,4.240448649758861,4.0
6,4.531427713903785,0.0
7,5.130211588373298,4.0
8,5.982549977264425,1.0
9,7.184040248692702,1.0
10,7.261685843821181,1.0
11,7.8712624721189215,1.0
12,8.133777181856809,2.0
13,8.26388467748588,2.0
14,8.381730108192556,1.0
15,10.019870158851349,1.0
16,10.201385882891708,3.0
17,10.205656066601094,1.0
18,10.396653997467892,1.0
19,10.648960849333319,4.0
20,10.971501833934035,1.0
21,13.408547605987321,3.0
22,13.823363220428,1.0
23,14.809656747443317,1.0
24,15.02853877964688,0.0
25,15.683651722384903,1.0
26,15.979153044027473,3.0
27,16.93744782726309,1.0
28,18.25666361568392,4.0
29,18.294515196536544,1.0
30,18.85706669912736,0.0
31,19.365589259516245,0.0
32,19.875338689044813,0.0
33,19.979318500155717,4.0
