,time,event
0,2.0187534699384475,4.0
1,2.0933742965367395,0.0
2,2.6256604767863503,0.0
3,3.0993751006044845,2.0
4,3.2543417823613736,0.0
5,3.4356169613358163,0.0
6,3.7857147366207435,4.0
7,4.367174212583763,3.0
8,5.237229385021189,4.0
9,6.326996254064947,3.0
10,6.940680950839475,0.0
11,7.188181581682282,4.0
12,7.5189764412135345,0.0
13,7.735590225698057,3.0
14,7.843503215358152,2.0
15,8.089930124583876,0.0
16,8.672529831655345,4.0
17,8.749996200261267,0.0
18,8.784844070707939,0.0
19,9.279417991409925,2.0
20,9.359408193735533,0.0
21,11.279619705625919,0.0
22,11.489585032977079,3.0
23,12.283439186864344,0.0
24,13.5227733212641,0.0
25,14.127360472250711,3.0
26,14.497654724454174,0.0
27,14.68501359526179,0.0
28,14.823442048558046,4.0
29,15.196983797577092,3.0
30,16.022957375245035,1.0
31,16.06450650063741,4.0
32,17.11660426543975,3.0
33,17.227272058209415,3.0
34,17.50634088162296,4.0
35,17.99628920775562,3.0
36,18.227670743347428,0.0
37,19.319294840540508,0.0
