,time,event
0,0.17760627564032067,1.0
1,0.5888631347236566,3.0
2,1.972857061101678,1.0
3,3.4500396841734204,3.0
4,3.5283690135859103,1.0
5,4.953965605466247,3.0
6,6.30758784505638,0.0
7,7.059925387097832,1.0
8,7.126864251747814,0.0
9,7.418767736183442,4.0
10,8.716069652601416,3.0
11,9.044164116238703,1.0
12,11.41449414843964,0.0
13,12.350108253895916,1.0
14,12.821724498646995,1.0
15,13.079993780333156,1.0
16,13.268493641720767,0.0
17,13.95622153376107,3.0
18,14.23029314637835,3.0
19,15.27999129098265,1.0
20,15.437683862192118,0.0
21,15.633469539900009,1.0
