,time,event
0,1.8223436420625185,0.0
1,2.396854354831829,0.0
2,2.741282565172054,1.0
3,3.5722636838827917,1.0
4,3.67092551517851,0.0
5,4.7216669462218475,1.0
6,5.920019199132465,2.0
7,6.1041987583120765,3.0
8,6.913973848792388,3.0
9,7.612465275800586,1.0
10,8.068969199079593,1.0
11,8.982118198912072,1.0
12,9.537022176267719,3.0
13,9.954433259569663,1.0
14,11.364497372823356,1.0
15,11.432944113854678,3.0
16,11.7102030715751,0.0
17,12.154971839283958,0.0
18,12.25389420928267,3.0
19,12.530947193975269,1.0
20,12.63165172596538,1.0
21,12.666249733179468,0.0
22,12.940871846615657,1.0
23,12.949360816106097,3.0
24,13.176559199469725,0.0
25,13.772968664027655,3.0
26,15.032620639663236,3.0
27,15.222751359120949,0.0
28,16.484279394606368,1.0
29,17.31369393589444,0.0
30,17.330280200092712,1.0
31,18.70867013324283,3.0
32,18.938423518308394,3.0
33,19.254493345944848,0.0
34,19.686136287957822,3.0
