,time,event
0,0.07715195570239744,0.0
1,2.4721792359469568,4.0
2,2.8518629340922215,1.0
3,2.9841983350443306,0.0
4,2.997883568967431,1.0
5,3.4633630483428925,3.0
6,5.761464280595548,0.0
7,5.790291633198061,1.0
8,6.513492579204948,3.0
9,6.923711090497859,1.0
10,8.939134695530289,3.0
11,9.82519353862879,1.0
12,10.302874251921455,0.0
13,13.264345906277413,1.0
14,14.847212697442153,1.0
15,16.044871080848583,1.0
16,16.09790918403833,1.0
17,16.368421401102296,0.0
18,17.047242710834862,1.0
