,time,event
0,1.175218858510888,1.0
1,1.3760484308185574,2.0
2,1.4705906168364247,2.0
3,1.8794012435969458,4.0
4,1.9806470682927455,2.0
5,2.3448371770868257,2.0
6,3.1160218358910483,0.0
7,3.3157260393677435,1.0
8,4.1325361329178385,4.0
9,4.159881200573188,0.0
10,4.446794027525069,2.0
11,5.191439284869109,4.0
12,5.658033816727984,0.0
13,6.0767847467711915,4.0
14,6.119408420538357,0.0
15,6.275717749072331,2.0
16,6.735610664034589,0.0
17,8.123612547280377,0.0
18,8.27247360578236,2.0
19,8.65475829476489,0.0
20,9.724877757226757,0.0
21,11.438825808967318,4.0
22,11.734586470617147,2.0
23,12.610170725129384,1.0
24,14.579480190904555,0.0
25,14.686864022340364,0.0
26,15.00280330611493,2.0
27,15.214592907327102,4.0
28,15.69983747468629,2.0
29,15.729581786421077,4.0
30,15.94002836626263,4.0
31,16.11509941980245,4.0
32,16.13833322375064,2.0
33,16.325196492811482,0.0
34,16.893277484420054,4.0
35,17.413829286147188,2.0
36,19.43125684984973,2.0
37,19.61073779968523,2.0
38,19.725671177376917,0.0
