,time,event
0,0.07988042395960862,4.0
1,0.2017158622839577,0.0
2,0.32632478255114306,4.0
3,1.679080332370018,1.0
4,1.8559551183283378,2.0
5,1.8718067529780058,4.0
6,2.1111704552899595,2.0
7,3.2625813472465364,3.0
8,3.2731316419956142,4.0
9,4.234110605213838,4.0
10,4.244766152223507,4.0
11,4.614215754209542,2.0
12,4.9137302223993276,3.0
13,5.823668358928064,4.0
14,5.888757119478727,4.0
15,6.063768863803957,4.0
16,6.247096676546198,2.0
17,6.297888099960175,2.0
18,6.338737896346869,2.0
19,6.442995933551435,0.0
20,6.662326820644794,2.0
21,6.743544123237183,4.0
22,7.037463896922925,2.0
23,7.614302313772392,2.0
24,8.52509217077328,4.0
25,8.643888775503614,0.0
26,9.550692195354028,4.0
27,9.781741876412164,2.0
28,10.235191756221116,2.0
29,10.254871295737324,0.0
30,10.327018422198979,4.0
31,10.678380197805122,1.0
32,10.988850699964456,4.0
33,11.495668226060506,4.0
34,11.932915298085554,4.0
35,12.558908689947513,4.0
36,12.585138043549952,4.0
37,12.618768403155494,2.0
38,12.71061576772832,0.0
39,13.26727832189264,2.0
40,13.453121487417123,4.0
41,13.682830713821426,2.0
42,14.095106279763527,3.0
43,14.630077450702167,2.0
44,14.990577996702028,4.0
45,15.0726038327312,4.0
46,15.93669048176978,0.0
47,15.93835592368766,4.0
48,15.985361950288832,2.0
49,16.541208910531758,4.0
50,16.572349715012646,0.0
51,17.22765054559551,0.0
52,17.912601014103096,4.0
53,18.599123465069923,1.0
54,18.64019875829652,4.0
55,18.948353594400093,3.0
56,19.113916236589183,0.0
57,19.20953452412877,3.0
58,19.961175728866113,4.0
