,time,event
0,0.655203948025872,0.0
1,1.7470919557915248,1.0
2,1.7907537043744814,2.0
3,2.019957335828581,2.0
4,2.4062839999543115,1.0
5,3.1551816832757478,0.0
6,3.8025227661486376,4.0
7,4.9399836441212885,1.0
8,5.84588348136054,4.0
9,7.703091193091196,1.0
10,8.677846691870252,1.0
11,8.852107869236526,2.0
12,10.584470801542054,1.0
13,10.661896656447224,2.0
14,10.685710842267993,0.0
15,11.721108205339668,1.0
16,11.915615957905676,0.0
17,12.662349853075487,0.0
18,13.951442709737913,4.0
19,14.119452264441387,2.0
20,15.584326363569916,4.0
21,15.856399985892537,0.0
22,16.209602657694695,0.0
23,16.386177164249577,1.0
24,16.491099216292298,0.0
25,16.51336159596823,1.0
26,16.88210496255112,1.0
27,17.181900357650203,0.0
28,17.81431586286636,1.0
29,17.88975767384426,1.0
30,18.24611613501561,0.0
31,18.276235844774888,1.0
32,18.862950543889966,0.0
33,18.950474420668886,0.0
34,18.986754771002385,1.0
35,19.879234264434146,0.0
