,time,event
0,0.6419208805672055,1.0
1,1.2374270248592198,0.0
2,2.085926075257031,1.0
3,2.2315391832058524,1.0
4,3.482562805605424,0.0
5,4.307948775922187,2.0
6,4.778938348853248,2.0
7,4.841338779403736,0.0
8,5.194584757081243,4.0
9,5.2839649366410075,2.0
10,5.304426935926391,2.0
11,5.373190149615705,2.0
12,5.960548584568849,0.0
13,6.7127632952218335,0.0
14,7.407652318505145,0.0
15,8.225674048795273,2.0
16,8.67915756324546,0.0
17,9.109149720740186,0.0
18,9.116619946323231,4.0
19,9.165074321919063,0.0
20,10.258486695621098,0.0
21,10.507028319172308,4.0
22,10.917690510197767,4.0
23,11.216402161349558,0.0
24,11.475276284910294,4.0
25,11.608979163163472,4.0
26,12.004893046454502,2.0
27,12.612493341384798,1.0
28,13.239501322844035,0.0
29,13.610137753624866,2.0
30,13.910011240473544,1.0
31,14.85820611216111,1.0
32,15.59277817523423,0.0
33,15.863902614806788,2.0
34,16.16346903891165,0.0
35,16.531457727979415,2.0
36,17.08673075896433,1.0
37,17.330175704720926,0.0
38,18.0915838369466,1.0
39,19.50381286616548,0.0
