,time,event
0,0.5134747338483705,0.0
1,0.728865135329787,2.0
2,1.0444324938852814,1.0
3,1.1347807971470516,4.0
4,1.92954702389014,2.0
5,2.5191119557390014,4.0
6,2.769260805418269,4.0
7,2.828456042654312,4.0
8,2.8714339021511845,2.0
9,2.9207477168691787,4.0
10,2.9543059665258693,1.0
11,3.4074605992801184,2.0
12,3.570562025171212,2.0
13,3.8909031776694887,1.0
14,3.9249949579774084,0.0
15,4.226545448295927,4.0
16,4.442631577775485,2.0
17,4.618833943780948,1.0
18,4.830451743428208,0.0
19,5.34443120457732,4.0
20,5.711192718306843,1.0
21,5.891535533418712,4.0
22,6.0983319286868545,1.0
23,6.192473668183544,4.0
24,6.216671183589853,3.0
25,6.658824698963467,0.0
26,6.821999919782105,3.0
27,7.083895529447615,4.0
28,7.148345659922314,1.0
29,7.512570119730859,1.0
30,7.835924373492162,4.0
31,8.027285672927206,2.0
32,8.097091166422166,2.0
33,8.131019718176361,2.0
34,8.70482553045159,4.0
35,9.002755914694015,2.0
36,9.059317950677476,1.0
37,9.260306493296225,4.0
38,10.24627332448748,2.0
39,10.502442890296724,4.0
40,10.94304317576563,4.0
41,11.661683297647555,4.0
42,12.337363773304348,0.0
43,12.428527043347401,4.0
44,12.521524015963003,1.0
45,13.1276586905121,1.0
46,13.188693555254964,4.0
47,13.894640507793277,1.0
48,14.328591706376795,1.0
49,14.398247253731771,1.0
50,14.475503626658863,1.0
51,14.516180838131715,4.0
52,14.735138110999985,1.0
53,14.901816793994849,4.0
54,15.302466374416118,2.0
55,15.326664322969757,4.0
56,15.88951958229969,1.0
57,16.66375936591588,0.0
58,16.741459804934596,4.0
59,17.207085812872293,4.0
60,17.230625683273292,3.0
61,17.331984011936772,0.0
62,17.606562712822438,2.0
63,17.662690246964935,4.0
64,17.770308084797374,1.0
65,18.008465975717336,1.0
66,18.047656888919217,0.0
67,18.183391239581493,1.0
68,18.658780389917084,0.0
69,19.330034912912748,1.0
70,19.33701323808566,3.0
71,19.538969238990823,2.0
72,19.812610465073927,0.0
