,time,event
0,0.01437358718935148,2.0
1,0.5547722464662916,1.0
2,0.9032006534627239,0.0
3,0.9866720494176731,4.0
4,1.0907241941555403,1.0
5,1.2626864213417126,1.0
6,1.3063671371343686,4.0
7,1.7824621007248662,1.0
8,2.564659706327288,0.0
9,2.794234536506263,3.0
10,2.858081253124546,0.0
11,2.9845605807955793,1.0
12,3.6009987862924877,4.0
13,3.7607900053711014,4.0
14,3.9428744426046345,4.0
15,4.869774209905423,2.0
16,5.066642068597931,4.0
17,5.414566417937244,4.0
18,5.456498411010551,3.0
19,6.326297336362574,4.0
20,6.462379474500086,1.0
21,6.62330607035149,1.0
22,7.089958572851266,1.0
23,7.33215581455369,1.0
24,7.435585394708328,0.0
25,7.916487660931659,0.0
26,7.957211360649674,0.0
27,8.16810926655237,1.0
28,8.288946217623046,4.0
29,8.3977210749322,0.0
30,9.050371917606126,1.0
31,9.101870449152262,4.0
32,9.859434877965894,3.0
33,9.992113117091895,1.0
34,10.449645100757579,0.0
35,11.366277192023924,1.0
36,11.67385708187673,4.0
37,11.720236661010626,4.0
38,12.432543613809582,0.0
39,12.48337580703209,4.0
40,12.70038805655094,0.0
41,12.800431633111582,0.0
42,12.953185624181154,2.0
43,14.162614366330832,0.0
44,14.276802171958195,3.0
45,14.6133946785713,4.0
46,15.011842448287641,2.0
47,15.580773709346605,1.0
48,16.339099355906512,2.0
49,16.42119725662679,1.0
50,16.74301094352777,2.0
51,16.826814768438233,4.0
52,16.910721211874318,4.0
53,17.038347127330514,4.0
54,17.9562099313426,1.0
55,18.356328990287537,1.0
56,19.069076586585112,1.0
57,19.473413658010482,1.0
