,time,event
0,0.02676712060038436,1.0
1,0.1417492219029376,4.0
2,0.6741320550119154,0.0
3,0.7370196339772875,1.0
4,1.0738647035298152,4.0
5,2.016615647428597,3.0
6,2.0882041506475795,0.0
7,2.16901436070604,4.0
8,2.697565985681718,1.0
9,2.9815725859270414,4.0
10,3.2063376435620214,0.0
11,3.241637287502276,4.0
12,3.7092058410781537,3.0
13,3.7322263095565016,4.0
14,3.9673731195296433,0.0
15,4.600315011776687,2.0
16,5.286989513567961,1.0
17,5.486792723868191,1.0
18,5.54455032238504,1.0
19,5.732530763754645,1.0
20,5.861584475681626,2.0
21,6.036222625303813,4.0
22,6.318510369693408,0.0
23,6.717339967256945,1.0
24,7.095758269313423,1.0
25,7.171529782994774,4.0
26,7.3271835175081055,1.0
27,8.403672042393229,4.0
28,8.787374456132602,4.0
29,9.358689135970803,2.0
30,9.496981971208395,1.0
31,9.994422238642628,0.0
32,10.031353149077907,1.0
33,10.53187795256181,1.0
34,10.56811668237082,1.0
35,10.672625976409321,4.0
36,11.156817228369427,1.0
37,11.246115282581307,1.0
38,11.583450758288187,0.0
39,11.85268041910679,1.0
40,12.376898383128863,2.0
41,12.78736007425802,1.0
42,13.013063535322532,0.0
43,13.69556502004706,4.0
44,14.186402784208628,2.0
45,14.229070246050957,2.0
46,14.2988878348094,1.0
47,15.31103447006846,4.0
48,15.628525369711653,3.0
49,16.292514459464407,2.0
50,16.65032091721179,2.0
51,16.950975818007063,2.0
52,17.238527052219617,4.0
53,17.30074440960653,4.0
54,17.388748357701004,2.0
55,17.708092184754392,2.0
56,17.7102661408875,2.0
57,17.982950330686727,1.0
58,18.260238237773287,4.0
59,19.010725485208123,2.0
60,19.587245257234567,2.0
61,19.966698022784207,0.0
