,time,event
0,0.01087995028102676,1.0
1,0.31114279889385327,4.0
2,0.5980880379852684,4.0
3,1.0507049702016733,2.0
4,3.1111474187907353,1.0
5,3.1422500207799526,4.0
6,3.375619507643979,4.0
7,3.854552432905984,4.0
8,3.9828530491824434,4.0
9,4.396929393110763,3.0
10,4.582361605048222,1.0
11,4.610778707678355,1.0
12,5.5874810244491595,2.0
13,6.342153366674947,1.0
14,6.58198942703543,2.0
15,6.679903425353892,4.0
16,7.04429224245754,2.0
17,7.524903855599347,1.0
18,8.789430111113278,2.0
19,8.929466355034005,1.0
20,9.176907237014188,1.0
21,9.395575906960369,1.0
22,9.49475635984721,4.0
23,9.642151677917614,4.0
24,10.624216872235777,3.0
25,10.766113665489243,4.0
26,11.043665153396942,4.0
27,11.691208705809718,0.0
28,12.44594187668337,2.0
29,12.567380327671897,4.0
30,12.841656737493844,4.0
31,12.898166521589024,1.0
32,12.958913544481163,4.0
33,12.998071408167942,4.0
34,13.264850137506768,0.0
35,13.333518997663543,2.0
36,13.690084447954929,0.0
37,13.760967388340935,1.0
38,14.211586815674776,2.0
39,14.321972508739202,2.0
40,14.760401009738015,3.0
41,14.864146264921338,4.0
42,15.090825782084494,2.0
43,16.110653358197535,4.0
44,16.81842474600666,4.0
45,16.82972799998343,3.0
46,16.837823796967484,0.0
47,17.163036427872765,1.0
48,17.452117385454756,4.0
49,17.514860390358415,4.0
50,17.772106986106998,3.0
51,17.828316116386244,3.0
52,17.991465554555425,1.0
53,18.539365488682698,1.0
54,18.704302868916535,3.0
55,19.27015120656175,2.0
56,19.32075871378168,2.0
57,19.75657846157581,2.0
58,19.850088986436173,4.0
59,19.989154388655766,4.0
