,time,event
0,0.33442752772410006,4.0
1,0.4553910702080387,4.0
2,0.5349567155401768,2.0
3,1.736392731249607,3.0
4,2.345503034881767,2.0
5,2.51813366590826,1.0
6,2.6088194361604353,2.0
7,2.7260218665552802,4.0
8,2.8097225506661356,2.0
9,3.4235452453920754,4.0
10,3.691757053306162,4.0
11,4.0768570665427575,4.0
12,4.262896889989117,4.0
13,4.309731903545837,0.0
14,4.687343734600786,4.0
15,4.977634397596208,2.0
16,5.468056406289659,1.0
17,5.51424802633604,4.0
18,5.606999308387016,1.0
19,5.85396577031044,1.0
20,6.146513627865336,4.0
21,6.285099667433037,2.0
22,6.384837970163225,1.0
23,6.824984188638379,3.0
24,6.95568728581231,2.0
25,6.962573785747495,1.0
26,7.346827196277155,0.0
27,7.424237684110677,4.0
28,7.580813533979974,1.0
29,7.870727131005867,4.0
30,8.726784256848362,1.0
31,9.462128093787303,2.0
32,9.748306273780365,4.0
33,10.105271016852134,4.0
34,10.1224798596403,1.0
35,10.221230362404821,1.0
36,10.707654885267228,2.0
37,10.736880295110346,1.0
38,11.048006711058715,4.0
39,11.055721413267458,1.0
40,11.193821434764587,2.0
41,12.256475506593457,0.0
42,12.383483968764365,1.0
43,12.849877699604875,0.0
44,12.900676516488915,4.0
45,13.18133194012921,2.0
46,13.393618102743867,0.0
47,13.916073903642442,1.0
48,14.272796836148663,1.0
49,14.347267352084584,4.0
50,14.352662979524201,2.0
51,14.509965265018721,1.0
52,14.961828057251472,1.0
53,15.032258995954544,1.0
54,15.151966076447236,0.0
55,15.211519079415284,1.0
56,15.512732663467826,4.0
57,15.560295712143466,1.0
58,15.609986554845836,2.0
59,16.693402651343742,0.0
60,16.958786110211033,2.0
61,17.518205941808688,1.0
62,17.693057602396824,0.0
63,17.694331759067406,2.0
64,18.28039806859882,3.0
65,18.288612805349906,1.0
66,18.30373421163964,1.0
67,18.362203734976596,2.0
68,18.496936966945587,4.0
69,18.628745208395383,2.0
70,18.858370564058127,1.0
71,19.18950177962298,2.0
72,19.52294976080457,1.0
