,time,event
0,0.018955808605913168,1.0
1,0.5621611542355408,4.0
2,0.5723407094177098,1.0
3,0.821619006392924,1.0
4,1.175915593776527,4.0
5,1.3852607833200377,1.0
6,2.2199998296587737,2.0
7,2.4736181237255304,2.0
8,2.6271714759666613,4.0
9,2.9438590292033617,4.0
10,3.250903528059255,1.0
11,3.6101267924222427,4.0
12,3.751984951325864,2.0
13,3.8886569713842,2.0
14,4.153627515240109,3.0
15,4.515256008935107,2.0
16,4.896247216476455,4.0
17,4.896290607267713,2.0
18,6.231701440531467,2.0
19,6.5255963190526,2.0
20,7.040062321558843,0.0
21,7.042021263100648,4.0
22,7.302782592171579,4.0
23,7.7550731286972905,1.0
24,8.005638639380228,4.0
25,8.088694621590083,0.0
26,8.402529276975145,1.0
27,8.658999405273173,0.0
28,8.720553966626188,3.0
29,8.878123019852957,4.0
30,8.93830541932955,4.0
31,10.816635889545074,0.0
32,10.8686442977249,1.0
33,11.066544034220364,1.0
34,11.959140310664084,1.0
35,12.16056625060609,1.0
36,12.162415413530413,1.0
37,12.579504624606246,4.0
38,13.093272333480618,1.0
39,13.111334061321186,2.0
40,13.276808907486298,4.0
41,13.77929564737296,2.0
42,13.9692126382723,4.0
43,14.238467539488795,0.0
44,14.277710016144015,0.0
45,14.887643230570765,1.0
46,15.50852847012816,2.0
47,15.693616488036783,4.0
48,15.864154827437755,4.0
49,16.288991351788177,4.0
50,16.346508873702938,1.0
51,17.4369547590025,4.0
52,17.463573328688014,4.0
53,17.469026889636744,2.0
54,17.476139313247376,0.0
55,17.561374556760292,1.0
56,17.82964064276535,2.0
57,17.969530147875172,3.0
58,18.27221828952938,1.0
59,18.419865741469902,4.0
60,18.509932708168307,4.0
61,18.66534173289399,2.0
62,19.522145423881383,4.0
63,19.55324582603443,3.0
64,19.627311448917403,1.0
