,time,event
0,0.9426674270658871,2.0
1,1.436528589188895,2.0
2,1.6606737009168735,4.0
3,2.6574219536169457,2.0
4,2.7100367506285017,1.0
5,2.916817297094325,2.0
6,3.273351980166064,2.0
7,3.5062246485246717,2.0
8,3.738624230176954,4.0
9,3.766178430525666,0.0
10,3.8476216006633623,4.0
11,5.078092103392047,4.0
12,5.117992327290602,2.0
13,5.131401057949694,2.0
14,5.345944205098803,4.0
15,5.39257385981598,2.0
16,5.674361839832148,1.0
17,5.993796726953047,2.0
18,6.513074938004096,1.0
19,6.712765589088016,1.0
20,7.5614702767579995,1.0
21,7.583575502875281,1.0
22,7.610759627380565,1.0
23,7.690935274910969,1.0
24,7.731377471523538,4.0
25,7.872390679144767,1.0
26,7.898603741463454,4.0
27,8.245283793394119,0.0
28,8.815748998436792,1.0
29,8.829579282663868,2.0
30,8.932327527645768,1.0
31,8.937468802305165,1.0
32,9.470316578637783,4.0
33,9.849949829492596,1.0
34,10.359357251895064,0.0
35,10.367097655887875,2.0
36,10.93972128489461,3.0
37,11.03448326457466,4.0
38,11.235991226982133,4.0
39,11.552023840867017,1.0
40,12.01684253323047,1.0
41,12.021316374990397,1.0
42,12.406849343058951,3.0
43,12.512536003362564,4.0
44,12.523391364450898,2.0
45,12.935307822423955,2.0
46,12.990117527523298,1.0
47,13.009929660844113,4.0
48,13.43979189068713,1.0
49,14.078982016281874,1.0
50,14.20648318862001,4.0
51,14.648262511150564,4.0
52,15.073124783201365,1.0
53,15.323147952947552,4.0
54,15.559847395119078,1.0
55,15.614520991231894,4.0
56,16.081895480655998,2.0
57,16.153572063819283,1.0
58,16.263162630322775,3.0
59,16.302656384897546,2.0
60,16.618686672442745,0.0
61,16.70986708276633,4.0
62,16.80876963662425,1.0
63,16.851739088750385,4.0
64,17.494920018368898,3.0
65,17.692400775446007,1.0
66,17.804363954162543,4.0
67,17.807818028656722,1.0
68,17.867304981198732,1.0
69,17.927902486813903,0.0
70,18.091734937611168,3.0
71,18.68394019312371,2.0
72,18.918835489003214,4.0
73,18.976338126450937,4.0
74,19.084300917763073,4.0
75,19.09015595113043,2.0
76,19.27686539205371,3.0
77,19.369995428716066,1.0
78,19.44909109855729,4.0
79,19.503530476552132,0.0
80,19.816917479735707,1.0
81,19.822154601565614,2.0
82,19.872847345132566,0.0
