,time,event
0,0.30296355099652533,0.0
1,0.3373476736952583,0.0
2,0.345228671220059,1.0
3,0.4261834425753756,1.0
4,0.6819080571196106,2.0
5,1.0330213214898707,2.0
6,1.224370852017711,4.0
7,1.8308136617875583,3.0
8,2.4060814463936264,4.0
9,2.4884251980341685,0.0
10,2.499519446522064,2.0
11,2.547298294444397,2.0
12,2.630648156442984,3.0
13,3.0623284812794265,3.0
14,3.113373483771203,0.0
15,3.207526913829056,1.0
16,3.5737695869226984,4.0
17,3.9154218175040323,1.0
18,3.9156243767499896,1.0
19,4.001024554536568,1.0
20,4.0642008139451535,2.0
21,4.567129330508418,4.0
22,4.567393219116453,1.0
23,4.905578490133878,1.0
24,5.641627506006923,1.0
25,5.994099358079382,0.0
26,6.009147298089501,2.0
27,6.010668283115155,1.0
28,6.252563757880651,1.0
29,6.656490764072835,3.0
30,6.903988380064692,2.0
31,7.020904741884294,1.0
32,7.088308596265408,1.0
33,7.218983917914868,3.0
34,7.5874634938517875,4.0
35,7.614263656273254,4.0
36,7.906614955476067,0.0
37,8.247939485347828,4.0
38,8.258106113588472,2.0
39,8.613343617600163,2.0
40,9.327441363471591,4.0
41,9.338834248699758,4.0
42,9.903147376991791,0.0
43,10.220415716063131,0.0
44,10.300805273202212,2.0
45,10.412970760163514,2.0
46,10.983595357717183,1.0
47,11.070461960870444,4.0
48,11.252119749991301,1.0
49,11.93914161153332,2.0
50,12.193170741734836,4.0
51,12.579430058310484,2.0
52,13.212835138041756,0.0
53,13.402865629611663,1.0
54,13.573226551901227,4.0
55,13.748226640661144,1.0
56,13.990285498843747,1.0
57,14.727121677639662,4.0
58,15.0752974683946,3.0
59,15.135056699265453,4.0
60,15.147362369046428,3.0
61,15.46446592515568,2.0
62,15.53115503327065,2.0
63,15.570144718649985,4.0
64,15.87756704217141,2.0
65,16.0567663145666,0.0
66,16.144259390597682,1.0
67,16.28590056087879,4.0
68,16.951857868771636,1.0
69,16.975088691441293,4.0
70,17.279737447324056,1.0
71,17.295334824639525,3.0
72,17.449674586341136,2.0
73,17.796695097883156,4.0
74,17.924951415974444,2.0
75,18.094599061471335,1.0
76,18.307944207932373,0.0
77,18.50468597931928,1.0
78,18.72288121255668,1.0
79,18.741834189264456,4.0
80,18.858904207382295,4.0
81,18.898905127015077,4.0
82,19.48378112379387,2.0
