,time,event
0,0.3840337585758558,0.0
1,0.39513456572689315,1.0
2,0.41701705542005857,4.0
3,0.5204838351276885,0.0
4,0.5625807990817264,4.0
5,0.8563424309168723,1.0
6,1.3832389790557706,0.0
7,1.4225566408369097,0.0
8,1.5821831304763623,1.0
9,1.9752112267428008,4.0
10,2.0244113365877423,4.0
11,2.049459370286016,1.0
12,2.759009241605872,4.0
13,2.915501107989428,0.0
14,3.2420965328364484,3.0
15,3.655435969716904,4.0
16,3.7865016159929525,4.0
17,4.168629035886184,2.0
18,4.667591220960566,1.0
19,5.16902132345486,4.0
20,5.315475676883051,0.0
21,6.252993247768518,0.0
22,6.472729959706686,4.0
23,6.674805074832144,2.0
24,7.2025575559134785,1.0
25,7.452367806162376,4.0
26,8.162154520562552,1.0
27,8.520839876886136,1.0
28,8.832450874773238,4.0
29,8.844438648817103,1.0
30,8.908508937056453,2.0
31,8.947428235026724,3.0
32,9.005023729020794,4.0
33,9.680200235184815,1.0
34,9.725318695895037,2.0
35,9.997632054427287,1.0
36,10.239061590633186,4.0
37,10.363715463980018,1.0
38,10.394529159417104,0.0
39,10.489518546728187,0.0
40,10.556347393767993,0.0
41,10.594423565797026,2.0
42,10.60200021779348,0.0
43,11.496573476988363,1.0
44,11.69752894836233,3.0
45,12.115861801646004,4.0
46,12.28577084122877,4.0
47,12.550529021349872,3.0
48,12.7275481192564,3.0
49,12.826548876086779,2.0
50,12.901898316833025,1.0
51,12.932069687301887,2.0
52,14.490834981786954,4.0
53,14.495776626738602,2.0
54,14.663274980077535,2.0
55,15.095898251372876,4.0
56,15.803850018057764,2.0
57,15.923763457290153,1.0
58,16.326291698537883,2.0
59,16.34289221541146,0.0
60,16.44860047207927,3.0
61,16.600894378681982,4.0
62,16.649252908669766,1.0
63,16.759189870763528,3.0
64,16.953678490488326,4.0
65,17.432859886382072,2.0
66,17.784311285182664,2.0
67,18.03405316488491,3.0
68,18.27820649636968,2.0
69,18.310897446308935,2.0
70,18.517285408602934,2.0
71,19.121379834920447,4.0
72,19.67035634012414,2.0
