,time,event
0,0.12513097205758417,1.0
1,1.0093903625684661,2.0
2,1.3551083819650116,2.0
3,1.4144091513555161,1.0
4,1.4305867491055158,2.0
5,1.5468931688221392,4.0
6,1.74342308355401,2.0
7,2.2586056779916803,1.0
8,2.448153188068554,2.0
9,2.594744674188426,1.0
10,2.6045398625995935,3.0
11,2.728707314201771,3.0
12,3.1646046568847446,1.0
13,3.3139711842752817,2.0
14,3.5177824278513423,3.0
15,3.617560340196279,1.0
16,3.855027128258957,1.0
17,4.850910583943227,0.0
18,4.912514318613991,3.0
19,5.0791723606592525,4.0
20,5.111699299634496,2.0
21,5.415261817885233,1.0
22,5.997647325457859,1.0
23,6.2166060115049,1.0
24,6.3865531704783685,0.0
25,6.406906481874821,4.0
26,6.6390424353622075,3.0
27,7.411473510734728,2.0
28,7.658711976254747,1.0
29,7.690677868188578,1.0
30,8.564345118673987,4.0
31,9.010752980071018,3.0
32,9.303621521395192,4.0
33,9.353197741974308,4.0
34,9.790088615747901,1.0
35,10.165668020064766,1.0
36,10.698030085513757,4.0
37,11.042652476035816,2.0
38,11.560559130698783,4.0
39,11.610849949274735,4.0
40,12.28079865781584,2.0
41,12.492436828368291,2.0
42,12.898075270681648,4.0
43,13.01763293284935,4.0
44,13.12978717320338,4.0
45,13.249786407523615,4.0
46,13.285369173388917,1.0
47,13.378601718933128,1.0
48,13.771284678501825,1.0
49,13.956523206130425,1.0
50,14.076141393446767,1.0
51,14.097217811595163,1.0
52,14.320053040499609,4.0
53,14.700505603653445,1.0
54,14.704368204940014,4.0
55,14.808949086264946,1.0
56,14.942166319528548,4.0
57,15.726125315589913,2.0
58,16.01329256780812,1.0
59,16.03771117304017,4.0
60,16.230672514144395,1.0
61,16.407336608819513,0.0
62,16.60693367032243,1.0
63,16.673873135486186,1.0
64,17.419370778691977,1.0
65,18.70410010171807,2.0
66,19.012052114594688,2.0
67,19.334870819231764,4.0
68,19.404156753797075,4.0
