,time,event
0,0.054609846950322324,1.0
1,0.36706535712845967,1.0
2,0.6838859200749948,2.0
3,0.7807013919904278,1.0
4,1.8228018761995461,2.0
5,1.8336719746480712,0.0
6,1.9184610425873276,1.0
7,2.2891955422653454,2.0
8,2.705034719245999,1.0
9,3.0273957764811623,1.0
10,3.648486197796694,4.0
11,4.061450038980503,2.0
12,4.145120861923736,1.0
13,4.286503701725989,1.0
14,4.51687792712518,1.0
15,4.865032017927972,1.0
16,5.097354623178964,4.0
17,5.6693373754237,3.0
18,5.816312188240294,4.0
19,6.700182073717858,4.0
20,6.8504762395565955,4.0
21,7.411214779536775,0.0
22,7.4803912997918545,4.0
23,8.03528687365016,2.0
24,8.036543307125516,2.0
25,8.082943178110897,4.0
26,8.90290166785838,2.0
27,8.943942792477705,1.0
28,8.94734119207528,4.0
29,9.272658663110745,2.0
30,9.58088483092574,4.0
31,9.983522448329818,3.0
32,10.396912398312658,2.0
33,10.804569683966042,2.0
34,10.90463701116904,4.0
35,11.21130415691635,1.0
36,11.433438194518034,1.0
37,11.483326252980998,0.0
38,12.132080973365904,0.0
39,12.634525280512053,0.0
40,12.648352802462176,4.0
41,13.202881626911289,0.0
42,13.582110188353218,1.0
43,13.800781994588258,2.0
44,13.952279249862551,2.0
45,14.089579887032228,2.0
46,14.69897773323414,4.0
47,15.432820731588494,2.0
48,15.510243395396627,0.0
49,16.197299725895743,4.0
50,16.629736464261555,4.0
51,16.783173767337882,0.0
52,16.7879212085612,2.0
53,16.824997126790556,0.0
54,17.940546395132827,2.0
55,19.28619703097544,0.0
56,19.951350541200803,1.0
