,time,event
0,0.4504041473753719,1.0
1,0.8209776280163164,4.0
2,1.115042209331777,1.0
3,1.4565489379273941,0.0
4,1.6721693436305654,0.0
5,1.9820427428998575,2.0
6,2.1896768039009276,1.0
7,2.7339334141289737,0.0
8,2.813942578508799,2.0
9,3.7571534038070964,1.0
10,4.673855273356462,4.0
11,4.92103257657602,2.0
12,4.967665664275707,1.0
13,5.835612897282083,1.0
14,5.960442282646433,1.0
15,6.033769002409686,4.0
16,6.177073407315632,2.0
17,6.248105450851888,1.0
18,6.445458908545657,2.0
19,7.000641750998702,2.0
20,8.151378621663284,4.0
21,8.435654410542037,1.0
22,8.652191450381006,4.0
23,9.761148637344244,1.0
24,9.91614745866746,1.0
25,10.382036639986906,1.0
26,10.569429555696821,2.0
27,11.520654147398028,1.0
28,11.557773397209886,0.0
29,11.595261949230139,0.0
30,11.665997888878909,1.0
31,11.777225548222518,0.0
32,12.163925830387532,2.0
33,12.406861438835493,4.0
34,12.909370611712651,2.0
35,13.214126232489825,4.0
36,13.845732445426577,2.0
37,14.341704582907754,2.0
38,14.715991835750277,4.0
39,14.899033819182886,0.0
40,15.275077343119664,2.0
41,15.58485643235439,1.0
42,15.87940977741301,1.0
43,15.914704854529022,4.0
44,15.954270812299267,1.0
45,15.966011475468596,2.0
46,16.848215841647693,0.0
47,17.380029777476633,1.0
48,17.760656290373635,4.0
49,18.0520131091058,2.0
50,18.4959461309869,4.0
51,18.697318833303914,1.0
52,19.27758724560598,1.0
53,19.465506494699973,1.0
54,19.49580915584129,1.0
55,19.773478110001175,1.0
56,19.803850873730465,1.0
