,time,event
0,0.05901536524831958,2.0
1,0.32046661021985223,1.0
2,0.42342512227852197,1.0
3,1.4902765271651428,2.0
4,3.5725880073745393,0.0
5,4.101624595566039,1.0
6,4.2417707953975325,1.0
7,4.722362927486744,0.0
8,4.91277897375071,0.0
9,4.918902660343324,2.0
10,5.277424122690814,0.0
11,6.289358289350045,1.0
12,7.453043300851134,0.0
13,7.554996186452127,2.0
14,8.131646481472325,0.0
15,9.122096184513124,2.0
16,9.462826845167886,0.0
17,9.839484491686676,2.0
18,10.068744903596688,0.0
19,10.306125923570747,4.0
20,10.535887444050848,0.0
21,11.515506850341643,1.0
22,12.475318676551707,0.0
23,12.893233045486042,0.0
24,12.939624810104629,1.0
25,13.24472020193735,0.0
26,13.407879820562663,1.0
27,13.889687212629887,4.0
28,14.952486308978935,1.0
29,15.038848439755872,4.0
30,17.576417316746394,2.0
31,17.820017548099973,2.0
32,18.044915815784886,0.0
33,18.650239528418624,0.0
34,19.361373206216008,0.0
35,19.410309538666024,4.0
36,19.613533440868277,4.0
37,19.641326433087645,2.0
38,19.828652726032196,4.0
