,time,event
0,1.0840841945843338,1.0
1,1.7861066894553779,2.0
2,1.8089508439719337,1.0
3,2.4388405711447887,2.0
4,2.506298910390527,1.0
5,2.8122790200456906,0.0
6,3.447965587470409,4.0
7,3.912270694033234,1.0
8,4.558771772239176,2.0
9,5.07606152465991,0.0
10,5.415643696670086,0.0
11,6.110224103996864,1.0
12,6.4625015267716535,2.0
13,7.227824761632252,0.0
14,7.553490633442367,0.0
15,7.7089492218247795,0.0
16,8.04144510191019,2.0
17,8.239437536488444,2.0
18,8.407003194100115,2.0
19,8.48517354540909,0.0
20,8.759888161694274,0.0
21,10.439116320799274,2.0
22,10.968817759326056,4.0
23,11.060265804950777,1.0
24,11.719569475572545,2.0
25,12.348100892806285,4.0
26,12.616346097443678,4.0
27,13.400260509906433,4.0
28,13.612586737515734,1.0
29,13.76445915200055,0.0
30,13.858818699286573,1.0
31,13.86587054998438,2.0
32,13.954580286452051,0.0
33,14.168003039803368,4.0
34,14.206960705880384,0.0
35,14.411562317873521,1.0
36,14.85566685073708,0.0
37,14.965158354696287,1.0
38,15.051549449835418,4.0
39,15.525242285293668,2.0
40,15.62510445135915,0.0
41,16.934600133847226,1.0
42,17.178096201709945,1.0
43,17.42533460904724,2.0
44,17.628813656340526,2.0
45,18.137543450883673,1.0
46,18.555700254144554,2.0
47,18.993723000703444,0.0
48,19.136435430127843,2.0
49,19.487770857752064,4.0
50,19.905927251647253,2.0
