,time,event
0,0.45114852606526634,4.0
1,0.539275487185795,1.0
2,1.3591355558416172,4.0
3,1.415069442513317,4.0
4,1.4821975470991824,4.0
5,1.6848928852278806,1.0
6,2.2342822159882965,1.0
7,2.457917874095293,2.0
8,3.2090732714458325,2.0
9,4.250643058943618,0.0
10,4.549591504208196,1.0
11,4.677958673642942,2.0
12,5.051692707372596,1.0
13,5.345257434459834,2.0
14,5.402143501863976,0.0
15,5.662288166618119,1.0
16,5.664210493855718,0.0
17,5.801610194061682,1.0
18,8.16561868945675,2.0
19,8.171059259287974,1.0
20,8.666392432858554,1.0
21,8.961687367427272,1.0
22,8.968737161037726,2.0
23,9.025250403513116,1.0
24,9.23591567274918,1.0
25,9.305974575658176,0.0
26,9.558564743166524,4.0
27,9.623534866882816,0.0
28,10.100889141477765,4.0
29,10.624680922904306,0.0
30,10.894173293681426,1.0
31,10.944296861014944,4.0
32,11.06012124718707,1.0
33,11.134995295390835,0.0
34,11.624006144406014,0.0
35,12.773436581231623,4.0
36,13.183474239669081,0.0
37,13.351560708330345,1.0
38,13.463518724065024,2.0
39,13.620869834855514,2.0
40,13.747413053278333,2.0
41,13.764132153258824,0.0
42,14.556012723850685,4.0
43,14.713872225231686,0.0
44,14.908879607619028,2.0
45,15.042450590813523,4.0
46,15.060684656021905,4.0
47,15.766898594880429,1.0
48,15.880203872361314,0.0
49,16.26464079533351,1.0
50,16.78269046421189,4.0
51,17.038489656184563,4.0
52,17.301051998427727,1.0
53,17.832362807198297,2.0
54,17.874363453096404,1.0
55,17.879213106299463,1.0
56,18.540958123537738,1.0
57,18.56784226361964,0.0
58,18.639130424348,0.0
59,19.179177014505296,0.0
60,19.81592384440531,2.0
