,time,event
0,0.004868779406133921,2.0
1,1.3505398496722172,0.0
2,1.4004526825804864,3.0
3,1.9043395402787486,0.0
4,2.1931849801857615,2.0
5,2.236909623313321,2.0
6,2.997570278783061,2.0
7,4.499512374813586,3.0
8,5.089010305086757,3.0
9,5.1374299860475166,3.0
10,5.675158861889488,0.0
11,5.68847188253134,0.0
12,5.785467542052734,0.0
13,6.242361608027635,2.0
14,6.3881209442104865,3.0
15,6.406325962871867,0.0
16,6.797048005615391,2.0
17,6.900043617964848,0.0
18,7.118108408865447,2.0
19,7.304188294024831,3.0
20,7.951257129182989,3.0
21,8.221323531536616,0.0
22,9.096976795394133,2.0
23,9.170655968670268,0.0
24,9.447165375601967,2.0
25,9.654010985600456,3.0
26,9.883003135602564,0.0
27,10.758405152133623,3.0
28,10.79698669164288,0.0
29,10.932032396490536,3.0
30,11.079429528428605,3.0
31,11.242281797418858,2.0
32,11.722601365546701,2.0
33,11.727376440204138,0.0
34,11.986854087157386,2.0
35,12.175209770528289,3.0
36,12.9773869891319,2.0
37,13.083103157883711,3.0
38,13.08592008550349,3.0
39,13.22003104878935,3.0
40,13.659251723870335,0.0
41,13.849053846307307,3.0
42,13.849830705229532,3.0
43,13.909089546168147,3.0
44,14.278179459035739,2.0
45,14.712731573572789,0.0
46,15.532257932116863,2.0
47,15.776911991700066,2.0
48,15.805364670557143,2.0
49,15.865118558210819,3.0
50,15.99890079816464,3.0
51,16.694426739399276,2.0
52,16.944477940071913,0.0
53,17.051422561913924,2.0
54,18.252811066034845,3.0
55,18.62124801332059,0.0
56,18.652210169389953,3.0
57,18.74773354842442,2.0
58,19.06170898151308,2.0
59,19.37306693762078,2.0
60,19.864488460197105,2.0
