,time,event
0,0.08242897342168816,0.0
1,0.14066920379872225,0.0
2,0.47073009439056135,3.0
3,1.326006295263737,0.0
4,2.158997463566961,4.0
5,2.2309419829528805,3.0
6,2.373892858287049,2.0
7,2.4402196693833877,0.0
8,2.897926546863365,3.0
9,3.424161018658237,0.0
10,3.626279033090916,0.0
11,3.7703857083172787,1.0
12,4.595560257955443,3.0
13,4.8415463093841495,0.0
14,4.963862525721333,3.0
15,6.57560581598044,3.0
16,7.120851112923388,0.0
17,8.403125564228441,3.0
18,8.473166202318724,0.0
19,9.108242492547381,3.0
20,9.305271071272092,0.0
21,9.392953287161268,3.0
22,9.515843296468114,0.0
23,9.521080598658617,0.0
24,9.718595288464531,3.0
25,9.756563236701446,0.0
26,10.082254930719996,2.0
27,12.544406794102642,2.0
28,13.091562147412956,3.0
29,13.258021702696444,0.0
30,13.593347212099026,3.0
31,13.98627148803103,3.0
32,14.183600870655097,2.0
33,14.855892462822196,2.0
34,15.188877132716275,3.0
35,15.418395250435617,0.0
36,16.07220551194094,0.0
37,16.271313012884832,3.0
38,16.83626236130936,4.0
39,16.924022089833958,2.0
40,17.105466504153338,0.0
41,18.011627571609058,3.0
42,18.411460185874226,3.0
43,18.56886878421436,0.0
44,19.887065111694245,0.0
