,time,event
0,0.03824176842671379,0.0
1,0.1757476933673196,2.0
2,0.20284966249472877,1.0
3,0.4282445860758743,2.0
4,0.5267817477974528,1.0
5,0.998067534735256,2.0
6,1.525032860522559,1.0
7,1.5441308449638087,1.0
8,1.6841222979116532,0.0
9,1.910254169545258,1.0
10,1.9239270144383567,2.0
11,1.9863511080377518,1.0
12,2.1222322055423546,2.0
13,2.818980610099352,1.0
14,2.957129977744742,2.0
15,3.530833020700216,4.0
16,3.5957485119876,4.0
17,3.8711697010669384,0.0
18,4.711858105530937,1.0
19,4.904765498237299,0.0
20,4.9402611406530035,1.0
21,5.92628006117053,0.0
22,6.124172091406225,2.0
23,6.181277194007745,0.0
24,6.32929522318881,2.0
25,6.908884351124062,1.0
26,7.14862658877194,0.0
27,8.272980082695009,1.0
28,9.610967832848395,2.0
29,9.998257480378587,0.0
30,11.832418143733136,0.0
31,12.720054932375772,0.0
32,12.812222009043786,0.0
33,13.324102140243586,2.0
34,13.750342160254666,2.0
35,14.394322161940519,0.0
36,14.642736438872626,1.0
37,14.645641170433075,2.0
38,15.054975496672775,0.0
39,15.232310495315721,1.0
40,16.060092413478927,0.0
41,16.146873414183823,1.0
42,17.065783209097084,0.0
43,17.12758367833797,2.0
44,17.34814354538236,2.0
45,17.77698164066704,2.0
46,17.944294680696995,1.0
47,18.011613374394837,4.0
48,18.16150080803891,1.0
49,19.040539674352765,0.0
