,time,event
0,1.2604373081038847,2.0
1,1.7518242796076766,3.0
2,2.367605809582153,3.0
3,2.5867041927819545,2.0
4,2.8983227365967963,4.0
5,3.391134207105015,0.0
6,3.8399416382058336,2.0
7,4.007915354801581,3.0
8,4.107571351487703,2.0
9,4.618082056584725,2.0
10,4.627876808630762,0.0
11,4.850029576060577,2.0
12,5.305880180372593,0.0
13,5.492695243888964,2.0
14,6.442267750578171,2.0
15,6.752723180563576,2.0
16,7.326511431233031,3.0
17,7.525706775451523,3.0
18,7.533194546130049,3.0
19,7.905622436539522,0.0
20,9.673316260891097,2.0
21,9.687780630636784,0.0
22,9.880323548050226,3.0
23,11.125983537500135,0.0
24,11.164952360136455,3.0
25,11.173185841261308,1.0
26,11.387866356899709,2.0
27,11.39509277835454,4.0
28,11.532525822130197,0.0
29,11.779331062790707,3.0
30,12.25019082323597,2.0
31,12.4028897740647,0.0
32,12.832088110097185,3.0
33,13.06746530680212,0.0
34,13.685116745972863,3.0
35,14.661364393651807,0.0
36,15.230738130417325,2.0
37,15.75268516651488,0.0
38,17.08757606270889,0.0
39,17.285076070071113,0.0
40,17.791767355716726,2.0
41,18.004835482563497,2.0
42,19.608637843231747,2.0
43,19.704924025855487,3.0
