,time,event
0,0.20303918112350147,2.0
1,0.6574131415860743,3.0
2,1.179822205198227,4.0
3,1.6861403166904063,0.0
4,2.6751827866918254,2.0
5,2.7414971035244653,2.0
6,2.892706659063466,3.0
7,2.904991950837831,2.0
8,3.1647068825646985,3.0
9,3.219963519768041,0.0
10,3.224599483970972,4.0
11,3.3762515232025483,3.0
12,3.6858579902268067,3.0
13,3.7703851178659775,0.0
14,4.036264294196773,0.0
15,4.21278816274343,2.0
16,4.598292703547333,1.0
17,4.619031042719792,2.0
18,5.794464557332591,2.0
19,6.625507516629676,3.0
20,6.7967565802150265,3.0
21,6.996515462319063,2.0
22,7.978572976377618,3.0
23,8.677430448267286,3.0
24,9.32850364158167,3.0
25,9.570298448056583,2.0
26,9.69938780206842,0.0
27,10.61037343916237,4.0
28,10.61774976781806,2.0
29,10.725284414350526,2.0
30,11.52317821073849,0.0
31,12.016848572833034,2.0
32,12.189095067024777,2.0
33,12.327960453249167,2.0
34,12.512924161759457,3.0
35,13.375832931507821,2.0
36,14.153048233770729,2.0
37,14.301731006852426,2.0
38,14.489869798856125,0.0
39,14.672465161836467,2.0
40,14.771394895311708,0.0
41,17.082917921513157,2.0
42,17.165740394909697,2.0
43,17.496378714269245,0.0
44,17.83256644472195,3.0
45,17.9370577744234,3.0
46,18.209236959592683,0.0
47,18.54891714256199,0.0
48,18.894302285154048,0.0
49,19.126420214594962,3.0
50,19.516114370258855,2.0
51,19.534316322368262,3.0
52,19.664307907310878,0.0
