,time,event
0,0.5354304144599185,3.0
1,0.8567660668016712,0.0
2,1.0987494638886912,2.0
3,1.22822804324039,3.0
4,1.234291630653302,2.0
5,1.6472890280678718,2.0
6,1.6739673536012332,3.0
7,1.935161931211598,0.0
8,2.2121962218576505,3.0
9,2.2648481194544376,3.0
10,2.6754456706712992,2.0
11,2.79052696142278,2.0
12,2.947614744267816,0.0
13,3.749240315880508,3.0
14,3.848225374138143,3.0
15,3.919357620696256,3.0
16,4.298192486223312,3.0
17,5.0488052337043685,3.0
18,6.471225859567855,2.0
19,6.65297711243169,0.0
20,7.004469025652666,2.0
21,7.266061332051975,0.0
22,8.205614029577323,0.0
23,8.277768103841801,2.0
24,8.29222466564463,0.0
25,9.409101170469935,2.0
26,10.155742989152193,2.0
27,10.210267328065926,0.0
28,10.337629107605313,2.0
29,10.375894833950127,0.0
30,10.479447854711777,3.0
31,10.666433709142334,3.0
32,10.693646517248178,0.0
33,11.314650017852845,0.0
34,11.874066983066683,2.0
35,12.340632389691669,1.0
36,12.363114122062218,2.0
37,12.539471448871861,3.0
38,13.132438895756643,2.0
39,13.14370934123474,3.0
40,13.524666753604615,2.0
41,13.666113089376767,2.0
42,13.81709582062051,0.0
43,13.932556169117792,4.0
44,13.969339261984832,3.0
45,14.166295291021335,0.0
46,14.413430832182165,3.0
47,14.426303602719855,3.0
48,14.794229657994698,3.0
49,14.997728716563511,0.0
50,14.99809801000412,3.0
51,15.071784347551624,0.0
52,15.132289776699206,3.0
53,15.829890470815903,3.0
54,15.983034515375047,3.0
55,16.485979254329166,0.0
56,16.8586863117052,2.0
57,17.56653663241444,2.0
58,17.823500919044495,3.0
59,19.142804941947798,0.0
60,19.851860800212293,0.0
61,19.85465714225233,3.0
62,19.920700362760797,2.0
