,time,event
0,1.2589680396137437,0.0
1,1.5896076189328974,2.0
2,1.7319609774896603,2.0
3,2.1812430456964242,0.0
4,2.200600502143933,0.0
5,2.4223481034856293,3.0
6,2.5364190648368785,0.0
7,3.233974285304262,2.0
8,3.2368133470648357,0.0
9,4.695006146000617,0.0
10,4.720312005730106,3.0
11,4.9741008320329385,2.0
12,5.0951407598183085,3.0
13,5.248194784222491,2.0
14,6.810055044757966,2.0
15,6.961817019189181,0.0
16,8.231984464084833,3.0
17,8.421006853484402,2.0
18,8.527831662132813,1.0
19,9.485848647123388,0.0
20,9.916774905826717,0.0
21,10.269482453744619,2.0
22,10.730705907321934,0.0
23,10.806737522854434,1.0
24,10.986886918790876,3.0
25,11.611123475266824,3.0
26,11.664578533550406,0.0
27,11.79228647131542,3.0
28,12.730837055681523,3.0
29,13.17342023512382,0.0
30,14.992813884481318,0.0
31,15.440539705631926,0.0
32,16.160495993946956,3.0
33,16.642286079954594,0.0
34,16.668895740441588,3.0
35,17.154450898750902,3.0
36,17.234574387088703,3.0
37,18.107429011787946,4.0
38,18.157046923788176,3.0
39,18.624073361597034,3.0
40,18.70773301910977,2.0
