,time,event
0,0.02318560036794685,2.0
1,0.5035104724608058,2.0
2,0.5077614621096136,2.0
3,0.5530415835655136,0.0
4,0.7533781958054031,2.0
5,0.9029035283887192,3.0
6,1.0485859931964614,0.0
7,1.1780589397617658,3.0
8,1.971326027999389,3.0
9,2.5592911906149363,3.0
10,2.689897766448877,2.0
11,3.135968043399062,3.0
12,3.960016082158492,2.0
13,4.528453559222823,0.0
14,4.687253792448802,0.0
15,4.702415047467933,0.0
16,4.713211903863651,3.0
17,5.054323950108596,3.0
18,5.36366049272387,2.0
19,7.418864821655032,2.0
20,7.79349333062976,2.0
21,7.815929573895121,3.0
22,8.08160292248827,3.0
23,8.27541686640862,3.0
24,8.517529982396207,3.0
25,8.720319995817292,3.0
26,9.14538059447861,2.0
27,9.83001695149718,2.0
28,10.009811036512174,2.0
29,10.497466196614713,2.0
30,11.280850605272107,2.0
31,12.448677048634002,2.0
32,12.57048337837902,3.0
33,12.623595250113471,3.0
34,13.606940137340194,0.0
35,14.112091054594378,3.0
36,14.217353989885165,2.0
37,14.605785087574555,1.0
38,14.60953500843119,3.0
39,14.832064885387878,0.0
40,14.918196391644086,3.0
41,15.150090004688623,3.0
42,15.187434806208572,0.0
43,16.378705572263073,3.0
44,17.211295966186483,0.0
45,17.359218350195924,0.0
46,17.788109937904988,3.0
47,17.90125324750065,3.0
48,18.040426268026295,3.0
49,18.23816808060815,3.0
50,19.059747523857983,0.0
51,19.548111811702526,0.0
