,time,event
0,0.26520319031469164,2.0
1,0.6061264937496049,3.0
2,0.6500777852685371,0.0
3,1.3074575921832583,3.0
4,1.3505289092370198,0.0
5,2.417302507541492,2.0
6,2.5768170778119672,0.0
7,2.6328354629460105,0.0
8,2.743469820356366,0.0
9,3.437262956921988,3.0
10,3.634093893461407,1.0
11,4.273921293350153,0.0
12,4.475272685588824,3.0
13,5.62439226456966,3.0
14,6.385554968449106,3.0
15,6.719185773006922,2.0
16,7.081209724071068,3.0
17,7.667133297417241,0.0
18,8.391349378510943,0.0
19,9.453532588485176,3.0
20,9.832758784353205,0.0
21,10.733224599352273,3.0
22,10.928712840597054,0.0
23,12.487509007442437,0.0
24,12.866866881667583,0.0
25,12.934396680939109,4.0
26,13.572777282391403,3.0
27,14.16087260271843,0.0
28,14.188548410514814,2.0
29,14.203809867019665,0.0
30,14.582994502925414,0.0
31,15.286189868593489,0.0
32,16.59963077741099,3.0
33,16.689512774853682,3.0
34,17.670938622572347,0.0
35,18.159352393218665,2.0
36,19.126639049572596,0.0
37,19.257918587407463,2.0
38,19.33725401844603,2.0
39,19.8758418990234,3.0
