,time,event
0,0.2813583979437057,0.0
1,0.3086228237535771,2.0
2,1.5176249195233624,2.0
3,1.5893333370115745,0.0
4,1.89376228541758,0.0
5,2.244119189432285,3.0
6,3.09093183251669,3.0
7,3.5248194356051,0.0
8,3.936846570276995,3.0
9,4.4917587073387555,0.0
10,5.0875693871759955,2.0
11,5.155395557749101,0.0
12,5.401342119681625,4.0
13,5.460258839013906,2.0
14,5.599633960654964,0.0
15,6.215294920411021,3.0
16,6.609053210722292,2.0
17,6.979243956674103,2.0
18,7.858496279992283,2.0
19,7.886051269492139,2.0
20,7.998811099811232,0.0
21,8.147320940290802,0.0
22,8.327278516992795,2.0
23,9.24693713137454,0.0
24,9.646163477885755,0.0
25,10.918003816235546,3.0
26,11.723970989101284,0.0
27,12.759101788920828,0.0
28,13.167311828645488,2.0
29,13.25320953259924,3.0
30,13.955894045485742,2.0
31,14.132349055836702,2.0
32,14.301404172645787,2.0
33,14.928226279613376,3.0
34,15.074362346239717,0.0
35,15.313032883358536,0.0
36,16.407115553521635,0.0
37,16.6835950729996,2.0
38,17.381698018692482,3.0
39,17.41617957212163,0.0
40,17.762814091852434,2.0
41,18.06528743140191,0.0
42,18.258772132287856,2.0
43,18.591024074599336,3.0
44,18.752015339186773,2.0
45,19.342778282400523,2.0
46,19.655393357276417,0.0
47,19.845554771476095,2.0
