,time,event
0,0.18379269354718908,2.0
1,0.24388678788910934,3.0
2,0.2790268835337414,0.0
3,0.3186207651419354,0.0
4,0.520124807727097,3.0
5,0.5472063480898992,0.0
6,1.7148454613113238,0.0
7,2.0647915471434626,0.0
8,2.2879273502621427,4.0
9,3.354920357935758,4.0
10,4.519581554061335,4.0
11,4.933318150693358,2.0
12,5.654401424268207,4.0
13,5.796588904388797,2.0
14,6.171611857100338,4.0
15,6.423977943629464,2.0
16,6.893182093154505,4.0
17,7.177514281182866,0.0
18,7.545758554706447,1.0
19,7.671351988061778,0.0
20,8.43484669989035,1.0
21,9.091936949768577,4.0
22,9.136333204315546,4.0
23,9.572201780453954,2.0
24,9.61837914677477,0.0
25,9.664441796448964,4.0
26,10.25831756522383,1.0
27,10.31699318491838,4.0
28,10.435034405899614,3.0
29,10.561118101213685,0.0
30,10.881482072175036,0.0
31,11.423411386817493,0.0
32,11.61774292859378,4.0
33,14.018204051206107,0.0
34,14.331059870843195,2.0
35,14.76242709270389,4.0
36,15.089649024435545,4.0
37,15.151595536054119,2.0
38,15.914435581682405,0.0
39,16.145505226685717,4.0
40,16.30494135981778,3.0
41,16.775907162255713,0.0
42,17.65598457210261,1.0
43,18.02729734047281,0.0
44,18.415257305910913,0.0
45,18.49904349603304,4.0
46,18.65031715169419,0.0
47,18.931132649925196,4.0
48,19.167444801802844,4.0
49,19.428855962647404,0.0
50,19.692605067180665,4.0
51,19.881809360255946,0.0
