,time,event
0,0.32179375852553344,0.0
1,0.5417094228870095,1.0
2,0.9605814685981792,3.0
3,4.482947438537007,4.0
4,4.838988020327783,2.0
5,5.1133644987239215,2.0
6,5.115421257932885,2.0
7,5.125751825386397,3.0
8,5.33862845405397,4.0
9,5.88779721418233,2.0
10,6.251387158449411,3.0
11,7.063045363813171,4.0
12,7.325394346967497,4.0
13,7.421623535764356,2.0
14,7.483355925534841,4.0
15,8.21086144643051,4.0
16,9.310620600965983,3.0
17,9.404060531915853,2.0
18,9.611966749405118,2.0
19,9.823440378860907,3.0
20,9.838656588603376,0.0
21,10.34175808821869,0.0
22,10.971917125381362,0.0
23,12.171663791003075,4.0
24,12.377046099158468,4.0
25,13.268017702695861,1.0
26,13.317974248243516,1.0
27,14.113203299100789,2.0
28,14.347620155622568,4.0
29,14.509273004746902,2.0
30,14.890198138400377,2.0
31,15.080600973405497,2.0
32,15.22915288736475,4.0
33,15.503029955137011,0.0
34,15.546755725485,2.0
35,15.913648709218345,4.0
36,15.918804623623899,4.0
37,16.197061496942844,4.0
38,16.484185338791324,4.0
39,16.56903661342435,2.0
40,16.781583601047966,0.0
41,17.10896213037068,2.0
42,17.649021244093458,3.0
43,18.096541345619304,4.0
44,19.753909481575246,2.0
