,time,event
0,0.44147236514573607,1.0
1,1.1512058355200718,1.0
2,1.6652111952876298,2.0
3,1.8978305908592938,0.0
4,1.9623741181525687,4.0
5,2.6808721789552616,2.0
6,2.9908347677862896,4.0
7,4.346725867316586,4.0
8,4.715997507607563,4.0
9,5.285881459654433,0.0
10,5.525570814035139,4.0
11,5.630879490579402,4.0
12,5.654992311066386,2.0
13,5.678120850810607,2.0
14,5.948214906748682,0.0
15,6.309690036169991,1.0
16,6.397873048871777,4.0
17,6.880302936599204,1.0
18,7.5325910608931075,2.0
19,8.507155665280399,4.0
20,9.047771280734848,0.0
21,9.089281031380365,2.0
22,9.114599050364378,0.0
23,10.860083690721158,4.0
24,11.072667902593135,4.0
25,11.919181535027969,4.0
26,12.05906630873602,1.0
27,12.753896733990342,2.0
28,14.038449291716557,2.0
29,14.662309950636425,4.0
30,14.775870801025992,0.0
31,15.554080014911069,2.0
32,16.772873955934173,0.0
33,17.00580859104672,2.0
34,17.62904526984855,2.0
35,17.909046081144478,1.0
36,18.414105922229794,2.0
37,18.46558665835279,4.0
38,19.24372055865244,1.0
39,19.27932693183743,0.0
40,19.289077697292264,4.0
41,19.97020805184956,0.0
