,time,event
0,0.16362610270129685,4.0
1,1.161936316347223,4.0
2,1.6200636249094615,1.0
3,1.6721719887489177,0.0
4,1.7882624932043845,4.0
5,2.5965617616578434,4.0
6,2.845003063102456,4.0
7,3.1058572061738685,1.0
8,3.4205128539858536,3.0
9,3.616065664510324,1.0
10,3.8460966382737123,4.0
11,3.9863941971191834,2.0
12,4.463493352997316,4.0
13,5.171681034895007,3.0
14,5.726336612381763,4.0
15,6.27114071555245,1.0
16,7.229272689593314,1.0
17,7.685113439137039,4.0
18,7.990917023980842,4.0
19,8.06415869836749,0.0
20,8.144209793614456,2.0
21,8.690585686382878,1.0
22,8.773158560908703,2.0
23,8.919791721859177,2.0
24,9.612479181986883,3.0
25,9.665551942117089,4.0
26,9.711721908503801,0.0
27,9.901266098240717,0.0
28,10.251625025213771,0.0
29,10.651192790995754,2.0
30,10.98449731113954,4.0
31,11.031361694433818,2.0
32,11.285655709139988,0.0
33,11.342091572233647,0.0
34,11.924461360504852,2.0
35,12.642467043411003,3.0
36,12.674436718068218,0.0
37,13.03412018400377,2.0
38,13.043398605861611,0.0
39,13.26741907310258,2.0
40,13.292712000384519,0.0
41,13.299250028116395,2.0
42,13.365714717357678,0.0
43,14.29928860785381,1.0
44,15.663374047761367,0.0
45,15.743120148995946,4.0
46,15.91990708822918,2.0
47,16.335701874706178,1.0
48,16.83201211374543,0.0
49,17.097472462250117,4.0
50,17.707779471598066,2.0
51,17.93371673091336,4.0
52,17.963109868751772,4.0
53,18.044214039924118,1.0
54,18.260524919064085,0.0
55,18.473820261351378,3.0
56,18.507382637188186,0.0
57,18.62434804788583,4.0
58,18.65604376120901,4.0
59,18.93490597889868,2.0
60,19.227933468613678,4.0
61,19.411515315253546,2.0
62,19.631430713504717,1.0
63,19.754931057975348,0.0
