,time,event
0,0.06383829637181171,2.0
1,0.36196626484058264,4.0
2,0.6403602910610549,3.0
3,0.6664510298421864,3.0
4,0.9509424203636362,1.0
5,1.1865482364907696,0.0
6,1.1914383320321353,1.0
7,1.4839937508605798,4.0
8,1.7470551089011928,2.0
9,2.053064456220803,1.0
10,2.1445631290426244,4.0
11,2.1894855140113423,2.0
12,2.9807840992503136,4.0
13,3.4045993040470774,0.0
14,3.7492861014427157,2.0
15,3.764424241965242,2.0
16,4.37044972773807,2.0
17,4.499402868153519,1.0
18,4.570644670040345,4.0
19,4.787302800302861,2.0
20,5.010899196960449,1.0
21,5.0446811946588115,0.0
22,5.17747140207325,4.0
23,5.393279660642144,0.0
24,5.68103737522776,4.0
25,6.578033324018165,4.0
26,6.932440801312325,2.0
27,7.1969168443421685,3.0
28,7.473733760663316,4.0
29,7.570642196067704,4.0
30,7.691429368579428,1.0
31,8.289801911657461,3.0
32,8.434799906094447,0.0
33,9.15677411453729,0.0
34,9.175025405851063,2.0
35,9.20352153861029,2.0
36,9.736009354196637,2.0
37,10.031078434380268,2.0
38,10.315858465891994,2.0
39,10.660690546049413,2.0
40,11.83743765065311,4.0
41,12.554913489145509,0.0
42,12.615878728332929,4.0
43,12.830645282479699,1.0
44,12.915586722465903,4.0
45,14.016403603431772,2.0
46,14.046723456516984,2.0
47,14.755239655095599,4.0
48,14.932807576442308,2.0
49,15.060397791441861,4.0
50,15.305965533497128,2.0
51,16.537197298709973,2.0
52,16.596533056789497,4.0
53,17.06849446950137,0.0
54,17.700046577492305,4.0
55,18.154765268344406,3.0
56,18.365218764927203,1.0
57,18.964405810306427,1.0
58,19.278181554669132,0.0
