,time,event
0,0.2668699453280486,2.0
1,0.3651217318681993,2.0
2,0.7870627102187739,2.0
3,1.4053710529075025,4.0
4,1.4215201940766622,4.0
5,1.4478468953384986,4.0
6,2.0475834478832216,2.0
7,3.239257993763935,1.0
8,3.2637708011476536,4.0
9,3.5116847968024882,0.0
10,3.821659151590417,4.0
11,3.937003006625932,4.0
12,4.821580060076045,4.0
13,4.864986824521371,2.0
14,6.082105433067583,4.0
15,6.211897151226417,0.0
16,6.293119903744228,4.0
17,6.375796514690875,1.0
18,6.569444034935811,1.0
19,6.776707061753179,0.0
20,6.823756940569918,4.0
21,6.952096845784754,4.0
22,7.926571032471864,0.0
23,8.413311980782984,0.0
24,8.628459132731399,1.0
25,9.387391785373826,4.0
26,9.991332607543477,4.0
27,9.993944012248338,4.0
28,10.00229096558641,2.0
29,11.154351406437726,2.0
30,11.56790633639997,4.0
31,12.384040388018805,4.0
32,12.48858418215323,1.0
33,12.578894924261647,0.0
34,12.587472096510279,4.0
35,12.719500756275036,4.0
36,13.809009274823062,4.0
37,13.96234756802089,4.0
38,14.148754588251544,1.0
39,14.153365139373953,4.0
40,14.338347479796528,3.0
41,14.72223336913434,4.0
42,14.858758230849665,0.0
43,15.276656757585346,0.0
44,15.354905241303749,4.0
45,16.40319096307876,0.0
46,16.631848324612303,2.0
47,16.842679270935204,4.0
48,17.233630211463403,0.0
49,17.317930303591154,2.0
50,17.896040676740757,3.0
51,18.01406120561063,4.0
52,18.12805557449358,4.0
53,18.29760843586969,4.0
54,19.22280269932739,4.0
55,19.39378838571091,0.0
56,19.717315290382057,2.0
57,19.921810304431553,2.0
