,time,event
0,0.45336530361096256,0.0
1,0.5454370086167254,2.0
2,0.8212684926991688,1.0
3,1.3283550291920792,0.0
4,1.3404393541384056,4.0
5,1.4717776487492222,4.0
6,1.8332503913367826,2.0
7,2.7084327512868676,0.0
8,3.6729535538118503,0.0
9,3.8004920268247577,4.0
10,3.895920182894021,2.0
11,4.015082107568896,0.0
12,6.42895261215002,2.0
13,6.855944530372661,0.0
14,7.229240423170973,2.0
15,7.378376445296667,2.0
16,7.9620019000575475,0.0
17,8.084874235592908,2.0
18,8.09690990401635,0.0
19,8.133590868799358,2.0
20,8.183542571997338,4.0
21,8.763818042243104,4.0
22,8.788917803488854,0.0
23,9.078842909908559,4.0
24,9.334660778514467,4.0
25,9.712131148494375,2.0
26,9.918996688509624,0.0
27,10.011498377204157,2.0
28,10.200996987780005,4.0
29,10.283726553911666,0.0
30,10.460015427954323,2.0
31,10.858977698305857,3.0
32,11.46239228676152,0.0
33,12.802003981411945,4.0
34,13.5310854220061,2.0
35,14.42761512150795,4.0
36,14.780716087624045,3.0
37,14.808581020984953,0.0
38,14.896056760237322,3.0
39,15.104782903052014,0.0
40,15.961580788308083,2.0
41,16.091148142578618,2.0
42,16.499265612485114,2.0
43,16.736144428563126,4.0
44,17.039799237222145,4.0
45,17.282448696578925,2.0
46,17.30386645020542,4.0
47,18.10936475866981,3.0
48,19.318850838381497,3.0
49,19.400953497507217,2.0
50,19.62606243555562,2.0
51,19.68609115187993,4.0
52,19.87258755242579,0.0
