,time,event
0,0.0611432171990513,0.0
1,0.31545177597046037,0.0
2,0.3255390680738705,1.0
3,0.4534378001415985,1.0
4,1.778382551450108,1.0
5,2.842695901071274,1.0
6,3.1402665471721507,4.0
7,3.1938587874154574,2.0
8,3.43587271023335,1.0
9,3.646697074354699,4.0
10,4.229490291264517,2.0
11,6.653851105112283,0.0
12,6.77068551274104,0.0
13,6.842685067263752,2.0
14,6.861384772565572,1.0
15,7.388578512493195,0.0
16,7.451966929349962,1.0
17,7.695064018357395,0.0
18,7.8126576616909675,0.0
19,9.90633087260059,1.0
20,9.933870078471664,1.0
21,10.252624023328448,0.0
22,10.662005769212287,0.0
23,10.75022656150769,0.0
24,10.893837290358242,2.0
25,11.773020284958651,0.0
26,11.95732389120279,1.0
27,12.202131873163449,1.0
28,12.729365032051462,4.0
29,12.93314467508689,4.0
30,12.968375321821965,0.0
31,14.611301648569102,1.0
32,15.38128263623803,0.0
33,15.491538962585345,2.0
34,15.739108788596187,1.0
35,15.761078402952757,1.0
36,16.036381005470307,2.0
37,16.808373501131868,1.0
38,16.863305412893407,4.0
39,17.187471437038457,0.0
40,17.403511905811133,2.0
41,17.77553491649166,4.0
42,18.29972697735551,0.0
43,18.381667200772878,0.0
44,18.569027711611078,2.0
45,18.948592323540527,1.0
46,18.966637395077925,1.0
47,19.187356686672345,0.0
48,19.589297934356356,0.0
49,19.86812715596233,0.0
