,time,event
0,4.138037416156038,4.0
1,4.58444431863817,2.0
2,5.388527389871006,0.0
3,5.411612558201866,1.0
4,5.533521224080152,4.0
5,5.972752855647053,1.0
6,6.168568315721901,3.0
7,6.509509244259558,4.0
8,7.044498524220041,4.0
9,7.543620031844613,0.0
10,8.039031688552761,1.0
11,8.128156765557657,3.0
12,8.151363057263014,2.0
13,8.160357848471417,4.0
14,8.277420942234182,2.0
15,8.653181939493798,2.0
16,8.82084079757532,0.0
17,8.83603106437487,1.0
18,8.856690994925502,1.0
19,8.905242127166568,1.0
20,8.923133964805269,1.0
21,9.238024392685691,4.0
22,9.924484162470163,3.0
23,10.160984021520212,0.0
24,10.226821498190207,1.0
25,10.547817808091404,3.0
26,10.691084370040992,0.0
27,10.782964425347366,2.0
28,10.885480614696535,3.0
29,10.936593645131216,2.0
30,11.106980149114626,3.0
31,11.29283884511392,0.0
32,11.78622379178308,4.0
33,11.913049874081866,3.0
34,12.205855699814716,3.0
35,12.208417479102145,0.0
36,12.410978909566508,1.0
37,12.488230396317652,2.0
38,12.496787883650056,2.0
39,12.878132568926443,4.0
40,12.913840917484906,2.0
41,12.997026330501093,2.0
42,13.797715439695509,1.0
43,14.18230717005391,3.0
44,14.707613260379944,0.0
45,14.893314393233998,0.0
46,14.898316160974911,1.0
47,15.15053332342027,2.0
48,15.259108731382598,0.0
49,15.716586575874741,4.0
