,time,event
0,1.458798429170154,0.0
1,2.0106173988267932,2.0
2,2.120762895332494,2.0
3,2.6414011960063783,3.0
4,3.197328230164489,3.0
5,4.408575149853878,3.0
6,5.035822252593015,1.0
7,5.193198352246737,2.0
8,5.705613279158831,3.0
9,6.275671395245197,0.0
10,6.288079529557731,2.0
11,6.308095294136018,2.0
12,6.575089619142415,2.0
13,6.8218786033741425,2.0
14,6.8622844139955905,2.0
15,6.866651517013052,0.0
16,6.888970415395782,2.0
17,6.935316930580192,2.0
18,7.050537995028006,2.0
19,7.937768900644578,3.0
20,8.006165953604645,2.0
21,8.074023925285061,2.0
22,9.020708692487563,3.0
23,10.432441664723857,4.0
24,10.56750474296329,2.0
25,10.64565760167947,2.0
26,10.651681884450937,2.0
27,10.66232734094183,2.0
28,10.767373245938318,2.0
29,10.848202681623967,2.0
30,11.103742755810408,0.0
31,11.278292009727952,2.0
32,11.316317089674495,2.0
33,11.364277510561637,2.0
34,11.428108510946712,2.0
35,11.518324056496661,2.0
36,11.825805585537596,3.0
37,11.946411602195777,0.0
38,11.970809350125098,2.0
39,12.001883530803005,2.0
40,12.117715339359108,2.0
41,12.271596355551656,2.0
42,12.35852653379073,2.0
43,12.38927462662277,2.0
44,12.410457722431307,2.0
45,12.763971797375062,2.0
46,13.032985566707982,3.0
47,13.164366028848727,2.0
48,13.210124462598415,3.0
49,14.016990982042802,3.0
