,time,event
0,1.3244565117227887,3.0
1,1.4216294467163182,1.0
2,1.6866683628214514,1.0
3,5.5497085368980885,0.0
4,6.906778216136899,2.0
5,7.322133783291778,1.0
6,7.751014887839686,2.0
7,9.672544418573816,4.0
8,16.12904202505988,4.0
9,17.412457444532883,0.0
10,18.029701836150128,2.0
11,18.03742765235797,1.0
12,19.204071844087434,2.0
13,19.249354685063917,3.0
14,19.502684821449378,0.0
15,20.00399798460035,2.0
16,20.126435208805688,1.0
17,20.13443017960803,4.0
18,20.163797764043096,1.0
19,20.416337429250884,3.0
20,20.44482187356329,3.0
21,20.535164527703152,1.0
22,20.781999628709187,2.0
23,20.885183493328935,1.0
24,20.981249999389696,1.0
25,21.022285983413752,1.0
26,21.988013772495673,3.0
27,22.456324132420473,1.0
28,23.384100419048316,0.0
29,23.403193942695573,2.0
30,23.422932369545727,1.0
31,23.42592117424665,1.0
32,23.62185587988687,2.0
33,23.6393631719971,2.0
34,23.69616091514485,3.0
35,23.745438891154105,1.0
36,23.8704027984951,0.0
37,26.827021149982187,3.0
38,27.5844213310079,0.0
39,27.921767181445066,2.0
40,28.02974209361159,3.0
41,28.096516248394394,1.0
42,28.212490881858493,1.0
43,28.28465693764213,1.0
44,28.409070273106106,2.0
45,28.71656293069263,4.0
46,31.62129116545707,1.0
47,33.71821268082477,0.0
48,33.862366117796384,2.0
49,34.800526585615984,1.0
