,time,event
0,1.1450562390550703,2.0
1,1.7012211829447104,0.0
2,1.8246060469078678,3.0
3,3.849992173309333,0.0
4,3.9059713769911353,3.0
5,5.873808817158996,4.0
6,6.095748927384229,1.0
7,6.114491636889447,3.0
8,6.275963504736356,2.0
9,6.371008651966454,1.0
10,7.02310360939579,0.0
11,7.865954102342309,2.0
12,13.72592289890096,2.0
13,14.161916796713067,4.0
14,14.203357141905997,0.0
15,14.26389764776999,3.0
16,14.263940055180068,3.0
17,14.37941485271618,3.0
18,15.693138835659411,4.0
19,15.842060997479486,3.0
20,15.961114739736045,3.0
21,17.425537144949324,1.0
22,17.497975788848734,4.0
23,18.213881885291496,0.0
24,18.216211930855337,3.0
25,18.298974141954194,2.0
26,18.614777488598595,3.0
27,19.330805360059593,2.0
28,19.339610160369855,4.0
29,19.43256520182844,1.0
30,19.497128155770945,3.0
31,19.726527995903332,1.0
32,19.983106866452793,0.0
33,20.060331649726326,3.0
34,20.287775977340935,1.0
35,20.519045494954753,0.0
36,21.21002591165449,2.0
37,21.48101521263603,2.0
38,22.304161654894166,4.0
39,22.496876165235324,3.0
40,23.018531984466673,0.0
41,23.895963155480764,0.0
42,24.383428343084674,4.0
43,24.535661641859182,3.0
44,24.571885211071777,1.0
45,24.737044700983688,1.0
46,25.41912675594012,0.0
47,27.26765208427082,2.0
48,27.897973829418472,2.0
49,28.603062658636112,2.0
