,time,event
0,2.7292842543253784,2.0
1,4.318712190266007,0.0
2,4.584223676899623,3.0
3,4.808667127571258,4.0
4,5.695085450229591,3.0
5,6.378198402446957,2.0
6,10.538882599896576,0.0
7,11.188254855148324,4.0
8,11.23559717927298,3.0
9,11.268884327638368,1.0
10,11.641561471675375,2.0
11,11.821457215561914,3.0
12,12.179203184791367,3.0
13,12.394688196762145,3.0
14,12.813494022372835,0.0
15,13.189121401459039,0.0
16,13.257143626414377,2.0
17,13.999258571472826,2.0
18,15.452178348397176,4.0
19,15.543709291906563,3.0
20,15.71398737933401,3.0
21,15.983337182491828,4.0
22,16.043194922535186,1.0
23,16.28606730499835,3.0
24,16.28651579515422,3.0
25,16.35794612875473,2.0
26,17.24130983807516,4.0
27,17.302990615879118,1.0
28,17.637558434624623,3.0
29,17.67830250501592,1.0
30,17.888869580932283,2.0
31,18.095426691072678,2.0
32,18.466842138048857,4.0
33,18.84397979484761,3.0
34,19.01382823703418,3.0
35,19.24253081355298,4.0
36,19.254300199984613,1.0
37,19.36747662948266,3.0
38,19.577412171452792,3.0
39,19.894168083757613,3.0
40,20.291159269508004,3.0
41,20.600283933052097,2.0
42,21.31532276995191,2.0
43,21.473318330868757,2.0
44,21.553673934338228,4.0
45,21.581339204084053,1.0
46,21.70193408660202,1.0
47,22.14838300308691,2.0
48,22.209282925858005,1.0
49,22.527916596794608,3.0
