,time,event
0,0.4883555409670859,4.0
1,0.5298993139922393,2.0
2,0.6021812032165389,2.0
3,0.7287322464136379,2.0
4,0.738126808198115,2.0
5,1.0886841112997252,2.0
6,2.6917916737140795,1.0
7,5.324408828500947,1.0
8,5.344817866500072,2.0
9,5.929859382112324,2.0
10,6.928572233960108,3.0
11,6.938135130025452,2.0
12,14.835697182505202,2.0
13,15.20618132506884,1.0
14,15.385147393984164,3.0
15,16.89928815928557,2.0
16,17.117169321450092,2.0
17,18.276855030903587,2.0
18,18.88757361625193,1.0
19,19.1587657169368,2.0
20,19.39999665904453,0.0
21,19.681369370475004,2.0
22,19.80946196328753,0.0
23,19.843384730709243,2.0
24,19.987676949900326,2.0
25,19.991609340900098,2.0
26,20.03760185739185,2.0
27,20.39106334946027,3.0
28,20.61028239835563,2.0
29,20.637844975015266,0.0
30,20.641294399414054,2.0
31,20.66907063486481,2.0
32,20.676663084349997,2.0
33,20.694416101547905,2.0
34,20.718412814865548,3.0
35,20.746573905341503,3.0
36,20.80203833963299,2.0
37,21.18318972506,3.0
38,21.196550671321575,2.0
39,21.340181119889078,2.0
40,21.682048289356306,2.0
41,21.69630772817296,3.0
42,22.079413410267918,3.0
43,22.811901340930287,1.0
44,22.83751876072347,2.0
45,23.364122684200023,3.0
46,23.525290149992088,3.0
47,23.60566621096546,2.0
48,23.844016034519875,2.0
49,24.147718999681718,2.0
