,time,event
0,16318.030752314817,1
1,16324.413391203703,2
2,16324.425925925923,1
3,16324.426354166664,1
4,16328.238125,0
5,16329.310902777775,1
6,16330.265474537036,0
7,16342.132534722225,0
8,16345.120995370371,0
9,16359.60925925926,0
10,16374.303298611108,4
11,16374.303854166665,4
12,16374.303993055557,4
13,16374.305092592593,4
14,16374.305092592593,4
15,16374.305358796297,4
16,16374.305358796297,4
17,16374.30550925926,4
18,16378.507800925923,2
19,16378.507800925923,5
20,16378.509039351853,2
21,16378.509039351853,5
22,16378.509201388892,5
23,16379.351111111111,2
24,16379.351111111111,5
25,16379.35230324074,2
26,16379.35230324074,5
27,16379.352627314816,5
28,16387.331157407407,1
29,16387.386157407407,1
30,16387.386157407407,1
31,16388.197210648148,1
32,16394.086597222224,2
33,16394.086597222224,5
34,16416.20630787037,2
35,16423.104363425926,0
36,16423.268657407407,4
37,16423.301736111112,4
38,16436.289375,5
39,16436.289618055554,5
40,16436.44585648148,5
41,16436.519305555557,5
42,16436.570833333335,5
43,16437.003136574072,5
44,16437.19311342592,5
45,16437.206736111108,5
46,16437.487789351853,5
47,16437.48986111111,5
48,16437.939560185187,5
49,16437.951805555556,5
50,16456.526921296296,2
51,16456.526921296296,5
52,16456.5271875,5
53,16459.176030092593,2
54,16459.176030092593,5
55,16459.176585648147,2
56,16459.176585648147,5
57,16480.186307870372,1
58,16501.39429398148,2
59,16501.39429398148,5
60,16505.118773148148,1
61,16505.221226851852,1
62,16505.225787037038,5
63,16505.259456018517,5
64,16505.261724537042,5
65,16515.07741898148,2
66,16515.07741898148,5
67,16518.320578703704,1
68,16520.318530092594,2
69,16520.318530092594,5
70,16525.57246527778,1
