,time,event
0,16327.353067129632,5
1,16327.356793981482,5
2,16340.65922453704,1
3,16341.194629629632,1
4,16341.194953703704,1
5,16341.195219907408,1
6,16341.195763888889,1
7,16341.195902777778,1
8,16341.197858796297,1
9,16341.197858796297,1
10,16341.198125,1
11,16341.198425925926,1
12,16341.198703703703,1
13,16342.233958333334,1
14,16342.327743055557,1
15,16345.171145833336,0
16,16394.26738425926,1
17,16405.042881944446,3
18,16405.043171296296,3
19,16435.2625,1
20,16435.274328703705,4
21,16435.27459490741,4
22,16435.27459490741,4
23,16435.299861111107,4
24,16447.121458333335,1
25,16465.271203703705,0
26,16500.057800925926,0
27,16504.00458333333,1
28,16504.00474537037,1
29,16504.240520833333,1
30,16504.306087962963,1
