,time,event
0,16319.217766203703,1
1,16319.224849537037,1
2,16320.232557870371,1
3,16404.418055555554,0
4,16412.407905092594,0
5,16412.408067129632,0
6,16413.142523148148,0
7,16423.15908564815,0
8,16435.274537037036,0
9,16439.22585648148,0
10,16444.140277777777,6
11,16471.415370370367,4
12,16471.415370370367,4
13,16471.415543981482,4
14,16471.41607638889,4
15,16471.41607638889,4
16,16471.416226851852,4
