,time,event
0,16328.835555555557,2
1,16328.835694444444,5
2,16328.836111111112,5
3,16333.306747685183,0
4,16339.096261574075,0
5,16344.221504629631,0
6,16346.249618055557,2
7,16346.249618055557,5
8,16346.249618055557,5
9,16346.251620370369,5
10,16347.095277777778,5
11,16347.095659722225,5
12,16347.09597222222,5
13,16347.096655092593,5
14,16347.096909722222,5
15,16347.096909722222,5
16,16347.09707175926,5
17,16347.100011574075,3
18,16347.100150462962,2
19,16347.100150462962,5
20,16347.100277777778,5
21,16347.111087962963,5
22,16347.111238425929,5
23,16347.111377314817,5
24,16347.111631944443,5
25,16347.113194444444,6
26,16354.298900462964,0
27,16357.336793981482,0
28,16361.214120370369,0
29,16361.375474537037,0
30,16365.450694444444,6
31,16366.045254629631,0
32,16372.836944444443,1
33,16372.883530092593,1
34,16373.052627314817,1
35,16373.052627314817,1
36,16373.10513888889,1
37,16373.156458333333,1
38,16373.157523148147,1
39,16373.157986111111,1
40,16373.158379629629,1
41,16373.159618055557,1
42,16373.159895833332,1
43,16373.160011574077,1
44,16373.160428240739,1
45,16373.16085648148,1
46,16373.164317129631,1
47,16373.166608796297,5
48,16373.19375,6
49,16373.327175925926,3
50,16373.368159722222,3
51,16373.368587962965,1
52,16373.368726851853,1
53,16373.368877314817,1
54,16373.369016203704,1
55,16373.369976851853,3
56,16373.370231481482,1
57,16373.371608796297,1
58,16399.369583333333,0
59,16405.158472222218,2
60,16405.158472222218,5
61,16405.15900462963,2
62,16405.159039351853,2
63,16405.159039351853,5
64,16428.267766203702,0
65,16460.20226851852,0
66,16462.271087962963,0
67,16462.45144675926,0
68,16466.157129629628,0
69,16470.411111111112,6
70,16470.536030092593,3
71,16478.115983796295,0
72,16488.430567129628,1
73,16488.438194444443,6
74,16488.547002314815,3
75,16488.550347222223,1
76,16488.550347222223,1
77,16488.550347222223,1
78,16488.550347222223,1
79,16488.550347222223,1
80,16488.550347222223,1
81,16488.550347222223,1
82,16488.550347222223,1
83,16488.550347222223,1
84,16488.550347222223,1
85,16488.55037037037,1
86,16488.55037037037,1
87,16488.551180555554,1
88,16488.55145833333,1
89,16488.553287037037,1
90,16488.55688657408,3
91,16495.183425925927,1
92,16495.19027777778,6
93,16495.251215277778,3
