,time,event
0,16315.469479166664,1
1,16315.469513888891,1
2,16315.469513888891,1
3,16316.103148148148,1
4,16316.103148148148,1
5,16316.103182870369,1
6,16316.36230324074,0
7,16317.074652777776,3
8,16317.108252314814,3
9,16317.362673611111,1
10,16329.00804398148,2
11,16331.117638888889,1
12,16336.065196759258,3
13,16336.07644675926,3
14,16353.18046296296,5
15,16359.649814814817,1
16,16362.449756944443,2
17,16369.929050925924,4
18,16369.929085648148,4
19,16372.226006944444,4
20,16372.226099537036,4
21,16372.226354166667,4
22,16372.247731481482,4
23,16372.885648148147,2
24,16372.885648148147,5
25,16372.885706018518,5
26,16372.885810185186,5
27,16376.073611111111,6
28,16393.13829861111,0
29,16393.13844907408,0
30,16394.025231481482,0
31,16409.540277777778,6
32,16410.18965277778,0
33,16410.191041666665,0
34,16410.193564814814,3
35,16410.193622685187,3
36,16410.19373842592,0
37,16410.195092592592,3
38,16410.195092592592,3
39,16410.195243055554,0
40,16410.19537037037,0
41,16410.19688657408,3
42,16410.197094907406,3
43,16410.197766203702,0
44,16410.198159722222,3
45,16410.198275462964,0
46,16410.199386574073,3
47,16410.199502314816,0
48,16410.200775462963,3
49,16410.200775462963,0
50,16410.201481481483,3
51,16410.201481481483,0
52,16410.201631944445,0
53,16410.201747685187,0
54,16422.716493055555,0
55,16427.041400462964,4
56,16427.041851851853,4
57,16427.05974537037,4
58,16427.064340277782,4
59,16427.06436342592,4
60,16427.064618055556,4
61,16427.551157407408,4
62,16427.55136574074,4
63,16427.551388888893,4
64,16429.34458333333,2
65,16431.347800925927,2
66,16438.11107638889,1
67,16441.360706018517,1
68,16441.370601851853,1
69,16441.371087962958,1
70,16480.21355324074,3
71,16480.213912037038,5
72,16491.249930555554,2
73,16492.81747685185,2
74,16506.667094907407,5
75,16506.667094907407,5
76,16511.275833333333,0
77,16520.161030092593,3
78,16520.16613425926,3
79,16520.182314814814,5
80,16520.184386574074,5
