,time,event
0,16315.895532407407,1
1,16319.0946875,1
2,16343.146064814817,3
3,16358.004930555557,1
4,16374.218530092592,0
5,16374.218680555558,0
6,16377.18125,6
7,16378.165891203704,3
8,16378.166724537035,3
9,16380.317731481482,1
10,16380.462245370369,1
11,16381.076921296297,1
12,16381.076921296297,1
13,16381.077048611109,1
14,16381.077708333334,1
15,16381.078287037037,1
16,16381.078599537037,1
17,16394.44618055556,4
18,16394.446319444443,4
19,16395.089328703703,4
20,16395.089328703703,4
21,16395.089328703703,4
22,16421.178206018518,0
23,16423.095092592594,4
24,16423.095358796298,3
25,16423.095358796298,4
26,16423.097013888888,4
27,16423.097175925926,4
28,16423.097337962958,4
29,16423.098576388893,3
30,16427.368645833332,0
31,16427.441030092592,0
32,16480.247962962963,0
33,16520.239143518516,1
34,16520.240150462963,1
35,16520.24030092592,1
36,16521.07332175926,1
37,16521.073587962965,1
38,16523.965648148147,1
39,16523.965925925924,1
40,16524.12717592592,1
41,16524.17011574074,1
42,16524.170381944445,1
43,16524.17258101852,1
44,16524.17258101852,1
45,16524.17457175926,1
46,16524.176886574074,1
47,16524.17707175926,1
48,16524.196481481482,5
49,16524.216481481482,1
50,16524.218865740742,1
51,16524.219548611112,1
52,16524.404421296298,1
53,16526.36894675926,1
54,16526.37476851852,1
