,time,event
0,16317.19605324074,1
1,16366.558356481482,2
