,time,event
0,0.7325071897620072,1.0
1,0.7847966398934054,3.0
2,0.7926947594099012,2.0
3,0.8056567564595583,2.0
4,0.8692000618021,2.0
5,0.9840561874271988,0.0
6,1.255721134801594,3.0
7,1.3263453571856965,3.0
8,1.478180245275861,1.0
9,1.9716707083218254,2.0
10,1.9956191901772218,4.0
11,2.226470389598884,1.0
12,2.2271326256783173,1.0
13,2.3323176364487317,0.0
14,2.568450064895598,3.0
15,2.5717877629573476,3.0
16,2.5794329312668443,2.0
17,2.8270822071704185,0.0
18,2.8446400914282464,2.0
19,2.9326096975379556,2.0
20,2.9400096863294625,0.0
21,3.02481708888028,1.0
22,3.396624093112511,4.0
23,3.409976427141274,3.0
24,3.453122052495874,3.0
25,3.5528407373301256,2.0
26,3.568644423464248,0.0
27,3.575714294017125,2.0
28,3.8042627927043773,2.0
29,3.9171238196503415,2.0
30,4.115142163257615,1.0
31,4.118971173619019,1.0
32,4.401584424237472,4.0
33,4.418551082879081,1.0
34,4.611383497087529,4.0
35,4.6139965493981405,4.0
36,4.673664069893362,1.0
37,4.772418360943384,3.0
38,5.003787686531719,1.0
39,5.17514328184176,3.0
40,5.191044223528318,4.0
41,5.446042443490384,2.0
42,6.143168581774661,2.0
43,7.526780519571289,1.0
44,7.592325173779678,1.0
45,7.900677017731959,2.0
46,8.071051535111113,1.0
47,8.179884868141732,1.0
48,8.378433207893845,4.0
49,9.40406438857344,4.0
50,9.527091088806113,1.0
51,9.645345382963693,1.0
52,9.690743688299563,1.0
53,9.93697108738331,4.0
54,9.995508321044754,2.0
55,10.07322652894667,1.0
56,10.234635991409379,3.0
57,10.448364632691524,2.0
58,14.069512722278532,2.0
59,14.446661212040137,1.0
60,14.5381268816455,0.0
61,14.592690444314835,1.0
62,14.713994064750514,2.0
63,15.053909094031985,2.0
64,15.157155045162096,3.0
65,15.218958679394143,2.0
66,15.333056434522058,2.0
67,15.438774296756046,0.0
68,15.484833393750852,3.0
69,15.558841008517657,3.0
70,15.75280941177709,1.0
71,16.230490692821146,2.0
72,16.488888578155322,1.0
73,17.017634932703864,0.0
74,17.062957618516425,3.0
75,17.205821910296045,2.0
76,18.92789257889819,1.0
77,19.025634011737083,4.0
78,19.65046202879605,1.0
