,time,event
0,0.05617905267690723,4.0
1,0.667137181775036,4.0
2,0.7911787291898907,4.0
3,0.8678555834727764,4.0
4,0.9501936885015171,1.0
5,0.9875199629108998,0.0
6,1.0352983483663154,3.0
7,1.1076662553241363,2.0
8,1.1172461041247457,1.0
9,1.2491264581272585,4.0
10,1.2945905201333139,2.0
11,1.3515085106254447,2.0
12,1.4559689837639564,1.0
13,1.5110591282404309,0.0
14,1.5492732459696257,4.0
15,1.6793321645259187,0.0
16,1.7992602420704826,3.0
17,1.8306834649865382,0.0
18,2.099814785250462,3.0
19,2.1644427946747498,1.0
20,2.298735737358787,1.0
21,2.550321006865663,2.0
22,2.6454997685671544,2.0
23,2.732269019168584,2.0
24,2.802810340943645,3.0
25,2.9037674227760677,2.0
26,3.508180935639303,0.0
27,3.546040522987528,1.0
28,3.828898979313819,1.0
29,4.613530173168491,3.0
30,5.348458047634455,1.0
31,5.549775217273188,1.0
32,6.023370217309972,1.0
33,6.1141914039840435,1.0
34,6.279238351143316,2.0
35,6.2857546638985475,2.0
36,6.348897161070315,2.0
37,6.687926363620598,1.0
38,6.83716738658116,3.0
39,7.139992008668086,3.0
40,8.779992355548814,1.0
41,9.448868654735415,1.0
42,9.785475072711723,0.0
43,10.419692943638427,1.0
44,10.472876012716657,1.0
45,10.514724942904515,2.0
46,10.517392325230036,1.0
47,10.875464044279893,0.0
48,10.899889236066741,1.0
49,11.079024631565245,1.0
50,11.25689876633081,2.0
51,11.268465181524345,4.0
52,11.442549170808354,0.0
53,11.807254114138722,2.0
54,13.31140078726293,2.0
55,13.633192455415033,0.0
56,13.699731478079462,1.0
57,13.865669382970664,2.0
58,14.268089204049337,2.0
59,14.676217237958474,3.0
60,15.28234356594884,1.0
61,15.286949596762605,4.0
62,15.439868908932084,2.0
63,15.444807776991775,1.0
64,15.472763333964314,1.0
65,15.48328964882517,3.0
66,15.60575701366142,1.0
67,15.624338900369521,0.0
68,15.748594767700597,4.0
69,15.923467271651322,4.0
70,16.067546646879048,4.0
71,16.270069863381718,4.0
72,16.66643286595467,2.0
73,16.71188012115745,1.0
74,16.87975178686883,2.0
75,17.109401177316677,0.0
76,17.18408041691894,1.0
77,17.393954807601936,1.0
78,17.575243840506666,1.0
79,17.7704499604671,2.0
80,17.786794964183912,1.0
81,17.99348640929894,1.0
82,18.32909066782772,2.0
83,18.37868535913639,2.0
84,18.40248397573067,4.0
85,18.442022940685646,4.0
86,18.77852362116864,1.0
87,19.17040359088528,4.0
88,19.528900506373983,4.0
89,19.63845901778259,2.0
90,19.75329065627458,4.0
91,19.986914930083383,1.0
