,time,event
0,0.24001158490601712,4.0
1,0.4821259240525496,1.0
2,0.7003977144175834,1.0
3,0.9031331532173001,2.0
4,0.9527483901382157,1.0
5,1.0376750037891218,1.0
6,1.096477120659579,4.0
7,1.3591522115847718,2.0
8,1.6537974254954215,2.0
9,1.6609071453638105,1.0
10,1.9407828614883686,3.0
11,2.0226752414807905,1.0
12,2.33370797095268,2.0
13,3.786918966106052,4.0
14,4.058268376858236,1.0
15,4.1434373290235955,3.0
16,4.556459115888961,2.0
17,4.589135507793805,1.0
18,4.721330057430683,1.0
19,4.804441346180375,1.0
20,5.055095685073037,2.0
21,5.079868600309279,0.0
22,5.126625733928838,4.0
23,5.352569154621393,3.0
24,5.471851677080861,1.0
25,5.486472431797851,0.0
26,5.641688151732649,3.0
27,5.758089308633094,4.0
28,5.8896819871491415,3.0
29,5.9116455858925745,1.0
30,5.943798675515805,2.0
31,5.966936347131863,1.0
32,6.075806870537562,2.0
33,6.1085111071932054,2.0
34,6.1942945961765625,0.0
35,6.218303429031146,3.0
36,6.3168281385188045,1.0
37,6.33143307563187,3.0
38,6.403222423682337,4.0
39,6.606831177421137,3.0
40,6.653304341281621,2.0
41,7.0561810606628566,1.0
42,7.060804755753265,1.0
43,7.219576688555194,2.0
44,7.300649504660842,1.0
45,7.422441035638488,1.0
46,7.429087230688628,4.0
47,7.578941428685456,1.0
48,7.607194934066229,2.0
49,7.62588507258014,1.0
50,7.908841558485968,0.0
51,9.13866052372386,1.0
52,9.212375873143744,1.0
53,9.297036391485225,2.0
54,9.298766257581983,4.0
55,9.473806046769836,3.0
56,9.47774827736766,0.0
57,9.484381758213491,2.0
58,9.582785120566758,3.0
59,9.70767480696579,1.0
60,10.322232274054654,2.0
61,10.41807010496108,2.0
62,11.249037979679079,1.0
63,11.527038064269314,0.0
64,11.695180654535129,1.0
65,12.197244830581532,3.0
66,12.798111560318679,4.0
67,14.144025832004488,1.0
68,14.800977718508037,2.0
69,14.85263346472319,0.0
70,14.892834777917674,1.0
71,15.035579058610754,0.0
72,15.194389108234885,3.0
73,15.25882659592089,3.0
74,15.518233772672566,1.0
75,15.56463042838453,2.0
76,15.574549130251887,3.0
77,15.647681799636716,3.0
78,17.79833325251289,2.0
79,18.385503957386266,0.0
80,19.237687141580846,4.0
81,19.482347686473602,2.0
82,19.533370411700783,2.0
83,19.588878934921624,4.0
84,19.688201193092564,2.0
85,19.782656944781852,0.0
