,time,event
0,2.108021841771117,2.0
1,2.937832198015478,2.0
2,3.537123577022513,1.0
3,4.081290139718753,1.0
4,4.182848767390751,1.0
5,4.503550076034221,2.0
6,4.5656781154399395,2.0
7,4.621742189120896,1.0
8,4.89989427451422,2.0
9,5.200469629975087,1.0
10,5.874809781842739,1.0
11,6.487519038171872,1.0
12,6.558050384050015,2.0
13,6.618251637248575,2.0
14,6.710890371929964,4.0
15,6.745315807195137,1.0
16,6.823372912938595,1.0
17,6.882345667800587,2.0
18,6.933661339535299,4.0
19,7.33776595325208,0.0
20,7.389638652477971,3.0
21,7.445927066795044,0.0
22,7.528280912121964,1.0
23,7.785156808294528,1.0
24,7.9993333665616495,1.0
25,8.188927232058514,0.0
26,8.369130997097672,1.0
27,8.440703558007504,2.0
28,8.823960126397429,1.0
29,9.28060781744562,3.0
30,9.579884384473157,2.0
31,9.619559514260354,2.0
32,9.94211393252294,2.0
33,10.773811133053002,3.0
34,10.942569538502635,2.0
35,11.191696118265227,2.0
36,11.212425404775066,4.0
37,11.246133666690707,2.0
38,11.343248223684684,0.0
39,11.755354311636713,0.0
40,11.988040266205273,1.0
41,12.19489853903806,1.0
42,12.261169418245316,2.0
43,12.355097407024909,1.0
44,12.357635226447416,4.0
45,12.358866506136048,1.0
46,12.379129052039538,2.0
47,12.584242766149371,1.0
48,12.959607456631998,0.0
49,12.996300979412974,0.0
50,13.001530824996703,3.0
51,13.521926014296001,2.0
52,13.78303430580555,1.0
53,14.933888766628707,2.0
54,15.227588380468246,0.0
55,15.408354218518605,1.0
56,16.42443086725131,2.0
57,16.57011776918768,1.0
58,16.647627685655518,1.0
59,16.67205016692882,1.0
60,16.7876722952974,2.0
61,16.8296578277115,3.0
62,17.052960739791903,0.0
63,17.238763595760318,1.0
64,17.313975318480654,2.0
65,17.613371558267335,0.0
66,17.854215886934366,2.0
67,17.85735184469725,2.0
68,18.344889559708015,2.0
69,19.05918478989112,1.0
70,19.635232164192573,1.0
71,19.96578208282063,2.0
