,time,event
0,0.477427484267708,1.0
1,0.623785478004041,3.0
2,0.9575495753300018,2.0
3,1.7165641383877897,2.0
4,1.7600655482340786,4.0
5,1.7715514634446767,3.0
6,1.8793902091545676,3.0
7,1.944864322875408,1.0
8,1.9902456333466603,2.0
9,2.058539672405723,2.0
10,2.131425041754442,1.0
11,2.4054273668158936,2.0
12,2.760929337414387,2.0
13,2.912353723865723,1.0
14,3.012520423007296,0.0
15,3.098401124973652,1.0
16,3.2547563969807682,3.0
17,3.275506281139209,1.0
18,3.2987490455993544,1.0
19,3.340541417022963,3.0
20,3.391656425109435,1.0
21,3.4908825377189117,4.0
22,3.5195901612893,0.0
23,3.843327363591433,4.0
24,3.978307184956743,3.0
25,4.014851099740014,2.0
26,4.393720503109975,0.0
27,5.072946704668983,3.0
28,7.158995185014246,1.0
29,7.823297960002506,0.0
30,8.226520002760392,4.0
31,8.354131123369443,1.0
32,8.382984594955806,1.0
33,8.454600769172846,3.0
34,8.51278022939265,0.0
35,8.617183135561808,2.0
36,8.665665995731045,1.0
37,8.681985878719262,0.0
38,8.860412359807828,2.0
39,8.885418232811238,2.0
40,8.94493152008542,3.0
41,10.546231427913888,4.0
42,10.842707451355585,2.0
43,10.87884151230788,1.0
44,11.222375710460792,2.0
45,11.249576704232336,2.0
46,11.318697013936605,0.0
47,11.42865222098136,4.0
48,11.576292407660228,2.0
49,11.818158368847703,2.0
50,11.839518309886596,0.0
51,11.95543216078738,3.0
52,12.052017986243888,1.0
53,12.130917177661056,3.0
54,12.17322720776662,2.0
55,12.348293482691064,4.0
56,12.36620168655407,0.0
57,12.432316296319112,0.0
58,12.649053652436,1.0
59,13.406211742223249,1.0
60,14.005427866611823,1.0
61,14.079654345377994,0.0
62,14.096276519138087,1.0
63,14.161070345989724,2.0
64,14.191927168232768,3.0
65,14.225917878484125,3.0
66,14.440549155382653,1.0
67,14.452516945152087,1.0
68,14.46189100406455,0.0
69,14.480243788909256,2.0
70,14.616654402077998,2.0
71,14.65209699833989,1.0
72,14.985689810417247,1.0
73,15.022891992559007,2.0
74,15.13859728425054,0.0
75,15.649105003533137,1.0
76,15.725214872015613,2.0
77,15.774399746492179,2.0
78,15.800151021291486,1.0
79,15.867331637790004,0.0
80,15.929615298169733,2.0
81,15.974352671911001,1.0
82,16.090835636486386,2.0
83,16.09624877174976,1.0
84,16.15828875338038,2.0
85,16.28308340535648,1.0
86,17.056552881857694,2.0
87,18.019600798919114,1.0
88,18.02121421988637,1.0
89,18.358866533423544,4.0
90,18.551949360951888,2.0
91,18.712481000163486,1.0
