,time,event
0,0.014678141940166997,2.0
1,0.11886117451270069,1.0
2,0.6193995375101569,1.0
3,0.9321257792414908,2.0
4,0.994579193485028,0.0
5,1.029888177262197,2.0
6,1.3889951469983306,1.0
7,1.4087596175167232,1.0
8,1.6659205906601957,1.0
9,1.7077208507844552,4.0
10,1.8589841334807118,1.0
11,1.8969519735646512,2.0
12,1.9372916985435578,4.0
13,2.061137382336815,1.0
14,2.0976179687344216,1.0
15,2.1384350510734946,2.0
16,2.3133662063691602,0.0
17,2.335502674789351,1.0
18,2.630065047682471,0.0
19,2.7559088069707895,0.0
20,2.8883194219694546,3.0
21,2.9320152390611853,2.0
22,2.9463744423703337,2.0
23,2.9908906000875546,1.0
24,4.544837065008077,1.0
25,4.569553886078199,1.0
26,4.6083662435429815,3.0
27,4.790492189818402,1.0
28,4.825997417522791,1.0
29,5.147264863396059,4.0
30,5.22759974188958,4.0
31,5.367751844200064,2.0
32,6.075929267570875,1.0
33,8.173488282447925,1.0
34,10.524636093233262,3.0
35,10.83550538871446,2.0
36,10.916498912512115,2.0
37,11.172441793985863,1.0
38,11.444224493101103,2.0
39,11.85522790985421,2.0
40,12.018502881139394,3.0
41,12.260060455124894,1.0
42,12.261842540458401,1.0
43,12.434765665909323,4.0
44,12.454778181220103,4.0
45,12.770460180631229,3.0
46,12.79172633032913,4.0
47,13.006548123071285,4.0
48,13.041242087748852,4.0
49,13.181363457510152,4.0
50,13.362763042416383,4.0
51,13.525688464390694,4.0
52,13.648196577269006,2.0
53,16.37788416733135,2.0
54,16.88949821298131,0.0
55,17.249641400879288,2.0
56,17.748042521059748,2.0
57,18.10745749220271,4.0
58,18.113164470366403,4.0
59,18.138187523385483,0.0
60,18.158552687790404,1.0
61,18.177889113540942,0.0
62,18.178413198851214,1.0
63,18.26217407862516,2.0
64,18.313430675670183,3.0
65,18.386849288567017,4.0
66,18.703153471883603,1.0
67,19.40883114479742,0.0
68,19.803742831567362,4.0
69,19.948510395215642,1.0
70,19.987585433005194,4.0
71,19.998843873447623,1.0
