,time,event
0,0.021894154085928375,1.0
1,0.18149636767231248,4.0
2,0.2155478233538437,4.0
3,0.6228157229611736,2.0
4,0.6832312346056382,0.0
5,0.7374107427377554,1.0
6,0.7511988373248859,0.0
7,0.7916377863460032,1.0
8,1.050890687449182,2.0
9,1.7402265295902515,2.0
10,2.3469404705354133,1.0
11,2.764906327240916,1.0
12,2.923640678421394,2.0
13,3.4480607163013532,1.0
14,4.060392711071499,2.0
15,5.9689216396734075,2.0
16,6.911628768767687,2.0
17,7.522586543011048,1.0
18,7.716543466488858,1.0
19,9.435694348892563,3.0
20,9.581874271392069,2.0
21,9.787497805841218,3.0
22,9.81777577643479,4.0
23,10.3959254008181,2.0
24,11.71336694613288,2.0
25,11.863404318039757,4.0
26,11.953147209641342,2.0
27,12.487669630351782,1.0
28,12.843672112880094,2.0
29,13.379031476301725,1.0
30,13.388357553331277,1.0
31,13.483864122957037,1.0
32,13.602439819934117,2.0
33,13.755810312757104,4.0
34,13.82758076949608,1.0
35,13.870787315894557,4.0
36,13.95927479360871,1.0
37,14.175141558277687,1.0
38,14.470212817067571,2.0
39,14.934585509003275,0.0
40,15.027142436403055,2.0
41,15.042832421798312,2.0
42,15.116592220038806,2.0
43,15.49069397514073,4.0
44,15.888124527719661,1.0
45,16.155118091946527,2.0
46,17.843177052159017,4.0
47,18.06795133596007,1.0
