,time,event
0,0.28416324930189435,0.0
1,0.8425640826009506,4.0
2,0.8867545623232044,3.0
3,1.1043766904978,0.0
4,1.6620924988751893,3.0
5,2.358723447707584,3.0
6,2.5113261262595508,2.0
7,2.7419901097077286,4.0
8,2.766379055231958,3.0
9,2.787779691890928,1.0
10,2.808914926498038,4.0
11,2.98754279226784,1.0
12,3.5708797440075326,4.0
13,3.8475906192201244,0.0
14,4.030460502216475,3.0
15,4.078843528364302,3.0
16,4.475124312305536,4.0
17,4.84425149821539,4.0
18,4.91800549248743,4.0
19,4.976967161639606,0.0
20,5.013520213046354,0.0
21,5.8576196973241075,0.0
22,5.914685327749255,2.0
23,6.450475583074655,4.0
24,6.663515855640198,4.0
25,6.729112961975317,3.0
26,7.208685013517439,0.0
27,7.3304732789173865,2.0
28,7.37362205888101,3.0
29,7.389932677448165,3.0
30,7.626814335283528,0.0
31,7.635374637215113,4.0
32,7.718114491192034,2.0
33,7.816209709795338,1.0
34,7.929792317260487,3.0
35,8.050460441153273,3.0
36,8.061452152473242,1.0
37,8.083911015913145,2.0
38,8.384379404634897,1.0
39,8.614562826501558,3.0
40,8.808669597029667,3.0
41,8.974322199297005,1.0
42,11.065826440265829,4.0
43,11.356128176673254,4.0
44,11.584343209832683,3.0
45,11.73674470761566,0.0
46,12.090478789824553,3.0
47,12.14195855288124,0.0
48,12.296849134585889,0.0
49,12.71358018882161,4.0
50,13.338953957187009,4.0
51,13.671013746727956,2.0
52,13.719250030868785,4.0
53,13.852529173965783,4.0
54,13.863994962366222,2.0
55,13.899098371953869,0.0
56,13.991738306534552,4.0
57,14.420239360426782,3.0
58,14.429446858552721,1.0
59,14.56991251577962,0.0
60,14.715057434222336,0.0
61,14.741662793555594,2.0
62,14.889303775127189,0.0
63,16.391596023032317,0.0
64,16.541426369366814,3.0
65,17.161961306632584,2.0
66,17.16529662041597,0.0
67,17.189667964702313,4.0
68,17.220611994048607,3.0
69,17.85774725515222,4.0
70,18.06192057680165,4.0
71,18.571972519169968,0.0
72,18.65338492056627,3.0
73,18.725817152186085,2.0
74,18.733311002906763,4.0
75,18.796639664186145,3.0
76,19.070887886607213,0.0
77,19.179457958701235,2.0
78,19.582715306620155,4.0
79,19.643933427860212,3.0
80,19.98727837328218,0.0
