,time,event
0,0.788726213435323,1.0
1,0.8460863443162073,4.0
2,2.157630243439871,4.0
3,2.334229556099981,1.0
4,2.4141470594945647,2.0
5,2.490941364586124,0.0
6,2.499338135561967,2.0
7,2.654624348223516,1.0
8,2.7218416582997365,4.0
9,2.775563697090475,3.0
10,2.7806261194379602,2.0
11,2.8234480901751193,1.0
12,2.8281073175969036,0.0
13,2.844684941727676,2.0
14,2.8450863990752504,1.0
15,2.979086074613096,2.0
16,2.98222098524804,3.0
17,3.0666189521777887,0.0
18,3.153067383362933,4.0
19,3.623934134449479,2.0
20,3.7132897328392307,3.0
21,3.744481224050436,2.0
22,3.8904478104242886,3.0
23,4.259053696867743,1.0
24,8.832059450977813,0.0
25,9.129102001975268,0.0
26,9.28723296460958,2.0
27,9.308771833341966,1.0
28,9.430124421654881,4.0
29,9.496975239663646,1.0
30,9.503507207494131,3.0
31,9.508245138007467,3.0
32,9.508588143210252,3.0
33,9.616451333250565,4.0
34,9.618697041917,3.0
35,9.801766108932314,1.0
36,9.850596500906757,2.0
37,10.034281108056597,1.0
38,10.049693332333877,2.0
39,10.057084573730648,3.0
40,10.137508228418566,2.0
41,10.163900094765701,1.0
42,10.457480706026487,3.0
43,10.607045858959225,3.0
44,10.71653927265311,0.0
45,11.10180581742802,1.0
46,13.434131919073563,4.0
47,13.541588852406466,4.0
48,13.726348176641938,0.0
49,14.009725928982176,3.0
50,14.174221311574486,1.0
51,14.345776989966966,2.0
52,14.575777501043463,1.0
53,14.636766744662046,4.0
54,14.8510958998955,1.0
55,15.543157437025133,1.0
56,15.8225376385268,1.0
57,16.049070944805184,2.0
58,16.05197586026494,0.0
59,16.387974076098697,0.0
60,16.43863028533664,2.0
61,16.501755041425238,3.0
62,16.586208054321876,3.0
63,16.635026920699435,2.0
64,16.64270404305352,3.0
65,16.680057151362455,4.0
66,16.747662592978706,1.0
67,16.876141272479646,4.0
68,17.045315799804204,2.0
69,17.14835292099302,3.0
70,17.148357400905876,1.0
71,18.44202820931349,2.0
72,18.443068214492893,1.0
73,18.836593038200466,2.0
74,18.954593410837354,2.0
