,time,event
0,0.6932501794992116,1.0
1,0.7525098284016866,2.0
2,0.8500027697964592,1.0
3,0.9043411579671818,4.0
4,1.0598989733319533,2.0
5,1.2713577928353654,0.0
6,2.290674468337776,2.0
7,2.388848815029391,2.0
8,2.4122088095869927,2.0
9,3.688464286327396,4.0
10,3.8363932425587293,0.0
11,3.8955162114089914,4.0
12,3.968405795648829,1.0
13,3.972126491953566,1.0
14,4.332262154778753,3.0
15,4.814915941523975,2.0
16,5.329169798652691,1.0
17,5.424701904362041,0.0
18,5.541843658733838,4.0
19,5.869558270354622,3.0
20,5.974285411417309,2.0
21,6.211098604924738,4.0
22,6.2618743763813285,1.0
23,6.381451090537403,3.0
24,7.939819382883513,3.0
25,8.171624718438785,1.0
26,8.22082882715831,0.0
27,8.869175466362565,2.0
28,8.91632974407603,4.0
29,8.969840402169003,1.0
30,9.024440783369798,0.0
31,9.084626523712606,1.0
32,9.16014910022314,1.0
33,9.517195118951989,2.0
34,9.615609193592263,3.0
35,9.658035133268587,2.0
36,9.767529781637723,1.0
37,10.038188270749933,3.0
38,10.21740398033693,2.0
39,11.395977476831975,3.0
40,11.698632840474621,2.0
41,12.008043384503814,2.0
42,12.166512342182214,2.0
43,12.449329341087468,1.0
44,13.479857563252637,2.0
45,13.627958422424246,1.0
46,13.93886348075219,0.0
47,13.991683542847817,1.0
48,13.993119594808416,4.0
49,14.299855069916365,2.0
50,14.5066512669763,2.0
51,14.521636804348294,4.0
52,14.849166676974956,2.0
53,16.65067842197326,0.0
54,16.67814493668073,3.0
55,17.098677721136557,1.0
56,17.115962947255433,2.0
57,17.13582185563233,1.0
58,17.15697533524866,0.0
59,17.20356210307538,1.0
60,17.2133687483058,0.0
61,17.21747955796526,2.0
62,17.24207964703245,3.0
63,17.290683815136724,2.0
64,17.312662460883967,1.0
65,17.415897312883413,4.0
66,17.424019044128574,1.0
67,17.469047888838777,0.0
68,17.493237514172442,2.0
69,17.574392391401613,3.0
70,17.61899150704944,4.0
71,17.67574820209874,2.0
72,17.738135139990238,1.0
73,17.771132550322445,3.0
74,17.80523182992657,2.0
75,17.89714528460034,0.0
76,18.08098414577329,1.0
77,18.979869314655453,2.0
78,19.066964824036045,0.0
79,19.143146101604795,1.0
80,19.283374422970336,4.0
81,19.309157674347457,1.0
82,19.686986365972917,1.0
83,19.737649482278506,2.0
