,time,event
0,0.3028958076782927,1.0
1,0.5036450211388037,1.0
2,0.6911326692557873,0.0
3,0.7189593170969008,1.0
4,1.078578366890438,1.0
5,1.3100814853406522,4.0
6,1.6375222406992096,2.0
7,1.7650143751404408,1.0
8,1.9993950827765017,2.0
9,2.006248047985281,3.0
10,2.1465882987920004,1.0
11,2.286652546610826,2.0
12,2.2957097912773303,2.0
13,2.314780250804903,2.0
14,2.6071111848626036,2.0
15,2.9285616959602185,2.0
16,3.1102249170922547,2.0
17,4.053706336737821,4.0
18,4.185181397927497,4.0
19,5.379872075908262,2.0
20,6.037558420662018,0.0
21,6.079213361519423,1.0
22,6.142275832366159,3.0
23,6.276761723685874,1.0
24,6.47216991498593,2.0
25,6.528246455752204,2.0
26,6.822548952229886,2.0
27,7.367747177802006,4.0
28,7.560792335904612,2.0
29,8.602683922175322,0.0
30,9.059130266751577,2.0
31,9.15659029027021,2.0
32,10.074261584899027,1.0
33,10.202339778559308,3.0
34,10.223562565518561,2.0
35,10.266148898449833,4.0
36,10.370782154191872,1.0
37,10.520031005612418,2.0
38,10.591103872611983,3.0
39,10.657363527614375,2.0
40,11.09267876238606,2.0
41,11.627246086629146,0.0
42,11.915499835529616,4.0
43,11.976345696178212,2.0
44,11.983714171834707,1.0
45,12.141384762657072,4.0
46,12.590313715934048,1.0
47,12.664469832732438,1.0
48,12.971217663645696,4.0
49,13.028813823165281,0.0
50,13.101370363834285,4.0
51,13.239875696411598,0.0
52,13.252084973120432,1.0
53,13.273627319089682,3.0
54,13.4724269391964,1.0
55,13.512939196420534,2.0
56,13.563743807898078,0.0
57,13.721174972289349,2.0
58,13.779062295444492,2.0
59,14.026870429259443,1.0
60,14.134963008951491,3.0
61,14.194800226234554,2.0
62,14.344093973604917,1.0
63,14.681021941917873,1.0
64,14.705934646281888,2.0
65,14.716517758143969,2.0
66,14.972313083908816,1.0
67,15.080926294939355,1.0
68,15.405041065717015,1.0
69,15.45440011911557,3.0
70,15.60133123654445,1.0
71,15.897832850189012,1.0
72,16.00329997650275,1.0
73,16.061085131671398,2.0
74,16.064204951057285,1.0
75,16.156444726262663,2.0
76,16.179148267606845,1.0
77,16.180646547419194,1.0
78,16.842890217179097,2.0
79,17.63265945089483,3.0
80,17.71569965577405,2.0
81,17.743328082623915,2.0
82,17.946052875745487,2.0
83,17.984833701017887,1.0
84,18.14794005964353,1.0
85,18.77547982891073,2.0
86,19.430729607448097,2.0
87,19.804986095356295,3.0
