,time,event
0,0.6461308497185558,4.0
1,0.882841582765718,0.0
2,0.9115334013569658,0.0
3,0.9448314511172238,3.0
4,1.2210038895388908,1.0
5,1.5851054321646099,3.0
6,2.0576436025762153,2.0
7,2.5131152974931714,1.0
8,2.6436261773084024,4.0
9,2.7074861138699373,3.0
10,3.83137632341337,1.0
11,4.195768079578064,2.0
12,4.214297556677362,1.0
13,4.39571751031517,1.0
14,4.588550887193333,1.0
15,4.679940413511279,1.0
16,4.752669675808903,1.0
17,4.795304317881423,1.0
18,4.986451453010923,4.0
19,6.331266048488747,2.0
20,6.720852877679633,2.0
21,6.8111827412113,0.0
22,6.847762888712311,3.0
23,7.029254008624278,1.0
24,7.233816754516095,2.0
25,7.236534491698841,1.0
26,7.439010557181882,4.0
27,7.504582394729065,0.0
28,7.566803133828449,1.0
29,7.731095021489861,3.0
30,7.831621482242311,1.0
31,7.930193666404241,0.0
32,8.109097205257639,1.0
33,8.11838671006232,2.0
34,8.165597341423764,1.0
35,8.210734808880554,0.0
36,8.260073742249658,2.0
37,8.28897317686485,4.0
38,8.406517664980043,1.0
39,8.418107343170774,1.0
40,8.443638120124465,4.0
41,8.515490869797933,1.0
42,8.538858401565383,4.0
43,8.962906831394855,0.0
44,9.122228266341933,1.0
45,9.673826963457854,1.0
46,10.548861811323004,0.0
47,10.921460457475092,2.0
48,10.994281465283196,3.0
49,11.539319139807978,1.0
50,11.727319360321383,4.0
51,11.786026414525459,1.0
52,11.939919457577055,1.0
53,11.94066685217895,3.0
54,11.974147114555736,1.0
55,11.995344587037057,1.0
56,12.148023965466248,3.0
57,12.217214512684475,3.0
58,12.545924522651244,4.0
59,12.663161090635173,4.0
60,12.783978445727454,2.0
61,13.002736845822314,3.0
62,13.281851630507964,1.0
63,14.261106184985618,2.0
64,14.385774388937223,1.0
65,14.937332646554204,0.0
66,15.37627022306479,0.0
67,15.494059563054659,2.0
68,15.569505144898441,3.0
69,15.654083259647956,4.0
70,15.656762198693261,4.0
71,15.735539972567421,1.0
72,15.90756380103538,1.0
73,16.026204992469562,0.0
74,16.057931592316265,1.0
75,16.139401098729735,2.0
76,16.159332300193707,2.0
77,16.29053602745339,2.0
78,16.29080252432699,4.0
79,17.01359150226698,2.0
80,17.33944415826119,2.0
81,17.36757903429614,2.0
82,17.45525150091867,1.0
83,17.830390982596885,2.0
84,17.998493514617987,0.0
85,18.14763991564153,3.0
86,18.150322031627002,1.0
87,18.161869517512397,2.0
88,18.21985488077752,1.0
89,18.361829435786493,1.0
90,18.503210011902787,1.0
91,18.51256683975148,0.0
92,18.578933327552573,1.0
93,18.839812167573662,1.0
94,19.19222002065836,1.0
