,time,event
0,0.14381425360507238,2.0
1,0.1966034825762571,2.0
2,1.1942288206043161,2.0
3,1.733464120638833,3.0
4,1.745569578661926,4.0
5,1.9662261390940576,2.0
6,1.9953888398574942,4.0
7,2.128106917755149,2.0
8,2.2110049308464954,1.0
9,2.229229618826634,4.0
10,2.2680831806522828,1.0
11,2.2773043264169615,2.0
12,2.3162360258448267,0.0
13,2.518622878897502,1.0
14,2.8115598061728004,2.0
15,3.1183436339412873,1.0
16,3.441653335013424,2.0
17,3.836104749562693,4.0
18,3.877872295767559,0.0
19,3.9079172339472548,2.0
20,4.032463732603602,2.0
21,5.47650271874478,1.0
22,5.60812344376852,4.0
23,5.673506809225836,4.0
24,5.811640978210556,1.0
25,5.820493154235921,2.0
26,5.834647908586623,3.0
27,5.835597060319864,0.0
28,5.878463434038446,3.0
29,6.155798425221583,3.0
30,9.619727674884956,2.0
31,9.746829522361454,1.0
32,9.954117921023649,3.0
33,10.159774034906052,4.0
34,10.574279877724923,2.0
35,10.6408638941431,4.0
36,10.830987825311585,2.0
37,10.982101071468268,2.0
38,11.373179710259828,1.0
39,11.680314309163833,2.0
40,12.045627159736112,1.0
41,13.315405086904324,3.0
42,13.486943230580845,2.0
43,13.605466742141406,1.0
44,14.004124608633232,2.0
45,14.20190399239329,2.0
46,14.351634130090742,2.0
47,14.436883552894159,2.0
48,14.613599585843097,1.0
49,15.321349168087162,1.0
50,15.719498670847285,1.0
51,15.921685688122244,1.0
52,15.937599884269742,1.0
53,18.03771167021148,3.0
54,18.099548474885882,1.0
55,18.12969030101448,3.0
56,18.307930440192074,4.0
57,19.32775976924815,3.0
58,19.33667169850236,3.0
59,19.614188878805145,1.0
60,19.754080666884764,2.0
61,19.81713079917151,0.0
62,19.831397393105295,4.0
63,19.835894708562407,1.0
64,19.855605676742915,3.0
65,19.91677345673315,0.0
66,19.93523808708421,2.0
67,19.963016738802867,1.0
68,19.97037380531443,4.0
69,19.981140446863698,0.0
