,time,event
0,0.517509876197488,2.0
1,0.6430969136222143,0.0
2,1.0209631789980005,2.0
3,1.087314391798362,3.0
4,1.0948260885732488,1.0
5,1.235431069428143,2.0
6,1.2812766011484777,2.0
7,1.5942848426286893,2.0
8,1.6766780038783047,3.0
9,2.4117315836759134,4.0
10,2.5234668293719813,1.0
11,2.7759453739707727,4.0
12,2.858377906147675,4.0
13,2.9897116767888754,1.0
14,3.09286101879411,4.0
15,3.137782291655623,4.0
16,3.1414916674217026,4.0
17,3.7698656268923734,1.0
18,4.176749797106254,1.0
19,4.3192359465391,4.0
20,6.067207442026772,2.0
21,6.107066569191083,2.0
22,6.414594785109806,1.0
23,6.453710890437262,3.0
24,6.75248016852819,1.0
25,6.82555497687368,4.0
26,6.845411143012837,1.0
27,7.459077748929185,1.0
28,7.516842063255039,4.0
29,7.70298270809093,3.0
30,8.092644054123245,2.0
31,8.126329004503726,1.0
32,8.347848063605841,3.0
33,8.450651105926424,2.0
34,8.962976472227794,0.0
35,11.539167398803372,1.0
36,12.10897454641881,0.0
37,12.23076007569232,2.0
38,12.296981498978019,1.0
39,12.405885835302989,2.0
40,12.449857012399429,1.0
41,12.497564428688266,1.0
42,12.550601129766656,4.0
43,12.80582123941915,1.0
44,12.824295440541423,4.0
45,12.867526902160684,1.0
46,13.125003355483917,2.0
47,13.173331945762305,4.0
48,13.219933378368863,4.0
49,13.460802901385335,2.0
50,13.501387541301735,1.0
51,13.626007852486653,4.0
52,14.120846712258363,4.0
53,15.061252986274235,0.0
54,15.328339748792478,2.0
55,15.421226929568192,1.0
56,16.80238653218636,4.0
57,16.90428320317004,3.0
58,17.262248628903233,2.0
59,17.317542502095602,1.0
60,18.09287536578058,1.0
61,18.23264191575478,4.0
62,18.454623377332826,2.0
63,19.413608546367367,3.0
