,time,event
0,0.21942616934593737,4.0
1,0.6064696074658267,1.0
2,0.6974930920500899,1.0
3,0.8060120979008227,2.0
4,0.8866521870242198,1.0
5,1.5314851470436956,1.0
6,2.369791515423003,4.0
7,2.4615329477069587,2.0
8,2.8300918770666255,1.0
9,3.244308705547286,4.0
10,3.3599072513064434,2.0
11,3.545553159549268,1.0
12,3.5869428047273346,3.0
13,3.7769538605557464,4.0
14,3.957627685320645,4.0
15,4.3224460014833905,2.0
16,4.613015168394798,2.0
17,5.970235857623816,4.0
18,6.157431863963408,1.0
19,6.2408906494273175,2.0
20,6.353452973666298,1.0
21,6.43976973018262,2.0
22,6.907383008174376,1.0
23,8.05230339933063,4.0
24,9.472003193412364,2.0
25,9.607831808434184,1.0
26,10.834160911413823,1.0
27,10.930390985736878,1.0
28,11.023421552318897,2.0
29,11.198603557241201,2.0
30,11.25539454278165,2.0
31,11.3113091749993,4.0
32,11.326514520697408,3.0
33,11.366540382533648,2.0
34,11.386891477235725,2.0
35,11.930991328801818,2.0
36,12.457723356410991,0.0
37,12.67010004129079,3.0
38,13.031551772963185,0.0
39,13.320143508172285,1.0
40,13.463019502401021,1.0
41,13.55267818295944,3.0
42,13.893508491094309,2.0
43,14.483552964572661,2.0
44,15.03127568967119,1.0
45,15.123478908102433,0.0
46,15.450920068030563,2.0
47,15.54169940991659,4.0
48,15.579802478392185,2.0
49,15.619557385616567,0.0
50,15.678594728783704,4.0
51,15.857423265531382,0.0
52,15.983248159086074,4.0
53,16.134889492403282,1.0
54,16.183624462487874,0.0
55,16.344427972110775,1.0
56,16.675515818593947,2.0
57,16.928644292756378,2.0
58,17.055496946262377,2.0
59,17.18765421680041,1.0
60,17.211065901798897,3.0
61,17.463630017861647,1.0
62,17.57831114137549,1.0
63,17.68380106085728,1.0
64,17.690671053261504,4.0
65,17.703855467428692,3.0
66,17.775647176680295,0.0
67,18.109415403435413,4.0
68,18.20635681635432,0.0
69,18.262301973851095,4.0
70,18.285381042976223,0.0
71,18.377035778174395,1.0
72,18.44022802427144,3.0
73,18.57245365913691,2.0
74,18.60506711281743,3.0
75,19.08678532796277,2.0
76,19.241195698163278,1.0
77,19.5368119219244,2.0
78,19.763326994413134,1.0
79,19.83729171803146,2.0
80,19.93600665239916,2.0
