,time,event
0,0.2009949117034802,2.0
1,0.2310192151209096,1.0
2,0.32959329954379524,2.0
3,0.5566987326600699,4.0
4,0.6077245659556951,1.0
5,1.437360708842841,2.0
6,2.4380556491642182,2.0
7,2.4851642746254146,2.0
8,2.6947527265959437,1.0
9,2.920913570854914,2.0
10,2.960175278567511,1.0
11,3.0686082708080793,1.0
12,3.0844232774780846,0.0
13,3.154400037462902,3.0
14,4.244965552824397,2.0
15,4.335905700167814,4.0
16,5.080260983562107,2.0
17,5.610165315375545,3.0
18,6.955024770687875,2.0
19,7.170762885980912,1.0
20,7.385613494137349,2.0
21,7.66361917169063,2.0
22,7.895578318357025,3.0
23,7.972634285876241,1.0
24,8.50694605064074,3.0
25,8.517499993121385,4.0
26,8.723528332736542,2.0
27,9.029679442577825,1.0
28,9.405825339849592,1.0
29,9.465340478305137,2.0
30,9.495884857289688,2.0
31,9.550504438190917,0.0
32,9.615910504087028,0.0
33,9.818483157896656,1.0
34,9.84844537134489,0.0
35,9.86739090258046,2.0
36,9.93917937650873,0.0
37,10.005808495857314,3.0
38,10.029808616941665,0.0
39,10.031632282357485,2.0
40,10.182431919719622,2.0
41,10.199742076244606,1.0
42,10.233642669416376,2.0
43,10.236265797383874,1.0
44,10.843815723726326,2.0
45,10.91183747122607,4.0
46,11.175591626251723,2.0
47,11.731384511369464,1.0
48,11.810588271003065,2.0
49,12.222814166143468,2.0
50,12.363040333024973,0.0
51,12.52841867909478,1.0
52,12.668882215341823,1.0
53,12.97702583397091,1.0
54,13.158851165057165,2.0
55,13.350399862214621,2.0
56,13.574147872411919,0.0
57,13.668016958982447,1.0
58,14.089882684151833,4.0
59,14.147533737738199,0.0
60,14.586940136498232,0.0
61,14.969694381535827,2.0
62,15.414571344371646,2.0
63,15.557203620237024,1.0
64,15.610993875825423,4.0
65,15.866434896626375,2.0
66,16.048483124506514,0.0
67,16.099296698019337,2.0
68,16.15246996168498,4.0
69,16.1526942132462,4.0
70,16.26356517160739,1.0
71,16.270568468030792,2.0
72,16.432046130061075,2.0
73,16.43423092150127,0.0
74,16.590761790782654,2.0
75,16.74672206741809,2.0
76,16.880348028574577,0.0
77,16.92646406015989,1.0
78,16.9486394343475,3.0
79,17.111004624582133,2.0
80,17.113275379250116,0.0
81,18.25023069792032,4.0
82,18.820254066125518,1.0
83,19.266996081678226,3.0
84,19.460821110494308,1.0
85,19.619809268138468,4.0
86,19.680119906266384,1.0
87,19.740882781216026,1.0
88,19.763484918733038,1.0
89,19.800504313808755,2.0
90,19.93386173765666,1.0
