,time,event
0,1.7812480544155311,2.0
1,7.098109559735873,2.0
2,7.4109240280994815,2.0
3,10.386565598656777,2.0
4,13.802230324644821,1.0
5,14.448544531209144,1.0
6,15.255584072721385,2.0
7,15.812003814423043,4.0
8,17.41117202838018,2.0
9,17.631450383946774,2.0
10,17.776845794104055,2.0
11,17.878721842641305,2.0
12,18.267751899851277,4.0
13,18.297275998359115,4.0
14,18.305022832648373,3.0
15,18.431737347415176,1.0
16,18.53344584349249,2.0
17,18.618007790561524,0.0
18,19.004635883355448,3.0
19,19.2940216735622,3.0
20,19.924155950365897,2.0
21,20.135895459423818,4.0
22,20.151070532513288,3.0
23,20.162281109721356,1.0
24,20.636272634659807,4.0
25,21.199119585125963,2.0
26,21.40570092120932,2.0
27,21.700864372774593,4.0
28,22.026170533313305,2.0
29,22.229429538824387,0.0
30,22.344405089035927,3.0
31,22.581349151625265,4.0
32,22.61747489933617,1.0
33,22.627490582255888,1.0
34,22.66077115348275,3.0
35,22.89936441876482,2.0
36,23.012465226178865,0.0
37,23.02098712845675,1.0
38,23.096750814328004,3.0
39,23.12698851114183,0.0
40,23.168050817953645,0.0
41,23.405971926849038,3.0
42,24.262477922171477,2.0
43,24.738454196004326,0.0
44,24.895137077244755,3.0
45,25.021411126671154,4.0
46,25.027648727680717,3.0
47,25.477852639410678,1.0
48,25.498545922069646,4.0
49,25.535290330775073,3.0
