,time,event
0,0.6026808758936034,4.0
1,0.6477753467530839,1.0
2,0.8516839811641025,2.0
3,0.8718260633813035,1.0
4,0.9517179559228361,0.0
5,1.2452862211364772,2.0
6,1.2955797336144805,3.0
7,3.9367248546687934,4.0
8,4.018771386996325,3.0
9,4.155875995302664,2.0
10,4.215595007757765,3.0
11,6.5834951700582796,2.0
12,9.700831448126998,4.0
13,9.971659678950788,3.0
14,10.061400498570215,1.0
15,10.316545234194239,2.0
16,10.329592750221536,3.0
17,10.61402755184982,3.0
18,11.624320808346138,2.0
19,11.691607831357265,4.0
20,11.745870760613988,3.0
21,11.745938231121286,3.0
22,11.879893847259881,1.0
23,11.985281649729364,2.0
24,12.014153155167552,2.0
25,12.656085225823897,2.0
26,12.784760254945335,0.0
27,13.136697109132081,3.0
28,13.947287015406209,0.0
29,14.343244418418287,1.0
30,14.34894023362828,2.0
31,14.678749048488363,2.0
32,15.562171233980267,4.0
33,16.765894222095223,4.0
34,16.850599308078017,3.0
35,17.235147794979852,4.0
36,17.24951151818102,1.0
37,17.4163895359851,0.0
38,17.44495136842789,3.0
39,17.948155359591482,3.0
40,17.970170342389306,3.0
41,18.837246497155657,0.0
42,18.889393161587112,3.0
43,19.066908986201064,0.0
44,19.250469740894246,3.0
45,19.922500842537804,1.0
46,20.311263157565225,3.0
47,21.399490668251126,2.0
48,22.758097985482753,0.0
49,23.08548175815717,3.0
