,time,event
0,0.03430114416901901,4.0
1,0.3993407139985762,4.0
2,0.42907714622957505,1.0
3,0.4347982732632175,3.0
4,0.512008917747164,1.0
5,0.7046473987102454,1.0
6,0.8074774123151672,3.0
7,0.8190655446348528,0.0
8,1.0631833144468086,2.0
9,1.1499005541421996,4.0
10,1.153562272860685,2.0
11,1.3478207045186386,3.0
12,2.7307655842954426,4.0
13,2.8960791284400345,3.0
14,2.9526963903170635,3.0
15,3.3985818154550618,4.0
16,3.613539194641449,3.0
17,4.453627010347589,2.0
18,7.528516819673616,0.0
19,7.669593329085896,2.0
20,7.7761149384697275,4.0
21,7.804763723071042,1.0
22,8.2142358939413,1.0
23,8.737961579682416,1.0
24,9.469169514194494,2.0
25,9.549581718553084,4.0
26,9.550389630695616,1.0
27,9.671712508887197,0.0
28,9.89240422108402,3.0
29,10.012726056540433,1.0
30,10.162454224440554,1.0
31,10.496547599865128,4.0
32,10.504158320893046,3.0
33,10.767416998737326,1.0
34,11.103091084898601,2.0
35,11.195803614294414,2.0
36,11.23675640535001,0.0
37,11.296522191640998,3.0
38,11.421049788179937,2.0
39,11.602328620689585,3.0
40,11.911024278833102,2.0
41,12.177080303214801,2.0
42,12.804707396265874,4.0
43,13.02681672352797,4.0
44,13.129220239493826,2.0
45,13.949800678582442,3.0
46,14.037566337645046,4.0
47,14.058655906429383,4.0
48,14.19132574976194,4.0
49,14.266696401000257,1.0
