,time,event
0,3.536915635692999,0.0
1,5.858372971614317,1.0
2,7.200913230602216,4.0
3,7.226676318791244,3.0
4,13.230293205434231,2.0
5,13.498595276682117,2.0
6,13.526895307236455,4.0
7,13.829779664113866,3.0
8,14.596385425234606,0.0
9,16.22046135838905,4.0
10,16.68934399582827,1.0
11,16.888475861616467,3.0
12,17.378094803561904,4.0
13,17.786859686456577,3.0
14,17.88150808276059,1.0
15,18.58145442945649,2.0
16,20.394871405831505,4.0
17,20.401946952063373,3.0
18,20.561182175387646,3.0
19,20.56429416501566,3.0
20,20.808049787737758,0.0
21,21.059179033306993,1.0
22,26.285823655911184,0.0
23,28.026983307838517,0.0
24,29.76700261468374,4.0
25,30.520246732321606,0.0
26,30.551554514502303,3.0
27,30.58956400668052,3.0
28,30.97677133359703,2.0
29,30.989929347728957,4.0
30,31.017653130038344,3.0
31,31.227359960195727,0.0
32,31.329455163517295,3.0
33,31.574516065213867,2.0
34,32.51628741626599,3.0
35,32.791637918777965,0.0
36,32.84343554053953,3.0
37,33.196714528512835,4.0
38,33.225348563612705,3.0
39,33.4561012663914,3.0
40,33.546549322092915,1.0
41,33.65633385110544,2.0
42,33.78472574896202,2.0
43,35.149505840298325,4.0
44,35.29304316376972,1.0
45,35.32085710746109,1.0
46,35.55488949383299,4.0
47,35.57378619717997,1.0
48,35.59362408939357,1.0
49,35.74283074749601,1.0
