,time,event
0,1.154496311848156,1.0
1,4.385511684305113,0.0
2,5.322991364478782,2.0
3,6.3307649698648465,3.0
4,6.856019782139243,3.0
5,7.136880947246539,1.0
6,11.626931621679896,0.0
7,11.986393917830123,4.0
8,12.12722126198621,4.0
9,13.225085266388982,3.0
10,13.614989992518483,1.0
11,13.64271490474462,1.0
12,14.629152223089973,1.0
13,15.35146575219175,0.0
14,16.350167466321935,1.0
15,16.482399958057265,2.0
16,16.650415282024003,3.0
17,16.712154741140086,1.0
18,16.843718575144624,2.0
19,17.194152535874245,3.0
20,17.262987453281124,1.0
21,17.311731877341654,3.0
22,17.314493300010135,1.0
23,17.32427469283148,3.0
24,17.390579200486595,3.0
25,17.406646583332922,2.0
26,17.42149293235317,3.0
27,17.45332456179555,1.0
28,17.478190226236084,3.0
29,17.517327484652863,3.0
30,17.533390570556936,3.0
31,17.561224904739923,3.0
32,17.58751233730424,1.0
33,17.593840036642074,3.0
34,17.63993407764968,1.0
35,17.666421719934448,3.0
36,17.677807503361745,2.0
37,17.69669401477347,1.0
38,17.72331735967654,1.0
39,17.731478111908743,1.0
40,17.739697838318705,1.0
41,17.75884138368557,3.0
42,17.75981369517553,3.0
43,17.769013486167992,3.0
44,17.775312009725337,3.0
45,17.79453351582745,1.0
46,17.807653762271098,3.0
47,17.830088649889106,3.0
48,17.84560437768073,3.0
49,17.85456376183504,3.0
