,time,event
0,5.063988390747914,4.0
1,10.748516484699378,0.0
2,11.44989220414664,2.0
3,11.520252775513397,1.0
4,11.54536732560835,1.0
5,12.081785029455155,3.0
6,20.890023489779463,0.0
7,21.38517468755079,4.0
8,25.69274636633205,0.0
9,25.972214024253923,0.0
10,26.229106131106313,2.0
11,26.249118387355196,0.0
12,26.54652375348307,2.0
13,26.638307386633794,2.0
14,26.69819329777648,1.0
15,26.79365185789625,1.0
16,26.832228095113816,1.0
17,31.363548210515397,3.0
18,32.46470260887463,0.0
19,32.62315042261932,0.0
20,38.486085834097864,0.0
21,38.84409847308273,2.0
22,46.6227284155664,0.0
23,52.78643802256364,0.0
24,52.93687824881455,2.0
25,53.01503355140541,2.0
26,60.29793231188652,0.0
27,60.45437898019999,2.0
28,62.97131621005286,4.0
29,65.41532586900937,4.0
30,65.44799501882065,3.0
31,66.0088079605252,1.0
32,66.90227983202146,3.0
33,69.49223887320264,3.0
34,69.58556373675742,1.0
35,69.63386991605435,1.0
36,70.14259014588494,0.0
37,70.25271408573823,2.0
38,70.41173551191348,1.0
39,70.541102237218,2.0
40,71.24330293148459,0.0
41,71.52434322747914,2.0
42,71.69186984760003,2.0
43,71.85857340484509,1.0
44,79.89134424464073,4.0
45,80.00669359533303,3.0
46,80.24303986215175,3.0
47,81.23096176954701,3.0
48,81.34740791910292,1.0
49,81.35567192418787,1.0
