,time,event
0,1.7153547436626426,1.0
1,2.939630448728166,3.0
2,8.642181508394419,1.0
3,8.722839904683392,0.0
4,8.9570648104076,1.0
5,9.110068864677164,4.0
6,9.15242495138451,4.0
7,9.98324039429369,4.0
8,10.191217551637985,1.0
9,10.564111461814225,3.0
10,10.625969479015001,3.0
11,10.640548609425302,2.0
12,10.794817929830288,3.0
13,10.847249813641934,2.0
14,10.856774922013939,2.0
15,10.873806780349021,2.0
16,10.90199077529334,2.0
17,11.008484957882885,2.0
18,11.482550273548096,0.0
19,11.605953003330665,1.0
20,11.955448515085818,0.0
21,12.304495253900699,3.0
22,12.361424189826348,1.0
23,12.560210851359978,3.0
24,12.659409037055514,0.0
25,12.668580537700196,4.0
26,12.717927815858774,2.0
27,12.927034592099483,0.0
28,12.928580600690163,2.0
29,12.950252173557423,4.0
30,12.970994609926695,2.0
31,13.028029225484309,1.0
32,13.112726642704251,1.0
33,13.113702210111224,4.0
34,13.175622622335604,0.0
35,13.19080090999359,1.0
36,13.292102432607285,0.0
37,13.353262929035514,4.0
38,13.393870548877675,1.0
39,13.418230994831957,0.0
40,13.66075623126337,0.0
41,13.749266795137089,3.0
42,13.799538093368419,3.0
43,13.876053113771063,0.0
44,13.949681979306765,4.0
45,14.014884893439081,1.0
46,14.051408844983435,4.0
47,14.08104614078918,0.0
48,14.159752240562424,2.0
49,14.162369187279918,2.0
