,time,event
0,4.60667778614937,4.0
1,9.856554170800505,1.0
2,12.200373712675324,0.0
3,12.221297662062327,4.0
4,12.811827544454768,4.0
5,13.846465307939374,4.0
6,15.225649475613924,0.0
7,15.529520936318333,1.0
8,15.721777883341797,4.0
9,16.214163760997124,1.0
10,17.86224420748331,0.0
11,17.880559145529872,1.0
12,18.024520731888234,0.0
13,18.08033303630814,3.0
14,18.109207071364505,1.0
15,18.124480785647414,3.0
16,18.224846157203437,2.0
17,18.25623708790937,4.0
18,18.337748446277573,4.0
19,18.48997677649809,2.0
20,18.85640332476682,4.0
21,18.88624445792993,3.0
22,19.016026862097497,0.0
23,19.04781475185092,2.0
24,19.066895403842274,1.0
25,19.128597662633897,3.0
26,19.180079596461994,3.0
27,19.298124268561764,0.0
28,19.30792930523524,4.0
29,19.357478682986475,3.0
30,19.380866905615566,2.0
31,19.420297832077736,4.0
32,19.466273927838742,2.0
33,19.597265315036147,2.0
34,19.701999969813254,0.0
35,19.725948198991176,2.0
36,20.023668457775383,2.0
37,20.16139459336481,3.0
38,20.23502028931333,4.0
39,20.782628694789423,0.0
40,20.822574104402694,2.0
41,21.51639670759827,0.0
42,21.531187157020298,4.0
43,21.6185879123189,1.0
44,21.808603505667,1.0
45,23.330677842254026,3.0
46,23.39472728855977,3.0
47,23.59609737272252,0.0
48,23.628545624201923,4.0
49,24.438763161617636,0.0
