,time,event
0,2.203196799049308,1.0
1,4.439532317270293,0.0
2,4.4812410184160765,3.0
3,4.499593833644011,4.0
4,4.815953793082121,4.0
5,4.988981778196514,2.0
6,9.251994685856673,4.0
7,9.921537242098864,3.0
8,9.93253435520715,2.0
9,10.388697602143786,2.0
10,11.852937792766872,1.0
11,12.038164012481936,0.0
12,12.107378672020985,1.0
13,12.455214285642674,1.0
14,12.47885779819496,0.0
15,12.556671986287183,3.0
16,12.69822368937317,3.0
17,12.782884586943673,0.0
18,12.82748613172969,4.0
19,12.883647828150202,3.0
20,13.221011158580263,1.0
21,13.289174621932457,4.0
22,13.640168157224352,4.0
23,14.334473147852922,0.0
24,14.448092386065339,3.0
25,14.643544712031096,3.0
26,14.710084846131153,3.0
27,14.818170932307666,2.0
28,15.080839092021474,2.0
29,16.072971891011342,0.0
30,19.222331903423964,3.0
31,20.875325039251642,0.0
32,20.89606745365164,3.0
33,20.903269833665632,2.0
34,21.47155983478097,0.0
35,21.561610119356853,4.0
36,22.977855197121823,1.0
37,24.82796477008323,1.0
38,26.217558364100597,3.0
39,26.4489953322946,3.0
40,26.76331364887096,1.0
41,26.83147780272226,2.0
42,27.116522711894138,2.0
43,27.126068622218206,2.0
44,28.427464504387437,0.0
45,29.575224083261862,0.0
46,29.773796740528457,1.0
47,30.22008107648893,2.0
48,30.222463478102554,3.0
49,30.330205984833015,3.0
