,time,event
0,3.7527004041643193,3.0
1,6.727946677764169,3.0
2,8.46084600734602,3.0
3,9.850818593549604,3.0
4,11.785361203056121,0.0
5,11.928793262462303,2.0
6,12.849916853754376,2.0
7,13.264982996895556,1.0
8,13.385526697710084,2.0
9,14.526916951198418,2.0
10,15.829238585104006,2.0
11,16.71845638624418,2.0
12,16.96397766688402,0.0
13,17.20715651275605,2.0
14,17.647203110044305,2.0
15,17.674181852999702,2.0
16,17.747333653804393,3.0
17,22.013742624291353,2.0
18,22.381190576105805,1.0
19,22.38951424871673,2.0
20,22.413751279220445,2.0
21,22.57039146447221,2.0
22,22.976250543361793,2.0
23,23.211471545950214,2.0
24,23.736248952757673,2.0
25,23.919727582644185,3.0
26,24.26826165502108,2.0
27,25.418837429094044,2.0
28,25.662575253284377,2.0
29,27.035495919434254,4.0
30,27.075051412536467,2.0
31,27.11419049989802,0.0
32,27.224151313685923,2.0
33,27.2436193381247,2.0
34,27.32993839373903,4.0
35,27.355926922471873,2.0
36,27.385216484045582,2.0
37,27.39175443407538,2.0
38,27.490855605512817,4.0
39,27.494134669891505,2.0
40,27.49461066106268,0.0
41,27.500191179393383,4.0
42,27.504774609724674,0.0
43,27.509086736399617,2.0
44,27.510521487595835,0.0
45,27.51766594727165,2.0
46,27.528394931315226,2.0
47,27.530367174158027,2.0
48,27.532399516749962,0.0
49,27.551358816160683,2.0
