,time,event
0,0.12504956312565663,3.0
1,2.233227941662884,1.0
2,6.66816289809397,3.0
3,7.431259908765529,1.0
4,7.522798734764792,0.0
5,7.619265431457033,0.0
6,7.681295853774095,4.0
7,7.758605598017278,1.0
8,7.983591226431153,1.0
9,7.986003154578686,1.0
10,11.125702168644198,4.0
11,11.396210034662204,1.0
12,12.000286071774891,1.0
13,14.553852703557816,0.0
14,15.542454955011305,1.0
15,15.57535821722504,1.0
16,17.225784379053312,4.0
17,17.56640142287447,1.0
18,18.105062314549865,0.0
19,18.52814425579026,2.0
20,18.913028469416723,3.0
21,19.2237568985859,1.0
22,19.310345321159765,0.0
