,time,event
0,0.5050311291333287,1.0
1,3.171518545401656,1.0
2,3.4078473489392334,0.0
3,3.6459690052723897,0.0
4,4.19280710685026,0.0
5,4.887033467716512,4.0
6,5.664209107599223,0.0
7,6.177454529830766,1.0
8,6.190126383977827,1.0
9,7.027930670062095,0.0
10,7.075401684736593,1.0
11,7.303584729265008,1.0
12,8.298018334263233,1.0
13,9.410300003097042,1.0
14,10.268605997146583,1.0
15,10.605817339815504,3.0
16,10.862109436926087,4.0
17,10.939030269523087,1.0
18,11.760435099149852,1.0
19,11.80975489362271,1.0
20,12.203461932535095,0.0
21,12.210846095746623,3.0
22,12.886990227497591,1.0
23,14.290774368996066,0.0
24,14.677761655839765,0.0
25,14.899015992877525,1.0
26,17.137898523925355,1.0
27,17.593624455689465,3.0
28,17.693997912157425,0.0
29,18.275251803892267,3.0
30,18.746461667553422,1.0
31,18.96115220129102,1.0
32,19.196810684935283,0.0
33,19.38241950867559,4.0
34,19.557542100440887,0.0
35,19.8843433305407,3.0
