,time,event
0,0.3617688567488867,1.0
1,0.7820867195717001,0.0
2,5.664263193678732,3.0
3,5.693345099284648,0.0
4,5.796750180925178,1.0
5,6.580865212162249,1.0
6,8.178418472346948,1.0
7,8.821430185859377,1.0
8,9.932620773514104,1.0
9,11.453562580751104,1.0
10,11.636197495681959,1.0
11,11.998688853329847,1.0
12,12.642593377877578,1.0
13,13.271487777224728,4.0
14,15.989904628757554,1.0
15,16.065960783287853,1.0
16,16.44266665075515,1.0
17,16.550137608234035,1.0
18,17.11377918899463,3.0
19,19.167051249107047,1.0
