,time,event
0,1.5575074777477877,1.0
1,2.003145297064888,3.0
2,3.1849294483458492,0.0
3,3.4521438279552745,0.0
4,4.038993559239979,0.0
5,4.144603193174005,1.0
6,5.594367186863303,3.0
7,5.806589886159481,1.0
8,5.928975237348903,1.0
9,6.41807422070027,0.0
10,6.537777768697411,1.0
11,7.203700572465848,0.0
12,7.624106733849579,3.0
13,7.851822174430368,3.0
14,8.628097741475168,4.0
15,9.574606221273976,1.0
16,9.875739909519195,3.0
17,10.544523480969165,1.0
18,10.821815046735571,4.0
19,12.171025812782846,1.0
20,13.156145266655654,0.0
21,14.632429420439479,3.0
22,16.167108327728158,0.0
23,16.433191968558056,3.0
24,16.718375262016888,1.0
25,16.847016056533715,0.0
26,17.03275324494156,0.0
27,18.325586947857495,0.0
28,18.73041399772841,1.0
