,time,event
0,0.14733251549995016,3.0
1,0.7455117773412792,2.0
2,1.1445989744418372,4.0
3,1.983160228894005,3.0
4,2.1771577335350667,3.0
5,2.380256799430847,3.0
6,2.731354001874377,3.0
7,2.9670360356094414,1.0
8,2.9793644610187386,2.0
9,3.535462073124623,0.0
10,3.82254083721527,4.0
11,4.256972925635786,3.0
12,4.379766558188397,3.0
13,4.539647855841245,0.0
14,4.674196122545024,4.0
15,4.849929796498121,3.0
16,4.914992063316339,4.0
17,5.041271883349579,3.0
18,5.121073607530387,2.0
19,6.188089535577358,0.0
20,6.85004323956661,3.0
21,7.134141991971846,3.0
22,7.329624008665372,4.0
23,7.936036010009842,3.0
24,8.256700507816594,3.0
25,8.300051490028103,0.0
26,8.601801151885887,0.0
27,8.950045626912981,3.0
28,9.161903362742692,3.0
29,9.431931499653151,4.0
30,10.406149620497493,4.0
31,10.55646470559476,0.0
32,10.56259136162875,3.0
33,10.60957729583608,3.0
34,10.759285700166446,4.0
35,11.415216726424902,3.0
36,11.766210630670013,0.0
37,12.58926342836336,3.0
38,13.015893076045991,1.0
39,13.121861576299045,4.0
40,13.594478395867688,3.0
41,13.977283614847158,0.0
42,14.922004394200206,4.0
43,15.086005990268825,3.0
44,15.926596070585452,2.0
45,16.64796794782481,0.0
46,16.876593042527023,4.0
47,17.58673419483502,0.0
48,17.87904978549972,4.0
49,18.123446364403172,2.0
50,18.400580757227647,4.0
51,18.40685244984805,0.0
52,18.86308483289263,1.0
53,18.921969294339803,3.0
54,18.960309567706314,0.0
55,19.111126163449214,4.0
