,time,event
0,0.7211015416137126,4.0
1,0.817256226753337,1.0
2,1.7985923155628099,0.0
3,2.1669417809011073,2.0
4,2.1834481202150875,4.0
5,2.6366787025242435,2.0
6,3.756926180663294,2.0
7,4.485511154838832,0.0
8,4.547807704902442,3.0
9,4.7801835674503765,0.0
10,4.824338827784667,1.0
11,4.8467027685552795,0.0
12,5.276457929099757,2.0
13,6.1597380092181515,4.0
14,6.378007317172306,1.0
15,6.773424871704038,1.0
16,7.05097148585799,3.0
17,8.356393229271308,0.0
18,8.466820016949605,3.0
19,8.700152364153046,4.0
20,9.003351724834884,0.0
21,9.252137446635485,0.0
22,9.645199518605528,0.0
23,10.625828094526414,3.0
24,10.721086434847775,2.0
25,10.819615614069056,2.0
26,10.858068854027362,3.0
27,10.99930635611822,4.0
28,11.795642732721186,3.0
29,12.852691352477251,0.0
30,13.071630991846312,4.0
31,14.02295981055931,0.0
32,15.108135969045954,0.0
33,15.297970051684294,1.0
34,15.44150560902036,0.0
35,15.558400507218366,1.0
36,15.568360161697656,0.0
37,15.66181475563778,0.0
38,15.919390211268558,0.0
39,16.086255185684227,3.0
40,16.509734707461945,1.0
41,17.926668726148247,4.0
42,18.102477277686237,1.0
43,18.19358650137842,0.0
44,18.603583376070123,4.0
45,19.00591394933494,3.0
46,19.07741524408018,0.0
47,19.106815499206245,1.0
48,19.712533757748947,2.0
49,19.723584512487363,0.0
