,time,event
0,0.11242969685013153,1.0
1,0.2947267004511324,1.0
2,1.1349000229517772,1.0
3,1.4026731111934958,3.0
4,2.3818773826482196,3.0
5,2.9900350522151733,0.0
6,3.487500194997565,3.0
7,4.089018579798465,0.0
8,4.302460824566303,0.0
9,4.482486108830723,3.0
10,4.749649823884472,1.0
11,5.034617824524698,0.0
12,5.2048267444466205,1.0
13,5.353670387154521,3.0
14,5.369583633832655,4.0
15,5.5836282726914055,3.0
16,5.767338682260767,4.0
17,5.810056093164149,3.0
18,6.2510665780598575,2.0
19,6.417002445152656,0.0
20,6.536850720140277,2.0
21,6.755657540381362,4.0
22,7.091532804106468,1.0
23,7.163709972442739,0.0
24,7.23472310379544,3.0
25,7.328697410576194,2.0
26,7.518950658321933,3.0
27,7.67012463247239,2.0
28,8.082088070240738,0.0
29,9.165974889175933,3.0
30,10.002234199957632,4.0
31,10.822562373634199,1.0
32,10.904108589747977,0.0
33,11.209705067818094,4.0
34,12.23304571048713,1.0
35,13.027472187890531,0.0
36,13.03592603497726,0.0
37,13.24970842681321,2.0
38,14.847334194145919,1.0
39,14.929277117780012,2.0
40,15.360193389544047,2.0
41,15.362314123574793,4.0
42,15.444696606098404,3.0
43,15.519060747864964,0.0
44,16.957321249444252,0.0
45,17.26607129956196,2.0
46,17.29648514003606,3.0
47,17.31548109054802,3.0
48,17.393883666039972,1.0
49,18.36990185924261,3.0
50,18.55923863480719,0.0
51,18.689211105011893,3.0
52,18.842401806153454,0.0
53,19.542792155490353,2.0
54,19.800225127438658,4.0
