,time,event
0,0.05892485956986221,3.0
1,0.18831403788526135,0.0
2,0.24143458591359027,1.0
3,0.5039399644608724,0.0
4,0.6807911267645189,3.0
5,0.7221217621685005,4.0
6,0.8509499063108492,3.0
7,0.9568301315760026,4.0
8,1.3171581228668572,0.0
9,1.6389976610503256,4.0
10,1.7120230277098767,0.0
11,1.7554351720318313,0.0
12,2.2879827472111316,4.0
13,2.3594767918654513,4.0
14,2.41559462365202,1.0
15,2.9167641982423316,2.0
16,3.0013536277730566,1.0
17,3.070300311718454,0.0
18,3.092152937524922,2.0
19,3.4112305990851604,4.0
20,3.434541580186516,4.0
21,3.6266864561620498,3.0
22,3.632217068173956,2.0
23,3.7253277866164627,0.0
24,4.529441590861208,4.0
25,5.273871661706824,0.0
26,5.857513940421945,2.0
27,5.926251567238555,0.0
28,6.819000642811535,0.0
29,6.924242513713825,4.0
30,7.137687198212772,3.0
31,7.179536855822764,4.0
32,7.181514635023358,0.0
33,7.405792902979829,2.0
34,7.69309674609501,1.0
35,8.059993404275112,3.0
36,8.548856879454164,3.0
37,8.653599930862786,2.0
38,9.461942661165708,4.0
39,9.621890390353643,3.0
40,9.933895822395508,2.0
41,10.092654772490645,4.0
42,10.319253645962396,4.0
43,10.385549120363343,4.0
44,10.42570756721474,3.0
45,10.613275907142336,4.0
46,10.821202229925445,1.0
47,11.240302682360417,3.0
48,11.241284878123471,4.0
49,11.325260384799586,3.0
50,11.354971423079181,0.0
51,11.598986629380436,3.0
52,11.689758708282824,3.0
53,13.450805362973776,3.0
54,13.457414290439784,2.0
55,13.490845150653211,3.0
56,13.520176518102115,0.0
57,13.984234792770167,4.0
58,14.106204059518264,4.0
59,14.166046839714479,1.0
60,14.312621028848765,2.0
61,14.46319929360202,3.0
62,14.634960767694023,3.0
63,14.950106849992576,4.0
64,14.963437952969223,4.0
65,15.035754836872247,0.0
66,15.417001831806026,3.0
67,15.571527152098202,3.0
68,15.600847904839075,0.0
69,15.826131932962682,0.0
70,16.43911862196101,2.0
71,16.597588974395418,0.0
72,17.30823665609687,2.0
73,17.714215234443103,4.0
74,18.48277120767215,3.0
75,18.60395440619369,0.0
76,18.904440540380268,4.0
77,19.68325938805064,3.0
78,19.92028292885144,1.0
