,time,event
0,0.018249546971039653,3.0
1,0.8489766685236912,0.0
2,1.1933177583652905,2.0
3,1.3595747513790324,4.0
4,2.087518332205154,1.0
5,2.2070257187830085,4.0
6,2.375934393674672,2.0
7,2.5118786914322824,1.0
8,2.57616792266114,4.0
9,2.6406019694669456,2.0
10,2.6474870116500404,2.0
11,3.509199001776676,3.0
12,4.202746945944238,2.0
13,4.268273808718595,2.0
14,4.683026291488488,4.0
15,5.694990355674838,1.0
16,5.714099332966613,0.0
17,5.874033039229424,2.0
18,6.505801615425358,2.0
19,6.876707404334811,0.0
20,7.541799306972289,4.0
21,7.898174580188189,3.0
22,7.907243925182865,0.0
23,8.394136472057507,2.0
24,8.800589567758417,4.0
25,9.76371298174918,2.0
26,9.983411486955088,4.0
27,11.0016405462157,4.0
28,11.104159013425454,4.0
29,11.376978795163422,1.0
30,12.443463035060187,0.0
31,12.534459690419467,1.0
32,12.748073675434219,4.0
33,13.100039524021662,4.0
34,13.512468998204417,0.0
35,13.528345952227058,2.0
36,13.632403437031337,0.0
37,13.959519888495114,4.0
38,14.183280645484087,4.0
39,14.212952682184932,2.0
40,14.431059597939443,0.0
41,14.591511573034921,0.0
42,14.629114679119718,0.0
43,14.872891043305899,2.0
44,14.87559284020172,1.0
45,15.041891054939,4.0
46,16.270540003278725,3.0
47,16.302973666995292,0.0
48,16.759022585467093,3.0
49,17.996746837222528,3.0
50,18.040027407420595,1.0
51,18.04917677115308,2.0
52,18.310253206823937,3.0
53,18.340491626440166,3.0
54,18.64471729206291,0.0
55,18.73050075640724,4.0
56,18.752241703560472,4.0
57,18.77986892466069,4.0
58,18.97255158963513,1.0
59,19.233133729419347,3.0
60,19.46649341382516,3.0
61,19.90694486761646,2.0
