,time,event
0,0.2589876010215593,4.0
1,0.34489078777756044,4.0
2,0.5929599661245807,4.0
3,0.6789420365879296,4.0
4,0.9397719512907663,1.0
5,0.953130963701411,1.0
6,1.2738705167732862,3.0
7,1.4333293796704698,4.0
8,1.5015063859830755,0.0
9,1.6486331816740538,2.0
10,2.179975994018861,0.0
11,2.8713201607089363,1.0
12,3.498854956987478,0.0
13,3.6542330992446606,0.0
14,4.575894198032669,3.0
15,4.854359178258466,0.0
16,4.856176556877453,3.0
17,5.563353656542966,2.0
18,5.803516092213383,2.0
19,7.444575688302306,4.0
20,7.528667901645188,2.0
21,7.743489925851504,1.0
22,7.825435959040185,2.0
23,8.03888599921936,3.0
24,8.24672790037524,1.0
25,8.382432591191456,3.0
26,8.454940661353755,3.0
27,9.039763086585642,3.0
28,9.125374923983317,4.0
29,9.151139675555171,2.0
30,9.841203525751139,0.0
31,10.262763305563212,0.0
32,10.440638732041679,1.0
33,10.695955655308666,0.0
34,10.992937191825298,2.0
35,11.106936045013835,0.0
36,11.118057587761893,3.0
37,11.176197612645671,0.0
38,11.545831492027855,4.0
39,11.952686346106326,2.0
40,12.078847061018015,4.0
41,12.7767178476721,0.0
42,12.797957028090547,3.0
43,12.84692113684809,4.0
44,13.102366621071068,4.0
45,13.624806616849677,4.0
46,13.72617766186644,2.0
47,13.992933239058198,2.0
48,14.243282826357106,1.0
49,14.763505899741784,4.0
50,15.647471702944895,4.0
51,15.707247560426731,4.0
52,15.975227899185622,2.0
53,16.691453613790046,4.0
54,16.919964193858476,1.0
55,16.946914139526584,4.0
56,17.40532293350104,1.0
57,17.591300311431862,2.0
58,18.189976094948474,4.0
59,18.34747563000991,4.0
60,18.80004587276226,2.0
61,18.869509903921703,4.0
62,18.90680350507037,2.0
63,19.742836115103565,4.0
64,19.807959532140664,2.0
