,time,event
0,0.028882845565084407,2.0
1,0.1420799653420766,4.0
2,0.2139746148291567,4.0
3,0.27509631168608284,2.0
4,0.42696368192531836,0.0
5,2.427962179688261,4.0
6,2.5559287588380584,1.0
7,2.599428720200273,2.0
8,2.6871105842169447,1.0
9,2.6996807594562497,2.0
10,3.307469686224089,4.0
11,3.6418456096064133,1.0
12,3.708899452830683,4.0
13,3.8152804378209972,4.0
14,4.65059764068196,4.0
15,5.168696104104464,3.0
16,5.2629862189901075,0.0
17,5.27762808672363,2.0
18,5.442136640193775,0.0
19,5.486224270271773,2.0
20,5.572608003936903,1.0
21,5.697789833476859,0.0
22,5.698784289471607,3.0
23,5.712442217027094,1.0
24,5.818921232608286,4.0
25,6.084392039346565,2.0
26,6.290972357550736,1.0
27,6.3389499968574885,2.0
28,6.51588940294667,4.0
29,6.534858580769373,4.0
30,6.56363466160621,0.0
31,6.8549010429138635,4.0
32,7.358685898098192,1.0
33,7.363419158561555,0.0
34,8.078789925846916,2.0
35,8.207358539220323,0.0
36,8.824394948025953,4.0
37,8.86046882128538,4.0
38,9.659339251305724,3.0
39,9.67964810158697,0.0
40,10.151931423454243,2.0
41,10.665038697559929,2.0
42,10.87815813542087,2.0
43,10.978289747223466,3.0
44,11.476189162580646,2.0
45,11.517688716243631,3.0
46,12.19792993697168,4.0
47,13.385383950345792,4.0
48,13.527071848586074,2.0
49,13.78036752471065,1.0
50,13.81032535848285,4.0
51,14.36788127895534,1.0
52,14.570534787912559,1.0
53,14.617154346753788,2.0
54,14.925890930942616,0.0
55,15.367974545868085,1.0
56,15.399663900895263,2.0
57,15.537720714159793,0.0
58,15.547792945664515,3.0
59,15.745175025389837,4.0
60,15.816953588239613,3.0
61,15.858259883243827,4.0
62,16.1513372186853,4.0
63,16.403386159358018,4.0
64,16.770399051853513,4.0
65,16.99084026693752,1.0
66,17.383344157641496,2.0
67,17.490768970599078,0.0
68,17.52010542892043,4.0
69,17.730384156383842,0.0
70,19.06968032065525,0.0
71,19.09826014965499,0.0
72,19.68139408448831,4.0
73,19.720179162755116,1.0
