,time,event
0,1.0319239570891798,1.0
1,1.2401074127983198,2.0
2,1.5646841031777659,4.0
3,2.830708283962698,2.0
4,2.836519280028929,2.0
5,3.631866337204745,0.0
6,3.7951061365478216,0.0
7,4.035321879248652,4.0
8,4.143507445331683,3.0
9,4.17009391696454,0.0
10,4.191703644947437,1.0
11,4.418242726774109,3.0
12,4.669004283081046,2.0
13,4.955347217835156,2.0
14,5.309601993026633,2.0
15,5.565785001595123,4.0
16,5.583496683187693,0.0
17,6.234520334840138,0.0
18,6.882536974051961,2.0
19,6.934091357410626,0.0
20,7.0567542742390374,3.0
21,7.416120791017701,3.0
22,7.660129544331037,3.0
23,7.728332694727324,4.0
24,8.527939128142132,1.0
25,9.214061424981196,1.0
26,9.545705071520523,4.0
27,9.555038797348145,4.0
28,9.565886069413388,3.0
29,9.627620841092861,4.0
30,9.659878665693345,4.0
31,9.704836504953166,4.0
32,10.583683692206193,2.0
33,10.610209084490643,2.0
34,10.630354218417898,3.0
35,10.73270916585306,1.0
36,11.4081800916063,2.0
37,11.670341188754247,0.0
38,11.697626827760441,1.0
39,11.787574615038247,1.0
40,12.466573801172007,4.0
41,12.655945073088377,3.0
42,12.767993397656822,2.0
43,12.861259910071647,0.0
44,13.169830248231769,0.0
45,13.317780674285254,2.0
46,13.628966985930543,0.0
47,13.837603113432353,2.0
48,14.026414985255633,4.0
49,14.050215857504158,1.0
50,14.147657938500632,2.0
51,14.206703273011993,2.0
52,14.603981469415645,0.0
53,14.89271040402818,3.0
54,15.218889521752297,4.0
55,15.230450555928327,2.0
56,15.715937606027204,1.0
57,15.972312682658629,3.0
58,16.010709891815736,3.0
59,16.0275499685479,4.0
60,16.98474859067572,1.0
61,17.06111789176828,4.0
62,17.52929723078017,4.0
63,17.601694555423425,4.0
64,18.491893632833502,4.0
65,18.59732042631952,4.0
66,18.614033868122736,1.0
67,18.848055786630066,2.0
68,19.193683714038787,0.0
69,19.486184464835645,2.0
70,19.962643618040715,2.0
