,time,event
0,0.06463993989429433,0.0
1,0.17478437616004786,2.0
2,1.33015109650272,4.0
3,2.1986836435370245,2.0
4,2.6174558142789737,0.0
5,2.9264463749062806,4.0
6,3.8458252163652444,1.0
7,5.3306926037813955,2.0
8,5.44339370954881,2.0
9,5.617593935952414,1.0
10,5.684680340656476,4.0
11,5.923991723321119,2.0
12,6.076847404269835,1.0
13,6.123819051624524,0.0
14,6.14754140140943,4.0
15,6.2460150971466915,3.0
16,6.410483869121042,2.0
17,6.472609447430339,2.0
18,7.023341277481793,2.0
19,7.039600460687755,4.0
20,7.3837800214539975,1.0
21,7.390720792259385,0.0
22,7.573700121876446,0.0
23,7.876906039635595,2.0
24,8.273341354473708,0.0
25,9.338227785604838,0.0
26,9.448991395248255,3.0
27,10.665715947581015,2.0
28,10.736468745880853,2.0
29,10.767056191090516,0.0
30,11.276248618493641,2.0
31,11.285916597279387,4.0
32,11.923697744135017,0.0
33,12.116435929319923,1.0
34,12.333494577686588,4.0
35,12.370474772939433,2.0
36,13.111755710675535,0.0
37,13.570760630475618,3.0
38,13.571664277318323,3.0
39,13.907929877180507,2.0
40,13.947002054532007,1.0
41,14.337974468183791,2.0
42,14.341058978765522,0.0
43,14.489571914244724,2.0
44,14.700937304689694,4.0
45,14.968890141579873,0.0
46,15.143159690565037,0.0
47,15.320776570560128,4.0
48,15.405742366648928,4.0
49,15.54990294209442,4.0
50,15.699875348759456,2.0
51,15.97887332540675,1.0
52,17.333382367132945,4.0
53,17.493646625892598,1.0
54,17.67051331306952,2.0
55,17.745065082404118,1.0
56,18.330216653421967,4.0
57,18.87834161124261,3.0
58,19.369129411847744,1.0
59,19.453001838066825,3.0
60,19.620345511224514,4.0
61,19.78048591045592,0.0
