,time,event
0,0.17322856107751922,2.0
1,0.7726734684222727,0.0
2,0.8110194342917855,4.0
3,1.0185188348543979,0.0
4,1.134846023755653,1.0
5,1.4905123871302268,4.0
6,1.564305046457105,4.0
7,1.661108119629328,1.0
8,1.9739811362935276,4.0
9,2.3954897804512636,1.0
10,2.495861775016265,4.0
11,2.962245982136849,0.0
12,2.972422556957525,3.0
13,3.0180850431079507,0.0
14,3.451011303604103,3.0
15,3.622369847032216,2.0
16,3.989222466951445,4.0
17,4.508877449878972,3.0
18,4.5395755064845105,0.0
19,5.568964220036631,4.0
20,5.781469430232593,4.0
21,6.084274671405982,0.0
22,6.154913607600684,2.0
23,7.070776621921538,4.0
24,7.816415251486758,4.0
25,8.319923242812113,0.0
26,8.434771614979883,1.0
27,8.771979725857697,2.0
28,9.16490834221655,2.0
29,9.608856524234332,4.0
30,9.842239823150747,1.0
31,9.993524590608374,3.0
32,10.518453810118146,4.0
33,10.846724898640238,1.0
34,11.385707967100767,4.0
35,11.391002586366904,0.0
36,11.454183334769516,4.0
37,11.557347730150472,4.0
38,11.55742466637723,0.0
39,11.559795580839085,0.0
40,11.708018313765919,4.0
41,11.71766215386555,4.0
42,12.299500469808095,4.0
43,12.41007953903209,3.0
44,12.699917901849723,1.0
45,12.745568561455025,4.0
46,12.891595177419298,3.0
47,13.032438905570807,1.0
48,13.429566648950628,2.0
49,13.52497326282715,4.0
50,13.86756950372671,0.0
51,13.970824491268576,4.0
52,14.066379453869045,4.0
53,14.239698791059013,0.0
54,14.512401924131895,0.0
55,15.135928956563557,4.0
56,16.101241926136332,2.0
57,16.11158494414171,4.0
58,16.87493391145225,0.0
59,18.218932939388907,1.0
60,18.29885575871727,2.0
61,18.903196999932135,2.0
