,time,event
0,0.3689123254913696,4.0
1,0.709234010028043,4.0
2,1.5296527412271783,1.0
3,1.7561683094151446,4.0
4,1.8095653479994913,2.0
5,1.8800065552534977,4.0
6,2.6459143132738827,1.0
7,2.7872976029808956,1.0
8,3.460273159904119,0.0
9,3.524053248931731,4.0
10,3.6303238794689574,4.0
11,3.6874783431135,3.0
12,4.11069660063854,0.0
13,5.055391053000053,4.0
14,5.394758488503966,3.0
15,5.612857803360851,2.0
16,5.829194573651851,4.0
17,6.0147767565611225,4.0
18,6.332178083047268,1.0
19,6.720286660514086,4.0
20,7.07918939575252,4.0
21,7.249668192796633,3.0
22,7.269506946197168,4.0
23,7.403207859357034,2.0
24,7.436858093934654,0.0
25,7.4977307840988345,0.0
26,8.106675652791292,2.0
27,8.430412363951358,4.0
28,8.570555801081571,4.0
29,9.652781170393899,2.0
30,9.987119930448047,4.0
31,9.992148979616175,1.0
32,10.7011946903087,2.0
33,11.047786588685533,4.0
34,11.320931904947322,2.0
35,11.383027359921305,0.0
36,11.502667024922511,4.0
37,12.994294237562945,4.0
38,13.264519419876562,4.0
39,13.594412878851275,0.0
40,13.959846389724932,2.0
41,14.053752835252546,2.0
42,14.52540046583864,0.0
43,14.577580078144955,2.0
44,14.81027473975494,2.0
45,14.857361575505214,2.0
46,14.943936512968973,4.0
47,15.225181471471737,4.0
48,15.671220088691621,2.0
49,15.7424103173062,4.0
50,16.225191353511946,4.0
51,16.29460337750711,3.0
52,16.47168942999266,2.0
53,16.854355303289676,3.0
54,17.22783904996841,4.0
55,17.71873812301051,2.0
56,17.83870395460342,2.0
57,18.056971898622983,4.0
58,18.206517394950374,3.0
59,19.04076459441608,1.0
60,19.79936912471523,0.0
61,19.866909312926804,2.0
