,time,event
0,0.12834215850722522,4.0
1,1.020702761464169,0.0
2,1.225814646121702,0.0
3,1.4359534944650356,4.0
4,1.736027978492549,4.0
5,2.373555313331611,2.0
6,3.2943766725324024,3.0
7,3.3969128539637214,2.0
8,3.93235678613595,4.0
9,5.202486348660406,2.0
10,5.718079407638053,0.0
11,5.8560281808634365,3.0
12,5.942639348291313,4.0
13,6.407744206847693,0.0
14,6.579592470477758,4.0
15,7.318753565435637,0.0
16,7.921449930373769,2.0
17,8.052782090325145,0.0
18,8.200205258756876,1.0
19,8.239057871489027,1.0
20,8.58055640229511,0.0
21,8.873204984580084,2.0
22,9.913933439377864,4.0
23,10.32027422773899,0.0
24,10.428157970651004,0.0
25,10.525297842133748,4.0
26,10.634699598380509,3.0
27,10.658487622184014,2.0
28,11.217763588445585,2.0
29,11.267084649132226,1.0
30,11.398600534459339,1.0
31,11.436069158548266,4.0
32,11.4983758871109,0.0
33,12.37053523260231,4.0
34,12.47651636307641,1.0
35,12.48221054538353,2.0
36,13.350450717875834,1.0
37,13.789132201724414,0.0
38,13.858596566384591,0.0
39,14.442806327657857,4.0
40,14.748135576833633,2.0
41,15.332560456705222,1.0
42,15.431955420414583,0.0
43,15.909146383907823,2.0
44,16.004757556271507,0.0
45,16.04815611930789,2.0
46,16.439588718229675,4.0
47,16.547922128234156,0.0
48,16.847411179566134,1.0
49,17.35368740951875,1.0
50,17.413010620122396,1.0
51,18.200777149027516,4.0
52,18.519638746966564,4.0
53,18.588131871444425,2.0
54,18.76385959913688,4.0
55,19.54823940803146,0.0
56,19.60668611122899,4.0
57,19.725628525594523,4.0
