,time,event
0,0.7687693431183451,2.0
1,1.4994538259457144,1.0
2,1.71272820391771,4.0
3,1.8972875721733953,4.0
4,2.332326108586419,0.0
5,2.5452332159856756,3.0
6,2.717011995235786,0.0
7,2.910876088398399,4.0
8,3.4200963564493914,2.0
9,4.078684272983817,2.0
10,5.301045074160111,2.0
11,5.333413357721872,1.0
12,5.338044590202932,4.0
13,6.887407222281894,1.0
14,7.6412880663270055,1.0
15,7.669832612784009,2.0
16,7.709879652412361,1.0
17,8.55021619535913,4.0
18,9.060609137454563,4.0
19,10.425920123927815,2.0
20,10.47683461679455,4.0
21,10.644689383344906,1.0
22,10.66868821928514,2.0
23,10.966117643942454,2.0
24,11.527877986850166,4.0
25,11.741989082197575,4.0
26,11.919927117719952,1.0
27,12.590264614828873,1.0
28,12.823060929576172,2.0
29,13.297919030378909,1.0
30,14.22283368920137,0.0
31,14.364697665924401,1.0
32,15.435920736106395,2.0
33,15.621895149240837,2.0
34,15.668160390504523,2.0
35,15.758401369388126,2.0
36,15.810727069632712,2.0
37,16.726206707834397,4.0
38,16.79404067830597,4.0
39,16.84608876071382,2.0
40,17.3408969213569,3.0
41,17.80700011583366,4.0
42,17.927363641240458,2.0
43,18.923374148522516,3.0
44,19.612141410176804,3.0
45,19.673912890203507,2.0
