,time,event
0,0.08411660305945282,2.0
1,0.2499406929790504,2.0
2,1.2433034748771978,1.0
3,1.411072223678557,0.0
4,1.4561915497424585,2.0
5,1.581450238350037,0.0
6,1.7833646159610466,1.0
7,1.8326815576452924,4.0
8,2.7871322164635455,2.0
9,2.8945115442803893,0.0
10,2.962880444493318,4.0
11,3.336447841636852,2.0
12,3.9378979335031543,2.0
13,4.393823517702415,0.0
14,4.674880337277836,0.0
15,5.34192165800691,3.0
16,5.9963617916556595,4.0
17,6.209637189546139,2.0
18,6.382594601241553,1.0
19,6.410313562223118,2.0
20,7.087481766365213,2.0
21,7.250323632878954,4.0
22,7.7025249554186335,2.0
23,7.908649495747225,0.0
24,7.934298396921114,4.0
25,9.003279234477883,2.0
26,9.511533832512214,2.0
27,9.534905637837397,4.0
28,9.937454963351204,2.0
29,10.01055951999855,0.0
30,10.16106609145916,2.0
31,10.312120589396041,2.0
32,10.32554696746864,4.0
33,10.527129847136337,2.0
34,10.931502860662171,4.0
35,11.241060051066412,4.0
36,11.26368945373201,3.0
37,11.707757217769771,2.0
38,11.745428325453922,0.0
39,11.78620016824,4.0
40,11.904565811495747,4.0
41,12.024701347579665,1.0
42,12.595484450259322,1.0
43,12.68353702944692,1.0
44,12.750084888772259,2.0
45,12.876660832606598,4.0
46,13.208782488968522,4.0
47,13.284043339612632,2.0
48,13.38476177474648,2.0
49,13.408511114667464,0.0
50,13.91539763151675,3.0
51,14.016287705526036,4.0
52,14.125372353220039,4.0
53,14.467905872392961,4.0
54,15.17569005953637,2.0
55,15.97264599824419,3.0
56,16.007768466787535,4.0
57,16.550531966665257,1.0
58,17.050420755693608,4.0
59,17.135842012846677,4.0
60,17.546256751868828,2.0
61,17.901515626171317,4.0
62,18.670692284788412,0.0
63,19.274580896485215,4.0
64,19.36133441140063,4.0
65,19.436246250389395,1.0
66,19.842293442561296,2.0
67,19.860896247392095,0.0
68,19.887514562483744,4.0
