,time,event
0,0.11362467039757333,0.0
1,0.14789061403678289,4.0
2,0.45651488504994725,3.0
3,0.5257482253622859,4.0
4,0.5327675248168001,1.0
5,1.0222600969285984,4.0
6,1.4354349987343378,0.0
7,1.8234560239404134,3.0
8,1.8322980266374775,3.0
9,1.8393385526914996,2.0
10,2.026523514972616,0.0
11,2.605989426672128,4.0
12,2.63835622447233,2.0
13,3.466071494724795,0.0
14,3.9236645419541896,0.0
15,5.154997226601881,3.0
16,5.443954344754978,0.0
17,5.557921127452074,4.0
18,5.5654238946053365,2.0
19,5.632676803254331,0.0
20,5.933538188789846,0.0
21,6.2554862182736795,0.0
22,6.599088098162689,0.0
23,6.641489157926287,0.0
24,7.588363288779616,3.0
25,8.231956382039971,1.0
26,8.358236737415016,2.0
27,9.297227722746424,0.0
28,9.744581658987729,4.0
29,9.841419536081245,0.0
30,9.908333174869883,4.0
31,10.215758298926625,4.0
32,11.364102284425035,0.0
33,11.857586417718235,2.0
34,11.903728077486651,4.0
35,12.10779134115602,0.0
36,12.143998871369647,0.0
37,12.242980643898028,3.0
38,12.528082976721295,0.0
39,12.543437769081086,4.0
40,12.741439571287442,2.0
41,13.030697573387794,0.0
42,13.047260678233732,4.0
43,13.323923939485633,3.0
44,13.483743154182934,4.0
45,14.121620591045858,0.0
46,14.518962820250113,0.0
47,14.626856082980213,2.0
48,14.699741175878478,4.0
49,14.777705388562877,3.0
50,14.799531868773121,0.0
51,14.885922943210419,3.0
52,15.285814567210142,0.0
53,15.39562352706589,0.0
54,15.542156818811614,4.0
55,15.887506237946962,4.0
56,15.974923381011067,2.0
57,16.434224468683066,0.0
58,17.311489344427482,3.0
59,17.483267309716854,3.0
60,17.61202463113616,0.0
61,17.66547098332762,2.0
62,18.170942383451347,3.0
63,19.417258978111914,3.0
64,19.48326591301891,0.0
65,19.972183398300544,4.0
