,time,event
0,0.2647796833844419,3.0
1,0.5707611310800379,0.0
2,1.285094700999979,3.0
3,1.44429751227588,3.0
4,1.602230248088217,3.0
5,1.8403394291689563,3.0
6,2.04109784731431,3.0
7,2.0771459569595705,2.0
8,2.5654628208793473,4.0
9,2.60378450626037,1.0
10,2.648764822047953,0.0
11,3.511670665008305,3.0
12,3.6397450043794275,0.0
13,3.808370888659673,0.0
14,5.22013216781683,4.0
15,6.327606755107846,0.0
16,6.98464579287773,0.0
17,7.168104271405622,3.0
18,7.729671409196122,4.0
19,7.95291263053547,4.0
20,8.28350272432828,0.0
21,8.415104046781574,3.0
22,8.443172828346864,2.0
23,8.71329704735901,3.0
24,8.908450134488929,4.0
25,9.690449375346864,0.0
26,9.960892842820144,2.0
27,10.228317162994705,3.0
28,10.48422621870338,0.0
29,11.169179665121604,0.0
30,11.263543182354514,3.0
31,11.637686695466089,3.0
32,11.939077774641088,3.0
33,12.569993795171797,0.0
34,13.48651109779707,2.0
35,14.027375366563026,3.0
36,14.71511378888769,1.0
37,15.41923831935725,0.0
38,15.596791650185676,2.0
39,15.69886199168958,2.0
40,15.715054755043083,3.0
41,16.35260457988683,4.0
42,17.027428818399894,0.0
43,17.22192130474616,3.0
44,17.397639926754234,0.0
45,18.456414222392826,0.0
46,19.214493153824414,4.0
47,19.566824199241864,0.0
