,time,event
0,0.6840782641869143,4.0
1,1.0795538425276847,0.0
2,1.390445448342154,0.0
3,1.9898690162158637,1.0
4,3.009379516885926,0.0
5,3.243133044861244,4.0
6,3.3454842722046427,2.0
7,3.9770134028938973,1.0
8,4.170596153364951,2.0
9,4.541584505904256,4.0
10,5.2660502474825845,0.0
11,5.502116884050025,0.0
12,5.728815295610098,0.0
13,6.319274411795986,2.0
14,6.395502452908866,2.0
15,6.601939362848383,2.0
16,6.653270031992655,4.0
17,7.088043380365268,0.0
18,9.423981211477052,2.0
19,11.656213655578446,4.0
20,11.659656460248403,4.0
21,12.426065305926109,0.0
22,12.718203624323255,4.0
23,12.772007958216253,2.0
24,13.045894244733622,1.0
25,13.16787831401507,0.0
26,13.284151290503459,0.0
27,14.262451437451587,1.0
28,14.53604010867293,2.0
29,15.0443453685703,1.0
30,15.663240741007376,0.0
31,15.886445178544053,0.0
32,16.422071041599114,0.0
33,16.7453692346204,0.0
34,17.09770859678393,0.0
35,17.233875108995665,0.0
36,17.317949739626027,0.0
37,17.616618310410328,0.0
38,18.65082470564073,3.0
39,19.036612288491224,0.0
40,19.383073373145212,4.0
