,time,event
0,0.11091058764020784,4.0
1,0.23156171869984427,2.0
2,0.7288599977612396,0.0
3,0.9700283646132308,3.0
4,1.4524779167611703,3.0
5,1.6099047691703943,0.0
6,1.9303901928767535,0.0
7,2.0343380365731303,0.0
8,2.644045004994148,0.0
9,2.674330051093044,3.0
10,2.6896392398345275,1.0
11,2.752738542755559,2.0
12,2.914665343650272,2.0
13,3.0888879639803974,0.0
14,3.0963792230504947,1.0
15,4.070408373279083,0.0
16,4.2041917692963775,4.0
17,4.268218260691577,0.0
18,4.643570978327365,0.0
19,4.869705368372495,2.0
20,6.020301177130731,0.0
21,6.272914644093751,0.0
22,6.5291869981202595,4.0
23,6.813695293735999,0.0
24,6.865347471974952,0.0
25,7.1198223062474675,0.0
26,7.22868052269841,4.0
27,7.510576877294932,4.0
28,7.540757821053903,3.0
29,7.744036194414355,4.0
30,8.553426964276156,3.0
31,9.68611843963723,4.0
32,10.30856649763655,0.0
33,10.415287444354245,4.0
34,10.518583375235218,0.0
35,11.194202338149433,3.0
36,11.406690000485657,3.0
37,11.599319137089077,2.0
38,11.608463936678433,3.0
39,13.770227716492938,0.0
40,13.91239109965647,2.0
41,15.488815456970864,4.0
42,16.04413112747189,4.0
43,16.153683161045908,4.0
44,16.371776173926435,4.0
45,16.5027002251682,0.0
46,16.799228830862234,3.0
47,16.87720514278266,0.0
48,16.899545265675112,0.0
49,17.04596174326303,0.0
50,17.084214105703968,4.0
51,17.131126074385904,0.0
52,17.41845724405158,1.0
53,17.731732366508513,3.0
54,18.49644195785874,0.0
55,18.667145623796518,4.0
56,19.06718175680639,0.0
57,19.11109159370918,3.0
58,19.43268372107002,3.0
59,19.88802444771347,0.0
