,time,event
0,0.2951606291369954,1.0
1,0.4820673989048604,4.0
2,1.698325987637813,2.0
3,1.8153903838306273,4.0
4,2.1834610242822365,3.0
5,3.692883405274231,3.0
6,4.394147119947223,2.0
7,4.592607412215555,0.0
8,4.66973995189714,2.0
9,5.279935281137659,0.0
10,5.914966025169297,3.0
11,6.054993794842,4.0
12,6.078659564898457,3.0
13,7.159988489916205,0.0
14,7.875373583733752,4.0
15,8.132995577280964,0.0
16,8.949531094132647,3.0
17,8.982154306154554,0.0
18,9.299912255778032,0.0
19,9.750824513425625,3.0
20,10.587535845007796,2.0
21,10.753279333837265,2.0
22,11.21832916749507,0.0
23,11.249577328743086,4.0
24,11.878246462806173,3.0
25,11.985809265785454,0.0
26,12.211935006366447,0.0
27,12.321927861927545,3.0
28,14.527022185298616,2.0
29,14.571060251478844,0.0
30,14.851949652261112,0.0
31,15.237832396517302,0.0
32,16.165852084077525,3.0
33,16.19985873553534,3.0
34,16.629635735579672,0.0
35,17.010092660872182,0.0
36,17.26323229025155,4.0
37,17.93530902522454,0.0
38,19.083001361400246,3.0
39,19.31088319689257,0.0
40,19.835042018645808,0.0
