,time,event
0,1.0105852366897794,0.0
1,1.0451497923236588,4.0
2,1.240363347771983,0.0
3,1.4054701576368462,3.0
4,1.8555565807513166,3.0
5,1.8798122034238416,0.0
6,2.268770941706951,4.0
7,2.324405276031746,2.0
8,2.6839425540231567,3.0
9,2.965431523705059,0.0
10,3.140322942537882,0.0
11,3.782631875720421,2.0
12,3.7933776985527423,0.0
13,3.868304274256976,4.0
14,4.231495293995492,1.0
15,4.657779694829302,3.0
16,5.367408464626227,1.0
17,5.375799889505898,3.0
18,5.846112971752229,3.0
19,6.069040799183896,3.0
20,6.222504424513738,2.0
21,6.912522299369992,3.0
22,7.366149560200071,1.0
23,7.8968236996028285,4.0
24,8.572690605846395,0.0
25,9.166283245466936,4.0
26,9.353996856250946,1.0
27,9.756447159174913,0.0
28,9.834722956092087,1.0
29,10.057106552526273,3.0
30,10.347159652213524,1.0
31,10.444662783146725,0.0
32,10.621770845118574,3.0
33,12.433438469751714,4.0
34,12.699088380472958,4.0
35,12.731503187517601,2.0
36,12.94725550921983,4.0
37,13.395118756038142,1.0
38,13.406005449144706,2.0
39,14.251451145937152,4.0
40,14.31895795973514,4.0
41,15.625915289478813,3.0
42,16.39352714261009,0.0
43,17.112119699238402,0.0
44,17.256746965847668,0.0
45,17.39940526993728,0.0
46,17.602918188632422,3.0
47,17.665634840547312,2.0
48,18.13709001574755,0.0
49,18.27526993697717,2.0
50,18.5559123159363,1.0
51,18.57376787147469,0.0
52,18.705818868238453,4.0
53,18.929540631731804,0.0
54,19.258948073641726,2.0
