,time,event
0,0.10734177397445514,0.0
1,0.36328419721673866,2.0
2,0.4619988418157029,0.0
3,0.6791509968620995,3.0
4,0.8906665652702265,0.0
5,2.2158414838665252,3.0
6,2.2600495864536305,4.0
7,3.723251274982151,0.0
8,4.023827409399129,4.0
9,4.139343504806217,0.0
10,4.142325667000445,3.0
11,4.316959839306591,2.0
12,4.5869851760766505,3.0
13,4.630121011981384,4.0
14,4.67787176974042,0.0
15,4.8371729741214535,0.0
16,4.848211721963403,0.0
17,4.953190123556996,4.0
18,6.393048770287855,0.0
19,7.543069639617762,4.0
20,7.773774290202469,4.0
21,8.106331136272061,0.0
22,8.221668733067151,0.0
23,8.661983050086755,0.0
24,8.843715163387566,4.0
25,8.908597815248077,3.0
26,9.156873661970375,0.0
27,9.347774706429758,3.0
28,9.709393257264406,4.0
29,9.965749598263658,0.0
30,10.030043380943527,4.0
31,10.803058407638959,3.0
32,11.067775714309821,4.0
33,11.724678247872546,3.0
34,11.83135222427956,2.0
35,12.002921772150616,2.0
36,12.393821863545988,1.0
37,12.789307677514525,4.0
38,13.497606874553366,0.0
39,13.589438680239454,0.0
40,13.764911919786702,0.0
41,14.197324056549144,3.0
42,14.518005598717838,3.0
43,15.180621587588229,2.0
44,15.237798415477176,4.0
45,16.096210728052103,3.0
46,16.19957981193547,3.0
47,16.815813276032088,0.0
48,17.16300684847499,4.0
49,19.372703142837086,0.0
