,time,event
0,0.0829803278594527,0.0
1,0.2938206429175639,4.0
2,0.4093043378346963,4.0
3,0.4448946680852296,0.0
4,0.8244198272343706,3.0
5,0.8293254375111543,2.0
6,1.5354338537202736,0.0
7,1.568477024003185,2.0
8,1.8747634943094007,0.0
9,1.9543609045868935,3.0
10,2.6601171027026864,0.0
11,3.0197202623200017,4.0
12,4.518861170723094,0.0
13,4.72382955977503,0.0
14,5.26388075091767,3.0
15,5.97195784233455,0.0
16,8.790568124856193,2.0
17,9.165497860601402,0.0
18,9.17419332249796,2.0
19,9.931988902109158,0.0
20,9.987037073422314,4.0
21,10.66949701825865,2.0
22,10.832959145522338,4.0
23,10.916403344060942,2.0
24,12.1621378997961,4.0
25,12.189754853192015,2.0
26,13.740554153393779,4.0
27,13.837422383979764,0.0
28,15.245325973983038,0.0
29,15.47151410283274,2.0
30,15.58226313591117,0.0
31,15.871558522350316,4.0
32,16.14962208571723,0.0
33,17.1230663775155,0.0
34,17.346890690768944,0.0
35,17.406623120678905,4.0
36,17.692628226348166,0.0
37,18.774629253988756,3.0
38,18.822843499401564,3.0
39,19.13053504195351,3.0
