,time,event
0,0.3301096817564952,4.0
1,0.8678701338659982,3.0
2,1.173819069055384,0.0
3,1.2740652745205028,0.0
4,1.8404818862917836,0.0
5,1.952167024624652,4.0
6,2.345099395965413,0.0
7,2.447483210097622,0.0
8,2.7906044908955376,1.0
9,2.824137665808303,0.0
10,2.906022072313448,0.0
11,2.9246338375853407,4.0
12,3.2669327994480604,0.0
13,3.521348478343163,0.0
14,3.5345503561513767,2.0
15,3.6955810250709744,0.0
16,4.521436857314485,0.0
17,5.3450782464319575,3.0
18,5.6487957790995935,0.0
19,6.083823186589757,1.0
20,6.639127318786942,2.0
21,7.265109630918974,0.0
22,7.295277334526702,0.0
23,7.788373920894966,4.0
24,7.847640403900338,3.0
25,8.293313290713185,4.0
26,9.803877771620598,0.0
27,9.807759475086275,0.0
28,9.837357989275194,2.0
29,10.504255962855872,4.0
30,10.519579662662904,0.0
31,11.215251131370861,3.0
32,11.586121099208333,3.0
33,12.254572241185578,2.0
34,12.565093893777716,4.0
35,12.956966432200787,0.0
36,13.20956632442366,0.0
37,14.12023721443224,0.0
38,14.410806656412214,4.0
39,14.684222140796233,0.0
40,15.167756292336508,0.0
41,16.56500651661075,4.0
42,16.982273090122707,0.0
43,17.230087845219074,0.0
44,17.67104092425314,0.0
45,17.849555191476913,3.0
46,17.853656569954694,3.0
47,18.804351684824674,0.0
