,time,event
0,0.09730788697099223,3.0
1,0.29663276095336155,2.0
2,0.3978382054369263,3.0
3,0.5163673177663738,3.0
4,1.2413930946978655,2.0
5,1.4116423478531681,0.0
6,1.4549958869581465,2.0
7,1.7007394747660636,2.0
8,2.1622974151168264,3.0
9,2.1893825797268014,4.0
10,2.4122569674135392,0.0
11,3.133544859581589,4.0
12,3.259082828592459,4.0
13,3.369785567195842,4.0
14,3.688695220915258,4.0
15,3.781790408253955,4.0
16,4.372227159532979,4.0
17,4.426920053106431,0.0
18,4.925714060464153,3.0
19,5.250710215199402,0.0
20,5.315097853283432,2.0
21,5.806379578855371,1.0
22,6.391975631475307,2.0
23,7.528773128408657,0.0
24,8.76820132168313,3.0
25,8.81898731707229,3.0
26,9.17381350328828,3.0
27,9.299142129423736,2.0
28,10.122997877102316,3.0
29,10.152546204381265,3.0
30,10.545057613938088,3.0
31,10.598459887451565,3.0
32,10.934862530955419,3.0
33,11.240583585090663,2.0
34,11.269867820040643,3.0
35,11.41732633938218,3.0
36,11.502653015525572,2.0
37,11.669504456233536,2.0
38,11.724212644811372,4.0
39,12.225464247991928,2.0
40,12.30069343954848,4.0
41,12.669584987806392,0.0
42,13.19333216395493,3.0
43,13.703241635046517,3.0
44,13.730101031011845,0.0
45,14.217633228675194,3.0
46,14.400665014933994,3.0
47,14.574290848343232,3.0
48,14.653535338847446,4.0
49,15.807687261750889,3.0
50,15.941911670622453,3.0
51,16.31554765406377,2.0
52,16.612919203060702,3.0
53,17.503140601718084,0.0
54,18.14706499784026,0.0
55,18.795360478040667,2.0
56,19.068777209159272,2.0
57,19.49812130783841,0.0
58,19.50898241910513,2.0
59,19.948406797467165,3.0
