,time,event
0,0.11029254376536948,4.0
1,0.23444237364494308,3.0
2,0.446386349730422,4.0
3,0.8628343365794079,4.0
4,1.4955432504223818,3.0
5,1.70018532994047,0.0
6,1.8732177178637948,3.0
7,2.1610099677391403,0.0
8,2.2111169174839906,4.0
9,3.9948153557363035,0.0
10,3.9982072286737704,2.0
11,4.349470132310593,0.0
12,4.529007763531951,2.0
13,4.660132902659134,2.0
14,4.885904747587299,0.0
15,5.291406714318228,0.0
16,5.300423619686813,0.0
17,5.307444461450797,2.0
18,5.495992623272393,0.0
19,5.49832098352245,2.0
20,6.215413717740397,0.0
21,6.287806926301985,3.0
22,6.555171420338027,4.0
23,6.627027505201926,3.0
24,6.691593314974889,4.0
25,6.745083288705821,4.0
26,6.862113474545096,3.0
27,7.3967101696137085,2.0
28,7.455236048176814,0.0
29,8.026795542194167,0.0
30,8.833692203374493,2.0
31,8.920785955155337,3.0
32,9.085137684968105,4.0
33,9.195490270127992,4.0
34,9.499533988692093,1.0
35,9.532702611398747,0.0
36,9.544553954022982,0.0
37,9.939455544315745,2.0
38,9.981793190987673,0.0
39,10.332649049162924,0.0
40,10.612382753010268,3.0
41,11.308105104920847,3.0
42,11.414223556435624,4.0
43,11.748516546508855,0.0
44,12.406998692381885,0.0
45,12.719948827395214,0.0
46,12.733227892334547,0.0
47,13.119645721201675,3.0
48,14.772874000438517,2.0
49,14.867088613680753,2.0
50,14.953863823511716,3.0
51,15.199441834013623,2.0
52,15.304394261561667,2.0
53,15.418423381517114,4.0
54,15.552269252408893,4.0
55,15.707679442427407,4.0
56,15.912647499106624,3.0
57,15.932620652563402,3.0
58,16.132446907888497,3.0
59,17.094207405368095,2.0
60,17.8993812725074,0.0
61,18.16671690490678,3.0
62,18.214756869854988,4.0
63,18.875257114668578,4.0
64,18.97436394820133,2.0
65,19.116459818704698,0.0
66,19.319202904272665,2.0
67,19.4171505393504,2.0
68,19.418327942511436,0.0
69,19.451986489788595,0.0
