,time,event
0,0.008050860582268513,3.0
1,0.19308702782483977,3.0
2,0.25040039909886525,4.0
3,0.8779811051102323,2.0
4,1.2172881697589049,3.0
5,1.3659830925548762,0.0
6,1.3896907042412354,0.0
7,1.4753548948283224,2.0
8,1.5348401935812404,3.0
9,1.6886940321271928,3.0
10,2.08596350820559,3.0
11,2.802401321197137,0.0
12,2.82584533577419,3.0
13,3.52142858020928,3.0
14,4.686148607486649,2.0
15,4.965143543977741,0.0
16,6.09613273123041,2.0
17,6.45642175536974,2.0
18,6.51288709343988,2.0
19,6.720218466860739,3.0
20,6.946009273794639,2.0
21,7.035595781764471,2.0
22,7.277747998691725,4.0
23,7.602029056472683,0.0
24,7.665688063307564,2.0
25,7.713082307731925,3.0
26,7.7398335452817495,3.0
27,7.747167203504041,1.0
28,8.13770468208414,2.0
29,9.174916145877926,3.0
30,9.615295653109783,2.0
31,9.913614761628835,2.0
32,10.206217506339986,2.0
33,10.349964732684683,3.0
34,10.689878716625126,4.0
35,11.554519914278865,2.0
36,11.585375420890834,2.0
37,11.839350570073947,1.0
38,13.24278105597132,3.0
39,13.463614275224925,0.0
40,14.047875955057561,4.0
41,14.442108918421557,2.0
42,14.725018085000261,2.0
43,15.47042846306556,4.0
44,15.606138218650209,3.0
45,15.607958798271019,3.0
46,16.541756372465237,4.0
47,16.878197027908897,0.0
48,16.91118963450243,3.0
49,17.248150549415563,2.0
50,17.718359926656326,0.0
51,17.778435386452244,0.0
52,17.831585340225377,2.0
53,17.968497950247816,2.0
54,18.507652649822635,0.0
55,18.924100127018043,0.0
56,19.56175547636985,2.0
57,19.934229413229655,2.0
