,time,event
0,0.3929539341192559,4.0
1,1.1042343866479705,0.0
2,1.2812079601174926,4.0
3,1.3133626527623476,0.0
4,1.7012422032667123,0.0
5,2.2079383403079347,3.0
6,2.2428210923673935,3.0
7,2.4467361645858015,3.0
8,2.65351505244901,0.0
9,2.9015119787562274,2.0
10,3.355630496815222,2.0
11,3.4858298011464934,3.0
12,3.871979342495073,0.0
13,4.498539197881273,3.0
14,4.532947820064853,3.0
15,4.80276469062933,4.0
16,4.91700370323967,2.0
17,5.248451873840446,0.0
18,5.393758172253404,2.0
19,5.52163816010093,4.0
20,6.035188684807613,0.0
21,6.128312776130601,2.0
22,6.1325843934569635,3.0
23,6.76460060098073,2.0
24,6.790715718156811,4.0
25,6.901557620772425,3.0
26,6.9724118543738935,4.0
27,6.989091202679391,3.0
28,7.2449769887329305,0.0
29,7.278344573472125,0.0
30,7.281109812702386,3.0
31,7.492047711819582,4.0
32,7.731817636084859,2.0
33,8.455580312381908,1.0
34,8.73598626146312,4.0
35,8.779434695787888,2.0
36,8.949934429548014,0.0
37,9.024032134206811,1.0
38,9.454378456038139,4.0
39,9.866302429489213,4.0
40,9.934816108827626,4.0
41,10.119015426109073,3.0
42,10.206894909974265,3.0
43,10.738587826267889,4.0
44,10.839388885418204,4.0
45,10.913057621411092,1.0
46,10.95264395130689,0.0
47,11.345089547345673,2.0
48,11.690999600842028,0.0
49,12.643706129969909,0.0
50,12.717497722978436,3.0
51,13.191394570656797,2.0
52,13.405248898332115,4.0
53,13.614738012821133,3.0
54,13.778948049687207,0.0
55,13.831230464136478,0.0
56,14.606816684630274,4.0
57,14.65685118536189,2.0
58,14.994372918556149,1.0
59,15.370737186785918,3.0
60,15.675363952997051,0.0
61,15.962854334186611,3.0
62,16.23630680515387,2.0
63,16.79364923380878,3.0
64,18.42875072303018,3.0
65,18.69088862224963,3.0
66,18.915210762856347,3.0
67,19.46616141558156,0.0
68,19.73676033175747,3.0
