,time,event
0,0.18837485179141353,3.0
1,1.3094410336875433,4.0
2,1.4237479566657194,3.0
3,1.6287772397852491,4.0
4,1.7450969226331636,3.0
5,2.1617708581665624,2.0
6,2.331492064012099,3.0
7,2.6103747897991894,2.0
8,2.8915660788337045,2.0
9,3.125613711336453,2.0
10,3.6198370043108525,0.0
11,4.497533934343506,0.0
12,4.591868342320116,4.0
13,5.083826599117177,3.0
14,5.264940941584643,0.0
15,6.259898692604064,3.0
16,6.551072007554305,2.0
17,6.622280454213023,4.0
18,6.944430714054424,2.0
19,7.121840452828433,2.0
20,7.234835956753569,4.0
21,7.33010850268441,3.0
22,7.861706728311939,2.0
23,8.244944116687032,2.0
24,8.460663777373172,2.0
25,8.768929523664381,0.0
26,8.78813901504021,0.0
27,9.076565261807286,3.0
28,9.095883642891256,3.0
29,9.767495720609611,3.0
30,10.633684972620523,0.0
31,11.268310187900509,1.0
32,11.332954463594671,4.0
33,11.398463570326374,4.0
34,11.506635737401373,0.0
35,11.580018641749252,4.0
36,11.604583248352222,2.0
37,12.1294840524264,0.0
38,12.213503403309545,4.0
39,12.244313468927073,1.0
40,12.838166099034584,2.0
41,12.884978817203129,4.0
42,12.92328940371751,4.0
43,12.965940048092769,2.0
44,13.499741215049394,2.0
45,13.647169622478888,2.0
46,13.720025805052071,2.0
47,13.8675196735824,3.0
48,14.333717822703186,4.0
49,14.680208713007122,4.0
50,14.828539975201132,3.0
51,14.865482552392281,2.0
52,16.53933749254059,2.0
53,16.742675128685534,2.0
54,17.460194577470087,4.0
55,17.598273786128804,4.0
56,17.705708323328828,4.0
57,17.718518573450172,0.0
58,17.959256041060296,0.0
59,18.1235314926439,2.0
60,18.170959026903564,2.0
61,18.216811675875526,3.0
62,18.216893444476355,3.0
63,18.86404847519736,0.0
64,19.10847223951674,2.0
65,19.145784773703962,4.0
66,19.575016597468082,2.0
67,19.627323160726434,3.0
68,19.68674790017457,4.0
69,19.771182058423697,2.0
70,19.97120300124142,3.0
