,time,event
0,0.059165874276341124,2.0
1,0.10226847358457036,4.0
2,0.10677283636375068,0.0
3,0.7428045688214018,4.0
4,1.0542668132985895,2.0
5,1.8915206582223112,2.0
6,2.2312467568095924,3.0
7,2.8678735698337885,0.0
8,3.2227845122495964,0.0
9,3.710703833510655,0.0
10,3.916611375168958,0.0
11,4.283344771130938,2.0
12,4.314874588489049,4.0
13,4.827730440016466,2.0
14,5.500192791389901,0.0
15,6.4269910865072655,3.0
16,7.232186837272754,4.0
17,7.237736249965803,0.0
18,7.760296242206419,0.0
19,7.841108581105131,2.0
20,8.04670550144139,3.0
21,8.20782126870783,3.0
22,8.335996912248657,0.0
23,8.557551081257554,2.0
24,8.699241866523991,0.0
25,8.72408854957448,0.0
26,8.814170493781868,0.0
27,9.210567570938922,3.0
28,9.300331581170003,2.0
29,9.311962221348015,3.0
30,9.899756332294057,2.0
31,10.125770659289184,2.0
32,10.147482760741651,0.0
33,11.060426689457481,3.0
34,11.143961174618363,4.0
35,11.41847083551479,1.0
36,11.5014968056959,2.0
37,11.73646440836394,3.0
38,11.991862375514346,4.0
39,12.174107327186778,3.0
40,12.203097096044045,3.0
41,13.254218223590286,0.0
42,14.096596770213939,0.0
43,14.256131941194855,0.0
44,14.37275547862683,2.0
45,14.407202543138352,2.0
46,14.89449206863187,2.0
47,15.56349407744697,0.0
48,15.639279584918949,4.0
49,16.554544705548448,2.0
50,16.59467923331757,3.0
51,16.818015388557484,0.0
52,16.91596581819127,0.0
53,17.32240279449691,2.0
54,17.49062321511343,3.0
55,17.880108221325173,0.0
56,18.096907189502012,2.0
57,18.202289016069805,0.0
58,18.344499975878747,3.0
59,18.406526201627965,3.0
60,18.810890387749104,0.0
