,time,event
0,0.38216019144929164,2.0
1,0.5334116923793093,1.0
2,0.7821663727827821,0.0
3,1.8542050642435979,3.0
4,2.072188275853011,3.0
5,2.5008989483600255,0.0
6,2.751282768118264,2.0
7,2.886419423948614,0.0
8,3.5409421667684646,2.0
9,3.6712408356135278,3.0
10,4.234843022677583,4.0
11,4.282695848433955,0.0
12,5.458522825635061,1.0
13,5.512100783690606,0.0
14,6.281540941803959,3.0
15,6.695392183730147,1.0
16,6.729643653638074,4.0
17,7.258811624914726,4.0
18,7.276786017772489,2.0
19,7.670348199517856,2.0
20,7.789386694330034,3.0
21,7.824227335147848,2.0
22,8.032936870072477,0.0
23,8.042666673213743,0.0
24,8.068127151352712,0.0
25,8.140444204045167,0.0
26,8.316039670183317,0.0
27,8.650131231654294,0.0
28,9.330973507680984,0.0
29,10.043955251804652,3.0
30,10.080050934452073,2.0
31,10.109465187478483,2.0
32,10.188892018352915,2.0
33,10.240015374336457,0.0
34,10.852727894529421,3.0
35,11.368547242177936,4.0
36,13.552496597040165,2.0
37,14.575183787643944,3.0
38,15.248152099296279,3.0
39,15.330567667596346,0.0
40,15.513638910699841,2.0
41,16.117621396824855,3.0
42,16.125633481222952,3.0
43,16.14275871976416,2.0
44,16.630460774910382,0.0
45,17.442722680921246,3.0
46,17.474348631224633,0.0
47,17.508044879349807,3.0
48,17.704915992632507,0.0
49,17.751455249338054,2.0
50,18.17936604612928,2.0
51,18.32075332220541,3.0
52,18.468495531114712,4.0
53,18.569793302601816,3.0
54,18.62210268634447,4.0
55,19.04890905091612,4.0
56,19.06565366990816,2.0
57,19.77131174888076,1.0
