,time,event
0,0.1059033316059363,2.0
1,0.34189411286171056,4.0
2,0.6442094321678546,3.0
3,0.714670522373044,4.0
4,0.8691749550097703,2.0
5,0.9377047958279762,3.0
6,0.9517709318382144,0.0
7,1.0055721891373917,0.0
8,1.6130274553924342,3.0
9,1.6527231775541495,0.0
10,1.7991064570010538,4.0
11,2.207420847857874,3.0
12,2.7227771329848247,2.0
13,2.9717772424779807,0.0
14,3.457604064942464,0.0
15,3.5724339009125847,0.0
16,4.271629829833703,0.0
17,4.7117570283635,4.0
18,5.233284891845421,2.0
19,5.539810804153192,0.0
20,5.544823070717012,3.0
21,5.892752474788446,3.0
22,5.937969313274035,2.0
23,6.1534475028811935,2.0
24,6.5715089462207175,0.0
25,7.0707669609895385,0.0
26,7.196412823226975,4.0
27,7.20310724192994,0.0
28,7.294261939705229,2.0
29,7.382481802834262,3.0
30,9.098138552091013,3.0
31,9.192470063802174,0.0
32,9.55830959438106,4.0
33,9.596726296004146,2.0
34,10.362835807668102,3.0
35,10.373320370683862,2.0
36,10.429822716564692,4.0
37,10.68138352255458,0.0
38,10.728723929066014,2.0
39,11.014058415823866,0.0
40,11.435002205766594,3.0
41,11.78261501249836,0.0
42,11.942155963702112,0.0
43,12.300424111090692,0.0
44,12.490595259516622,2.0
45,13.13498241886414,4.0
46,14.307243819470663,0.0
47,14.365964139477095,2.0
48,14.42801640152827,3.0
49,14.653949662388868,2.0
50,14.807210403619653,2.0
51,15.812730203702074,2.0
52,16.185582695257697,3.0
53,17.10551210270353,3.0
54,17.243885942590516,0.0
55,17.541966462267972,2.0
56,17.5808302876391,3.0
57,17.654741531802856,1.0
58,18.010283631398753,2.0
59,18.142767324030164,0.0
60,18.209616473208456,3.0
61,18.318604481449505,3.0
62,18.42645565423171,3.0
63,18.43965611699224,2.0
64,18.78380298554661,3.0
65,18.92258195304656,0.0
