,time,event
0,0.3388184070713279,2.0
1,0.34695043569598505,2.0
2,0.6318943391127348,2.0
3,0.7204222025434899,4.0
4,1.41420149338163,2.0
5,2.446821626313965,0.0
6,2.7256744332658736,0.0
7,3.055134239376469,3.0
8,3.3391788688793795,2.0
9,3.4722749553213124,0.0
10,3.7735008881769594,3.0
11,4.5842373403334395,0.0
12,4.928781542233945,0.0
13,4.938524605839082,3.0
14,4.974688969314534,1.0
15,5.42114414682151,3.0
16,6.2982151171124805,3.0
17,6.341807611111842,4.0
18,6.737148760827655,0.0
19,7.367804375127661,0.0
20,7.74914607673327,3.0
21,7.909131365653876,1.0
22,7.994935020642258,2.0
23,8.191479331748065,0.0
24,8.93402027726339,0.0
25,9.074940933754611,3.0
26,9.081729676417458,2.0
27,9.344324627036862,3.0
28,9.569359695323046,2.0
29,9.631157564763898,0.0
30,10.378967588992563,0.0
31,10.774515438721808,2.0
32,11.005525060407871,3.0
33,11.415664301446107,0.0
34,11.439813844554129,2.0
35,11.95995340166306,0.0
36,11.979750128098022,1.0
37,12.636373885768574,3.0
38,12.82382153198951,2.0
39,13.272145224427089,0.0
40,13.523208330956296,0.0
41,13.675866032619979,2.0
42,13.732581777651989,2.0
43,13.925985151025209,2.0
44,13.96378079859609,0.0
45,14.471603322077693,2.0
46,14.50440374472319,1.0
47,14.773340852265052,3.0
48,14.945547011780263,0.0
49,14.967499221396068,4.0
50,15.105135685840963,2.0
51,15.372439600419511,4.0
52,16.102421143653373,0.0
53,16.24150450539995,3.0
54,17.176613993316767,0.0
55,17.32590540945414,0.0
56,17.36402095948381,0.0
57,17.781945124250875,0.0
58,18.250968524734105,0.0
59,18.39129498477809,3.0
60,18.532384097274647,0.0
61,18.782893126163433,3.0
62,19.218158627768023,2.0
63,19.27655100767345,2.0
64,19.763500456051272,0.0
