,time,event
0,1.1085065630984983,0.0
1,1.8323040897188707,2.0
2,2.2712042976642257,2.0
3,2.460454099740927,0.0
4,2.7457463786919716,2.0
5,2.912081305769779,0.0
6,3.3186277362869667,2.0
7,3.4281410209627703,0.0
8,3.5319261818577243,0.0
9,3.5600215319866324,0.0
10,5.698649965076905,2.0
11,6.464521684658023,2.0
12,6.552209712779992,0.0
13,6.653416731867882,3.0
14,7.487721146423764,0.0
15,7.804576297724098,1.0
16,8.08905147159937,0.0
17,8.183920761140335,2.0
18,9.699110121920139,0.0
19,9.913088845973862,0.0
20,10.174145786162855,3.0
21,10.466658320462717,0.0
22,11.426263656990796,2.0
23,11.521890463030067,1.0
24,11.912330149579919,3.0
25,12.147220196499312,2.0
26,12.609291040192781,1.0
27,12.635135408661498,0.0
28,12.71728988951825,4.0
29,12.770214068434543,2.0
30,13.249289511182713,2.0
31,13.735655163215428,4.0
32,13.965824815099028,4.0
33,14.301953895473035,0.0
34,14.680117024318509,0.0
35,15.107878086892683,2.0
36,15.120713267206888,4.0
37,15.1715519374554,2.0
38,15.58981446167373,0.0
39,15.643049114058604,3.0
40,16.52926955201987,1.0
41,16.638728561792703,0.0
42,16.67886187579721,2.0
43,16.72805688616503,3.0
44,16.885831045048192,3.0
45,17.142792001782095,4.0
46,17.290874700255184,2.0
47,17.48068659825742,2.0
48,17.735497236553403,2.0
49,17.932662551070095,2.0
50,18.26781100129029,3.0
51,18.642173421711863,2.0
52,19.008758353800786,3.0
53,19.1809888625758,4.0
54,19.31935255722103,4.0
55,19.768241324228562,4.0
