,time,event
0,1.9710252713254086,0.0
1,2.0188400284035826,4.0
2,2.475048886293475,0.0
3,2.55303800630619,2.0
4,3.5321484112977646,0.0
5,4.644397200773745,3.0
6,5.337484291039333,3.0
7,5.599709994656494,0.0
8,5.878628373391501,2.0
9,6.219995555246824,4.0
10,8.326729321538615,4.0
11,8.511588501222915,2.0
12,8.933359153965567,4.0
13,8.971160446522191,0.0
14,9.275734347451863,2.0
15,9.417066165426005,1.0
16,9.468509933652191,2.0
17,10.416251877945339,4.0
18,10.419299993389087,4.0
19,10.67657733203979,4.0
20,10.916635502652015,2.0
21,11.257192991237693,2.0
22,11.28806406430314,3.0
23,11.806026545657657,3.0
24,11.97127430955107,3.0
25,13.879040306706637,3.0
26,14.106275641643851,4.0
27,14.538734892451156,0.0
28,14.594615201635927,4.0
29,15.240931994872062,2.0
30,16.408241473231143,0.0
31,16.674946215720134,0.0
32,16.759486096532452,4.0
33,16.85564821210722,0.0
34,17.645352616529223,0.0
35,17.675050405037865,0.0
36,18.095456827201374,4.0
37,19.175795913837643,1.0
