,time,event
0,0.4650803710064148,1.0
1,0.6824553066182419,4.0
2,0.7963706136351704,1.0
3,0.9707426847505131,1.0
4,1.1978627437973992,0.0
5,2.367246503886168,4.0
6,3.2298591464750457,0.0
7,4.8170182516735505,1.0
8,4.972062333120826,3.0
9,5.716612151023131,0.0
10,6.235732621332005,0.0
11,6.559096616941466,0.0
12,6.747184421189777,1.0
13,6.776340877974016,1.0
14,7.309550267561985,1.0
15,8.007249944769775,1.0
16,8.356490489362074,0.0
17,9.181378944725989,3.0
18,9.46614422456598,1.0
19,10.510712753405212,3.0
20,11.077521347153668,1.0
21,11.19591897515604,0.0
22,11.713718823437262,0.0
23,12.389083066949304,1.0
24,12.713793139412978,1.0
25,12.79255350429271,0.0
26,12.797162403057651,3.0
27,13.364991228160012,4.0
28,13.950990575918414,1.0
29,14.174485824485055,1.0
30,14.557711691305977,0.0
31,14.750700094178182,0.0
32,15.112207650551863,1.0
33,15.285233340498896,4.0
34,15.376790402832276,4.0
35,19.531260917533892,1.0
36,19.904694324596033,3.0
