,time,event
0,0.02859778598763063,1.0
1,0.13744600243962418,0.0
2,0.5335729962774154,1.0
3,0.7739900704001553,1.0
4,1.1584872615278834,1.0
5,2.3421130068246665,3.0
6,3.5400217165925585,3.0
7,3.6480354686936494,0.0
8,4.110168705893898,1.0
9,4.767803137197589,0.0
10,6.645754883673428,1.0
11,6.818438982375198,4.0
12,7.420201839757684,0.0
13,7.509152792937256,3.0
14,8.066209013170853,3.0
15,8.628449933641656,1.0
16,9.292827766060881,3.0
17,9.545507584928803,1.0
18,9.924467122262078,0.0
19,10.58732060747762,3.0
20,10.8668589632328,0.0
21,10.936703788626632,3.0
22,11.295672969832488,3.0
23,12.03720419863439,4.0
24,12.3527126276048,1.0
25,14.149320092029157,1.0
26,14.381732281943975,0.0
27,15.22028791363403,1.0
28,15.336905936319797,1.0
29,15.706996737456574,1.0
30,15.84380304329257,1.0
31,15.945883263464744,1.0
32,17.012907954633018,1.0
33,18.14615339303427,1.0
34,18.602275017954163,1.0
35,19.250077428468447,1.0
36,19.32362242695403,1.0
