,time,event
0,1.1271927546146,4.0
1,1.3865284643849722,4.0
2,1.4888379828895075,0.0
3,1.574593188390952,4.0
4,2.0619821355235968,3.0
5,2.906114063593564,4.0
6,3.223412971466545,4.0
7,3.2796079877225033,0.0
8,3.3320499360812526,0.0
9,3.3363722817735817,1.0
10,3.434164580138711,3.0
11,3.9321689778523097,0.0
12,4.058923828411271,1.0
13,4.1014702916179955,3.0
14,4.134051979523457,4.0
15,4.278548374257887,2.0
16,4.354667821217454,3.0
17,4.719842344747127,3.0
18,4.940736870847228,3.0
19,5.085119312529926,4.0
20,5.23597440904816,4.0
21,6.00105500490707,3.0
22,6.432861347790857,0.0
23,6.449571719629178,4.0
24,6.792895632279359,3.0
25,7.649502048568104,0.0
26,7.650183600517446,3.0
27,7.675848431177172,0.0
28,8.404219567302842,0.0
29,8.5062201959116,3.0
30,9.041887221501119,1.0
31,9.776710721973767,0.0
32,10.93884261710285,0.0
33,10.977717121277273,4.0
34,11.069810641361498,1.0
35,11.182291120196789,0.0
36,12.705141373796758,1.0
37,12.941028594097006,0.0
38,12.953211263325539,1.0
39,12.959964781330976,0.0
40,12.979704056446094,2.0
41,13.027705748744241,1.0
42,13.278724063793037,0.0
43,13.361124325102965,3.0
44,13.407925273291738,3.0
45,13.564593964462707,0.0
46,13.609513685297799,2.0
47,13.719915849926348,3.0
48,14.0432852214284,0.0
49,14.0670779722182,2.0
50,14.069816048451301,0.0
51,14.161321578522932,3.0
52,14.203826289462155,0.0
53,14.203928493493514,3.0
54,14.233172344866574,0.0
55,14.249584450635503,4.0
56,14.267710281773137,3.0
57,14.345499088794067,2.0
58,14.347378040378285,1.0
59,14.67244175371912,4.0
60,15.18932961766596,2.0
61,15.323153684463454,0.0
62,15.65808448430119,0.0
63,15.749469862847866,3.0
64,16.053409520555032,1.0
65,16.1018110719039,3.0
66,16.17565236648514,2.0
67,16.299585118597257,4.0
68,16.302345687517782,0.0
69,16.880523628752684,0.0
70,17.2510868688814,3.0
71,17.410421534246456,2.0
72,17.417921480242764,3.0
73,17.419037679929417,3.0
74,17.42164973934356,0.0
75,17.430738175050738,2.0
76,17.44845746532907,0.0
77,17.61097178111593,4.0
78,17.718855946517937,1.0
79,17.730827807758008,3.0
80,17.73301365365041,0.0
81,17.771623877479406,3.0
82,18.02128003880771,0.0
83,18.37789958699723,0.0
84,18.385291861888557,4.0
85,18.569042717744722,0.0
86,18.669273027635594,2.0
87,19.385233702793325,0.0
88,19.385838028530667,2.0
89,19.54545807738387,4.0
