,time,event
0,0.049479807160216605,0.0
1,0.22835933937210615,3.0
2,0.2717247805305714,1.0
3,0.39220286682857325,4.0
4,0.5294532990131526,0.0
5,0.5682585277770783,3.0
6,0.7401196681984633,0.0
7,0.8782038561764544,0.0
8,1.091042277832151,2.0
9,1.4016190859467024,0.0
10,1.6833052166492382,0.0
11,1.7575821814095505,3.0
12,2.4546207313519184,4.0
13,2.6256725892045054,0.0
14,2.648237047701626,3.0
15,2.683245219099437,2.0
16,3.9149507953895806,4.0
17,4.213841503085694,3.0
18,4.498667148766099,4.0
19,4.884461679128228,2.0
20,5.0577728871819225,4.0
21,5.537801438093587,3.0
22,5.833855234828233,0.0
23,5.9446505611402305,3.0
24,6.183979675339208,3.0
25,6.787249786952782,0.0
26,6.843945388090404,0.0
27,6.874061973541173,4.0
28,7.032072270504839,1.0
29,7.550929050257324,0.0
30,7.648002230180529,4.0
31,8.151977449518485,3.0
32,9.024324489425247,4.0
33,10.235383949670373,0.0
34,10.259823973309027,3.0
35,10.401757641762556,0.0
36,10.407182720750242,1.0
37,10.432541561478601,0.0
38,10.552169133851473,0.0
39,10.56986490484322,3.0
40,10.7520855408448,0.0
41,11.023421847757394,3.0
42,11.281332204704176,3.0
43,11.874543882861147,0.0
44,11.90526748124408,1.0
45,11.935318514148943,3.0
46,11.956751064055663,3.0
47,12.097024930838856,4.0
48,12.315688113074366,2.0
49,12.334027927335272,4.0
50,12.364381385414989,1.0
51,12.473621633276014,3.0
52,12.67141325308368,2.0
53,12.692230744717557,3.0
54,12.754080870548083,3.0
55,13.210797063143506,1.0
56,13.464576250944374,0.0
57,13.521731654649018,1.0
58,13.645053774618487,4.0
59,13.989055138586892,4.0
60,14.276082027071764,0.0
61,14.310444833727242,3.0
62,14.43320407114733,3.0
63,14.500264589638544,2.0
64,14.526082234942818,4.0
65,14.792923482769128,1.0
66,14.807786578061252,4.0
67,14.928421117464493,0.0
68,15.126454085463298,3.0
69,15.181098868704655,0.0
70,15.751172117273175,0.0
71,17.50709952277292,0.0
72,17.547588293935796,1.0
73,17.57591424412038,4.0
74,17.617764786391554,2.0
75,17.652610875347825,4.0
76,17.95843619607605,4.0
77,18.332478443657855,0.0
78,18.48789127032358,0.0
79,18.867137964312935,3.0
80,18.94250716167693,0.0
81,18.966299895600233,0.0
82,19.119017394365528,0.0
83,19.222943038190788,2.0
84,19.224347447990517,2.0
85,19.516116581296036,0.0
86,19.90594359558122,3.0
