,time,event
0,0.47886747706809035,4.0
1,0.6001408849192138,1.0
2,0.7117320680869672,3.0
3,1.027615734601246,2.0
4,1.214559935546431,1.0
5,1.2843206310550848,0.0
6,1.3897672586275476,4.0
7,1.4356200971714943,1.0
8,1.692865608418406,1.0
9,2.387129285737677,1.0
10,2.6498051502574715,4.0
11,3.387272044881846,1.0
12,3.789474318764373,0.0
13,4.000076629813979,4.0
14,4.066654184224126,0.0
15,5.281698316033003,3.0
16,5.287467513268796,4.0
17,5.4946337110126375,1.0
18,5.524014121450431,3.0
19,5.550944837500237,2.0
20,5.776541002029013,4.0
21,5.855692559456802,1.0
22,6.021237607178974,0.0
23,6.094230619628895,1.0
24,6.119643150353212,1.0
25,6.169366158490829,0.0
26,6.202420764401945,0.0
27,6.215121047767225,3.0
28,6.3139874411820625,1.0
29,6.530017721060861,1.0
30,6.5741033121614105,4.0
31,6.717465988506959,2.0
32,6.778212861321026,1.0
33,7.34439601136179,1.0
34,7.393344039729225,2.0
35,7.5820579790832205,4.0
36,7.958501013043937,2.0
37,8.081133340064445,0.0
38,8.09645169415212,1.0
39,8.133631670184249,0.0
40,8.198053921427071,2.0
41,8.26889624605239,2.0
42,8.434055143154092,1.0
43,8.696365289046513,1.0
44,8.804290108307853,2.0
45,8.859051327332413,1.0
46,9.660408761207819,4.0
47,9.75405035360787,1.0
48,10.942001345982574,0.0
49,11.037324310331158,1.0
50,11.335441182716957,2.0
51,11.638569162544012,1.0
52,11.731000360069835,1.0
53,11.77626215143754,0.0
54,11.78738306130753,1.0
55,12.403550028677433,0.0
56,12.562049098270002,0.0
57,12.568713039760077,1.0
58,13.070926865360443,1.0
59,13.222974497242868,4.0
60,13.888238297027197,4.0
61,14.483931360517596,3.0
62,14.56920450633261,1.0
63,14.99662612054571,4.0
64,15.893768571374455,4.0
65,15.941832823259858,3.0
66,15.955503946058466,3.0
67,16.473787265689747,0.0
68,16.537965871096578,3.0
69,16.765319586068532,1.0
70,16.96472527598373,1.0
71,17.098248677947804,0.0
72,17.292745940235353,1.0
73,17.382078247868396,2.0
74,17.401329903404754,4.0
75,17.46296497672398,1.0
76,18.480886038034107,1.0
77,18.569560224354372,1.0
78,19.187239554678282,0.0
79,19.299609896715985,3.0
80,19.351634830882464,1.0
81,19.687860611270867,2.0
82,19.843237161230345,0.0
83,19.84404119793541,1.0
84,19.846453377548006,4.0
