,time,event
0,0.4771345238273127,2.0
1,1.9295303059264053,3.0
2,4.348800924046801,1.0
3,4.5778655888018465,2.0
4,5.660934688705085,2.0
5,6.285721059356614,2.0
6,6.4214601327328955,2.0
7,7.529776818698884,1.0
8,8.697645137068449,2.0
9,8.833954231315152,2.0
10,9.129760919570623,1.0
11,9.88161604636284,2.0
12,10.033305402971083,2.0
13,10.15497853365511,2.0
14,10.2978452647063,2.0
15,10.617538577891741,2.0
16,10.692379116478786,2.0
17,11.178601078012779,2.0
18,11.457874364266942,2.0
19,11.511586981087875,2.0
20,13.605107208136968,1.0
21,14.106699177357617,2.0
22,14.12570685351245,2.0
23,14.202858222710601,2.0
24,14.25376920902911,2.0
25,14.344548578433534,2.0
26,15.124752140489763,2.0
27,16.06222348242388,2.0
28,18.544037530735604,1.0
29,20.057982187278554,0.0
30,20.129992560275305,2.0
31,20.28644044642513,2.0
32,20.346332617200662,2.0
33,21.507356135714627,1.0
34,22.130985428834347,2.0
35,22.302211641787014,0.0
36,22.305644489130778,0.0
37,22.335641652105945,2.0
38,22.40632891625361,2.0
39,22.424206888280384,2.0
40,22.47420062550245,3.0
41,22.501337487545335,2.0
42,22.5537981724639,2.0
43,22.638059857498437,2.0
44,22.678849784606854,2.0
45,22.679617819386117,2.0
46,22.71138408016552,2.0
47,22.740773046554704,2.0
48,23.57085538644381,2.0
49,24.073088580059068,2.0
