,time,event
0,0.31311005601356634,0.0
1,0.692318985287945,0.0
2,0.7708118253152263,2.0
3,1.2844859154263195,2.0
4,1.5860828111735703,2.0
5,2.2786558935403134,4.0
6,2.378201611416235,2.0
7,2.6866988002237666,3.0
8,2.849987171494422,2.0
9,4.122880218023941,2.0
10,4.353197491529542,4.0
11,4.678917720713359,0.0
12,5.141544806547073,3.0
13,5.89157524090824,3.0
14,6.056574328886508,3.0
15,6.375864680771219,3.0
16,6.513293102322221,1.0
17,6.687956622729488,2.0
18,6.966873129324053,0.0
19,7.421087813006101,0.0
20,7.737484892706924,4.0
21,8.26650917005579,3.0
22,8.3963206848094,3.0
23,8.624644998642788,2.0
24,9.113788086372189,0.0
25,9.453781691631342,2.0
26,9.522053643916523,3.0
27,9.811310844667602,2.0
28,9.962378570960297,0.0
29,10.135596553794766,2.0
30,10.734434799838446,3.0
31,11.236168946710539,3.0
32,11.697045444594247,4.0
33,12.16650016942886,4.0
34,12.188324753286235,0.0
35,12.362914926084683,2.0
36,12.79425270014514,0.0
37,12.887900528755873,2.0
38,12.939955535341154,3.0
39,13.054196696649134,4.0
40,13.10284661661171,3.0
41,13.229059863715994,0.0
42,13.74693132800425,3.0
43,14.538432169269754,3.0
44,14.717965990938252,3.0
45,14.873085505942841,0.0
46,15.052614592494226,4.0
47,15.320723634464999,0.0
48,15.450892400070266,0.0
49,15.683723636451244,0.0
50,15.832765120107233,0.0
51,16.694987577140207,0.0
52,17.11908281252916,0.0
53,17.322811724893764,2.0
54,17.97398698654368,2.0
55,18.386405500209904,2.0
56,18.524195936382924,4.0
57,18.6113739266132,1.0
58,18.654252201770674,3.0
59,18.916543729857036,4.0
60,18.970956492788492,4.0
61,19.419370244265494,0.0
62,19.991795628932437,3.0
