,time,event
0,0.08724840053182012,0.0
1,0.11992089861112983,0.0
2,0.39422398540944403,2.0
3,0.7307450057816529,1.0
4,0.9120706067659825,0.0
5,1.0619640568361106,4.0
6,1.1060898219460857,4.0
7,1.2629075707439292,0.0
8,1.2924874999390104,3.0
9,1.31778058083446,4.0
10,1.9213883709687163,4.0
11,2.0087993185600967,0.0
12,2.042370963795515,0.0
13,2.062923188276581,3.0
14,2.3381828978728167,0.0
15,2.452088669523799,0.0
16,2.500534538702706,2.0
17,2.598465963962251,0.0
18,3.2253967566332844,0.0
19,3.309843391273184,2.0
20,3.3407490197518936,0.0
21,3.856431692658836,0.0
22,4.368239116782375,4.0
23,4.83901526426819,3.0
24,5.045667544303366,0.0
25,5.246938994242628,0.0
26,5.878892728282151,0.0
27,6.091736028499194,0.0
28,6.844717752040274,4.0
29,7.159190474483819,3.0
30,7.1835963130531235,3.0
31,7.515049679756182,1.0
32,7.759363825292511,2.0
33,7.983687148934367,0.0
34,7.996521234168515,2.0
35,8.158297644883538,0.0
36,8.242628223102269,3.0
37,8.376258966154353,3.0
38,8.790434819436948,0.0
39,8.860454592833532,3.0
40,8.958994960129777,3.0
41,9.234091600093171,0.0
42,9.618601415471598,0.0
43,9.62569178502749,2.0
44,10.158715754810256,0.0
45,10.278118872817204,0.0
46,10.637398950708931,0.0
47,11.020176413190871,2.0
48,11.092861890256403,4.0
49,11.192095914455896,0.0
50,11.789622638700486,0.0
51,13.220691160550583,2.0
52,13.27380535232537,0.0
53,13.903473324695577,2.0
54,14.367381490824839,3.0
55,15.760887644428548,4.0
56,15.774213176087313,3.0
57,16.070181494567727,2.0
58,16.11845223849202,2.0
59,16.49657050824882,0.0
60,16.55453024116396,0.0
61,16.61963558335951,2.0
62,17.062542758990258,0.0
63,17.2226120994727,4.0
64,17.314056222859808,4.0
65,17.991305126869772,2.0
66,18.60144403890067,0.0
67,18.625119021516202,0.0
68,19.768270782423986,2.0
69,19.84985253925132,4.0
