,time,event
0,1.0065065073074497,3.0
1,1.0439474716719288,2.0
2,2.8057941666949135,0.0
3,2.8631184106468233,0.0
4,3.685505241419424,0.0
5,3.8133677408295914,0.0
6,4.46709264943982,4.0
7,4.556929143571988,4.0
8,5.003242761994934,2.0
9,5.497607011018687,0.0
10,5.5390618675843175,0.0
11,5.726840461640866,0.0
12,6.097378112791032,2.0
13,6.215030385728022,4.0
14,7.967981791138822,0.0
15,8.00448699345259,4.0
16,8.664530078185924,2.0
17,8.859299856610674,0.0
18,9.058879914513831,4.0
19,9.238496945498751,2.0
20,10.361176434011298,3.0
21,10.481108808093673,0.0
22,11.439065459080735,4.0
23,11.907564247623874,4.0
24,12.837246319452172,2.0
25,13.1310532527424,0.0
26,13.257760645568847,4.0
27,13.42117460285988,0.0
28,13.670033047107925,2.0
29,14.643323830814603,2.0
30,14.813292308997747,2.0
31,15.361683083099775,4.0
32,15.699319956889354,2.0
33,16.77208734716116,3.0
34,17.15004411861953,0.0
35,17.274386250299656,3.0
36,17.551868099602768,2.0
37,18.09874097941763,2.0
38,18.603821040458605,3.0
39,18.795800787505467,2.0
40,18.97964242419685,0.0
41,19.824619534242682,0.0
