,time,event
0,0.31111053076937506,2.0
1,0.3854149321456336,0.0
2,0.668156430269114,2.0
3,1.285047910964954,4.0
4,2.672214437518707,0.0
5,4.074094060371348,2.0
6,4.1597072251878275,0.0
7,4.31047390378685,2.0
8,5.017339626413363,0.0
9,5.396288353441119,0.0
10,5.5530724537527325,3.0
11,5.84051053855379,0.0
12,5.840574753440961,0.0
13,7.115205749921506,3.0
14,7.389019863452331,3.0
15,7.689287685911062,2.0
16,7.856457170269706,3.0
17,7.8999454863683365,2.0
18,8.100545744531683,0.0
19,8.209300266051189,1.0
20,8.530492378606409,0.0
21,8.703336492538403,0.0
22,8.833629686069331,0.0
23,9.026408592234429,4.0
24,9.287759562294752,4.0
25,9.354713924005685,0.0
26,9.42997210813044,0.0
27,9.521321356532864,4.0
28,9.619694075993486,3.0
29,10.063818325758541,4.0
30,10.169462217596012,0.0
31,10.299129595191829,0.0
32,10.657649020313999,4.0
33,10.707969734341221,3.0
34,11.565141421930385,0.0
35,11.58718354090309,0.0
36,11.819285426763887,0.0
37,11.97090155815117,3.0
38,12.557527291604204,0.0
39,12.930604824152741,0.0
40,13.855093161714798,3.0
41,13.909003970265193,0.0
42,14.134812754655822,0.0
43,14.163708361493827,0.0
44,14.805792054070041,1.0
45,14.813257553533358,0.0
46,15.692844562693221,0.0
47,15.923906393127337,3.0
48,16.018001872120994,3.0
49,17.58576481352184,3.0
50,18.072848714456143,3.0
51,18.26261929979119,2.0
52,18.30387065896764,2.0
53,18.493154600189207,0.0
54,18.696168953505346,4.0
55,19.047480715168778,4.0
56,19.165369558332195,2.0
57,19.243540326054497,0.0
58,19.305802931191657,2.0
59,19.813376845939523,2.0
