,time,event
0,0.3794534692102271,3.0
1,0.4613496056349006,4.0
2,0.9755916349512167,0.0
3,1.0179582657372266,1.0
4,1.0946335943447447,3.0
5,2.0587835754710113,0.0
6,2.1843829021923096,3.0
7,2.903026435528853,3.0
8,3.009021883135735,3.0
9,4.0045046253385905,4.0
10,4.076553945745909,1.0
11,4.082631644095605,4.0
12,5.118250487034779,0.0
13,5.474073756076148,4.0
14,5.782212563188601,0.0
15,6.0973083242400765,0.0
16,6.154812651977859,3.0
17,6.452309827758357,2.0
18,6.553889774253234,4.0
19,6.652925911285426,4.0
20,6.660461603677324,0.0
21,7.138204776595576,3.0
22,7.728716878411714,3.0
23,8.194859519612857,0.0
24,8.617808546470018,2.0
25,9.6251363346697,0.0
26,10.402899098898795,0.0
27,10.615366384197,2.0
28,10.674620582247641,2.0
29,10.700015412498887,3.0
30,11.145818738131362,0.0
31,11.44991341541494,4.0
32,11.722250558133746,0.0
33,11.81029528998598,0.0
34,11.990263274797515,2.0
35,12.05696269085794,0.0
36,12.281302248502826,0.0
37,12.715657115292043,4.0
38,12.779827828797018,4.0
39,13.227912111930703,2.0
40,13.326812740681934,2.0
41,13.624711177979702,0.0
42,13.671022574787399,0.0
43,13.736967644214387,0.0
44,13.800545969955664,0.0
45,13.857574093143405,0.0
46,14.016427136554254,2.0
47,14.036143115317591,2.0
48,14.08047124913209,3.0
49,14.14593612141153,0.0
50,14.483224456813208,2.0
51,15.152524959845987,0.0
52,15.152895776720944,4.0
53,15.47748254285383,4.0
54,15.613775971346366,2.0
55,15.889389230019889,3.0
56,16.499782716424278,0.0
57,16.768174419756786,0.0
58,16.986303329848234,0.0
59,18.557515789777323,4.0
60,19.661673050063428,4.0
61,19.96931056305794,0.0
