,time,event
0,0.04140574921856276,3.0
1,0.08382666129409827,2.0
2,0.8463508392964485,0.0
3,0.9954656569566774,3.0
4,2.281362010411963,0.0
5,3.31988471766829,3.0
6,4.416706815942131,4.0
7,6.219449612809908,1.0
8,6.870371203485543,0.0
9,7.371829274825577,0.0
10,7.730012504399726,0.0
11,8.425405353491778,0.0
12,8.86933462833408,0.0
13,9.122151057458698,2.0
14,9.36119851883544,0.0
15,10.134906243608874,2.0
16,11.494890239595586,3.0
17,12.216019727448257,3.0
18,12.687907720426995,2.0
19,12.818814481341487,3.0
20,12.920595640677071,2.0
21,13.365514305156859,2.0
22,14.33978546430829,4.0
23,14.345131683185084,0.0
24,14.509647614841356,3.0
25,14.992589244899397,0.0
26,15.127577438103222,2.0
27,15.419997906748476,2.0
28,15.706202141857112,3.0
29,15.887026284769284,3.0
30,16.09917111012948,0.0
31,16.632797482642864,4.0
32,16.721445656598632,4.0
33,16.95985102379906,2.0
34,17.102590577699015,0.0
35,17.163211400811814,4.0
36,17.199604187709486,1.0
37,18.801178101822057,0.0
38,18.9009947998633,0.0
39,19.186558507904437,0.0
40,19.392135416129705,0.0
41,19.69981998906671,4.0
