,time,event
0,2.0290424693384836,4.0
1,2.4463887938979325,4.0
2,3.014820584411402,4.0
3,3.128723693295952,2.0
4,3.6682340095593684,3.0
5,4.549958246860049,3.0
6,5.734457057441549,4.0
7,5.89537856934763,4.0
8,6.256902820824995,4.0
9,6.879145567170021,4.0
10,6.999884180796271,0.0
11,7.326936198191541,3.0
12,8.470773507929927,4.0
13,8.796691128624463,2.0
14,9.2446504322462,0.0
15,9.707857753768677,0.0
16,10.138085495836684,3.0
17,10.787081030068656,3.0
18,10.994953550433662,2.0
19,11.03013663045191,3.0
20,11.075563396908873,2.0
21,11.174772617855828,2.0
22,11.441098640207713,4.0
23,11.597391536393472,2.0
24,11.69909818971354,2.0
25,11.906459232611889,3.0
26,11.945298098341222,4.0
27,11.971403590980525,2.0
28,12.597391254481012,2.0
29,12.669078123086422,0.0
30,13.340441806274644,0.0
31,13.862357163796096,3.0
32,13.862747215579347,4.0
33,13.930088352305493,3.0
34,14.010859703429574,2.0
35,14.045817632063564,2.0
36,14.638316608328722,1.0
37,14.81285611981931,3.0
38,14.849235470448818,3.0
39,15.02482472641393,4.0
40,15.387850151677005,0.0
41,15.757125158260841,4.0
42,15.913856534463372,3.0
43,16.534698574555357,3.0
44,16.576305526385326,0.0
45,16.809301303764695,3.0
46,17.257355844876578,0.0
47,17.262391892925283,4.0
48,18.149338102644247,0.0
49,18.263173486140445,2.0
50,18.273019692954197,0.0
51,18.34327517021496,0.0
52,18.54215016698424,2.0
53,18.741016172220128,4.0
54,18.91586737156755,3.0
55,19.7606318725077,0.0
56,19.973600734773097,0.0
