,time,event
0,0.5210463695779846,3.0
1,0.5413225142090934,0.0
2,0.6237881658632256,0.0
3,1.1098399309126372,2.0
4,1.243453846416897,4.0
5,1.592008627023587,3.0
6,2.3306477455466035,2.0
7,2.7959972025345836,0.0
8,2.9270867252918227,2.0
9,3.22826505430192,2.0
10,3.329068593758611,0.0
11,3.43072944331438,2.0
12,3.64406361615937,0.0
13,3.7860735748623235,0.0
14,4.100315885208628,2.0
15,4.142220468156673,3.0
16,4.346060486286356,4.0
17,5.5070986682887755,0.0
18,5.707234463216942,4.0
19,6.010548874355624,2.0
20,7.294687920927294,2.0
21,7.427129572591737,0.0
22,7.5466530460313574,3.0
23,7.577977753501735,0.0
24,7.621456349901119,0.0
25,7.920421756899657,3.0
26,9.081736851680283,4.0
27,9.116674328172108,3.0
28,9.76258826745113,4.0
29,11.046661083100988,4.0
30,11.491870146052046,0.0
31,11.912702808142624,0.0
32,12.037569821010221,3.0
33,12.241698480043205,4.0
34,12.248745818248203,3.0
35,12.908475758158525,3.0
36,13.364622958771982,2.0
37,14.388194148576483,2.0
38,15.33704022835868,3.0
39,15.360349106671764,3.0
40,15.46907533926682,3.0
41,15.620755298794577,0.0
42,15.65049926548492,3.0
43,16.252012187811825,0.0
44,16.41473836943423,3.0
45,16.618289526125093,2.0
46,16.685215035202848,0.0
47,17.313369406321453,0.0
48,18.15808173584878,3.0
49,18.285859545342472,2.0
50,18.542226807764187,0.0
51,18.836463559343,3.0
52,19.32914072813964,0.0
53,19.681638467350453,2.0
54,19.790129827407874,4.0
55,19.962974670516505,0.0
