,time,event
0,0.8028343233715102,2.0
1,0.8262387000904631,3.0
2,0.9280689940189663,2.0
3,1.0486497592201958,1.0
4,1.1213626430097836,1.0
5,1.2004309168649305,4.0
6,1.4442096622650538,1.0
7,2.052642629755335,4.0
8,2.2617750621851727,4.0
9,2.6081067216323515,2.0
10,2.6488767991084714,4.0
11,2.9342441046149252,4.0
12,4.202240652833405,4.0
13,4.497426668415919,4.0
14,5.093351824622557,3.0
15,6.005572282075722,4.0
16,7.956975777924169,3.0
17,8.052976853484582,4.0
18,8.083702355863146,4.0
19,8.210298533739946,2.0
20,9.501488423863778,3.0
21,9.651118262123077,3.0
22,10.45835210831552,4.0
23,10.498406813394254,3.0
24,11.599170802129043,4.0
25,11.623409358677293,4.0
26,11.774139644852632,4.0
27,11.833642215831656,4.0
28,12.236396208282775,3.0
29,12.430679373848607,1.0
30,12.476826572090363,4.0
31,13.744416094334795,4.0
32,13.880078298912647,3.0
33,13.97519818148572,1.0
34,14.069347031061579,4.0
35,14.203560911274993,4.0
36,14.213962281404898,1.0
37,14.412322847355885,3.0
38,14.497290092240627,4.0
39,14.574634380915601,1.0
40,14.72640727975145,1.0
41,14.754537603945069,4.0
42,15.94918767193922,1.0
43,16.74579242176636,4.0
44,17.73415328754599,4.0
45,18.075150960150786,1.0
46,18.30854078824078,2.0
47,19.09764605927063,4.0
48,19.161139098924377,1.0
49,19.611000308006542,3.0
