,time,event
0,0.22985568692222502,4.0
1,0.5118775515781029,4.0
2,1.7440713860148895,4.0
3,2.1266889150802712,2.0
4,2.21688139775716,4.0
5,2.348458769657916,3.0
6,2.413989262751674,1.0
7,2.536538764245481,3.0
8,2.610853356571142,1.0
9,3.293854164988981,3.0
10,4.629685040006157,4.0
11,4.714511757353739,3.0
12,5.140422449235155,2.0
13,5.542879314661009,1.0
14,5.949567864699364,4.0
15,6.2141079485136475,1.0
16,6.427321032399716,2.0
17,6.85655206540279,1.0
18,6.9092114292955245,1.0
19,6.951804667182843,1.0
20,7.120985882092394,4.0
21,7.4714981625294925,3.0
22,7.753505405641238,4.0
23,8.216329303854302,4.0
24,8.303424160599514,1.0
25,8.80853527176635,2.0
26,9.019342297370414,4.0
27,9.126561748381448,3.0
28,9.706981836452174,3.0
29,11.119538927847048,4.0
30,11.95961572783206,3.0
31,12.440865466617337,4.0
32,12.516425452401588,1.0
33,12.896220728326348,4.0
34,12.914784474722675,3.0
35,13.193215789372031,3.0
36,13.532923633350613,2.0
37,13.59966742836168,1.0
38,13.776437691596168,4.0
39,14.075057855574745,1.0
40,14.133198807091839,1.0
41,14.381230674193114,1.0
42,14.796912118992145,2.0
43,14.825606174936166,3.0
44,14.876551037579828,2.0
45,15.426385184812075,3.0
46,15.535354101324986,3.0
47,16.37658169504018,1.0
48,16.440706645513426,2.0
49,16.655844900961593,1.0
50,16.87168326151806,1.0
51,16.898724922709402,4.0
52,17.155281949307874,3.0
53,17.29901861828868,1.0
54,17.323583288318765,4.0
55,17.56603949004507,1.0
56,17.591875762679656,3.0
57,17.616573621023488,1.0
58,18.073793176897638,3.0
59,18.477922823736858,4.0
60,18.70852543954986,1.0
61,19.34017400681002,4.0
62,19.56170100873482,3.0
