,time,event
0,0.40035804895314187,4.0
1,0.5309207153421985,4.0
2,0.669563289693944,1.0
3,0.6696784911354771,1.0
4,0.7833825202378069,3.0
5,1.4617123770133045,1.0
6,1.6117279672395295,3.0
7,1.826133983215746,2.0
8,1.8314858852893816,4.0
9,1.989699591038086,2.0
10,2.556395157009338,3.0
11,2.9236365295830815,1.0
12,3.9820138075463634,4.0
13,4.0610523747041745,4.0
14,4.113532221949417,1.0
15,4.135103900802178,4.0
16,4.483482375480137,3.0
17,4.61286684184644,1.0
18,5.163896867690037,3.0
19,5.3541198775863,2.0
20,5.770133245586191,1.0
21,6.618276002086305,2.0
22,6.635294907896777,1.0
23,7.7205883465507075,4.0
24,7.9472576981224865,3.0
25,8.040335435658818,4.0
26,8.081459215565436,1.0
27,8.316976125824437,1.0
28,8.442817768951356,1.0
29,9.871536192640555,4.0
30,10.863371448642242,4.0
31,12.25206861901485,3.0
32,12.352506027729607,2.0
33,12.383682290709173,3.0
34,12.639094441590226,1.0
35,12.959429337657555,4.0
36,13.018478366801066,1.0
37,13.596936494951896,3.0
38,13.869155066973084,1.0
39,13.922215246869225,1.0
40,13.981128735134847,3.0
41,14.164783265363084,4.0
42,14.472685920332465,4.0
43,15.79674089598397,1.0
44,15.913021085626584,4.0
45,16.13283323104741,4.0
46,16.29994437930805,1.0
47,17.02948968438622,2.0
48,17.46407408641824,3.0
49,17.66655583642195,2.0
50,17.70533581858831,4.0
51,17.912116563771672,4.0
52,18.446364327063616,4.0
53,18.604489931426052,3.0
54,18.692907632989794,4.0
55,18.77948728618055,4.0
56,19.721606268322716,1.0
