,time,event
0,0.07318845739691346,3.0
1,0.3417076963351301,4.0
2,0.39392642699493546,4.0
3,1.211923405289046,4.0
4,1.6989600414817108,4.0
5,2.4690821989408533,1.0
6,3.34037367585394,3.0
7,3.371925066670182,4.0
8,3.9696396093299238,1.0
9,4.33445448943076,2.0
10,4.9144941696524,2.0
11,5.859342329202439,1.0
12,6.2921319613221485,1.0
13,7.624392315620048,1.0
14,7.975190956532012,4.0
15,8.132510532421529,1.0
16,8.45743807072497,3.0
17,8.54159463512955,3.0
18,8.606342323858655,4.0
19,9.207634578692216,3.0
20,9.836032769036654,4.0
21,10.496947299569051,4.0
22,10.812630079662606,2.0
23,10.934577246926146,1.0
24,11.304348868334015,2.0
25,11.318320031073046,1.0
26,11.654189672572937,1.0
27,12.123380042404488,4.0
28,12.295378086496298,1.0
29,13.11540399847569,1.0
30,13.195814556536481,4.0
31,14.131462802899764,1.0
32,14.802661804269514,1.0
33,15.350197183487577,1.0
34,16.169720994753817,1.0
35,16.285878170282086,4.0
36,16.40780812993541,4.0
37,16.655120026105532,3.0
38,17.056464710797336,4.0
39,17.064532998654553,1.0
40,17.30641349606705,1.0
41,17.672852693453866,4.0
42,18.374986681431718,1.0
43,18.909476721525355,4.0
44,19.401173007391904,4.0
