,time,event
0,0.12492135747634647,3.0
1,0.3872579862817982,0.0
2,0.48716219739972444,1.0
3,0.9782350414103732,0.0
4,2.18929291130058,2.0
5,2.608203739972539,3.0
6,2.7773288214661886,3.0
7,3.1683860615538015,0.0
8,3.9176914320550913,2.0
9,4.33766789178658,3.0
10,4.705849984178581,4.0
11,4.836637748536091,0.0
12,4.940348182690891,2.0
13,5.58136976425406,0.0
14,6.269616937022123,3.0
15,6.73701201501117,0.0
16,6.78619010848484,0.0
17,6.8800427403452415,2.0
18,7.030597001441531,2.0
19,7.337160928656917,3.0
20,7.895605881170544,3.0
21,7.947140379492402,0.0
22,8.624354196600024,0.0
23,8.807415689570293,2.0
24,9.012599321253578,2.0
25,9.960816438666608,2.0
26,9.96350155990854,0.0
27,10.6502358492079,0.0
28,10.813048134318686,0.0
29,11.291794823716089,4.0
30,11.580040651071863,0.0
31,12.711581386306303,2.0
32,13.859289560001125,0.0
33,14.29512869346822,2.0
34,14.541910450322778,0.0
35,15.430502272371937,0.0
36,15.690619359315598,2.0
37,15.969163486282143,2.0
38,17.78847068059615,0.0
39,18.24544243076457,0.0
40,18.457016074418853,3.0
41,18.713986800996842,4.0
42,18.859724729717442,0.0
43,19.371976452281665,4.0
44,19.61813460739449,3.0
45,19.759009496355443,2.0
