,time,event
0,0.13870500587203002,4.0
1,0.5895226178592525,4.0
2,0.6972865497242943,0.0
3,0.7149829134494621,4.0
4,1.0793820378036718,1.0
5,1.454550773532406,2.0
6,1.5003019866339875,0.0
7,2.332911515557678,0.0
8,2.60363091889909,0.0
9,3.2069764053922922,0.0
10,3.2526439346661307,0.0
11,4.074330628135034,3.0
12,4.086330288215053,4.0
13,4.243747927109188,1.0
14,5.237362883876495,3.0
15,5.350773013681941,1.0
16,6.102755529843228,0.0
17,6.172168144518542,4.0
18,6.436977548931226,3.0
19,6.536732621962863,3.0
20,6.771038739487832,1.0
21,7.033804562905305,3.0
22,7.142282411991723,0.0
23,8.118020857143696,0.0
24,8.142160785655005,0.0
25,8.571756774583019,1.0
26,8.652376400413038,0.0
27,9.34023261352102,0.0
28,9.386221142019595,4.0
29,9.995219169402489,4.0
30,10.243666026627817,3.0
31,10.520049300234843,4.0
32,10.599365305217999,1.0
33,11.051614884605975,0.0
34,11.174655558320488,1.0
35,11.325112034869669,0.0
36,11.517013658181988,4.0
37,11.580964168320305,4.0
38,11.589224633920319,0.0
39,12.450238761066894,4.0
40,12.578696077042515,0.0
41,12.733778166697919,0.0
42,13.018526855624154,4.0
43,13.380459027868007,3.0
44,14.0846847170156,1.0
45,14.104710233441404,4.0
46,14.864262101024313,0.0
47,15.128321144783722,4.0
48,15.667201075092303,0.0
49,16.084036432033084,3.0
50,16.554234990955724,0.0
51,17.39784474931971,4.0
52,17.638195622319795,4.0
53,17.845926977080644,3.0
54,17.85105085507044,3.0
55,18.289975027550994,1.0
56,19.209694063176745,2.0
57,19.236590767575006,1.0
58,19.267287556843176,2.0
59,19.377126801795455,4.0
60,19.39815730424087,3.0
61,19.582746718450988,1.0
62,19.99424958143322,1.0
