,time,event
0,0.4248427061894076,4.0
1,0.43671337022216494,1.0
2,1.856606958112855,1.0
3,1.8701405521173522,4.0
4,2.21510652288683,0.0
5,2.5958017516118628,4.0
6,2.635489686037873,0.0
7,2.665480040931407,4.0
8,2.680554898229215,0.0
9,2.8388343134058793,4.0
10,3.1484560506468173,2.0
11,3.57720723429068,4.0
12,4.6327133111906065,2.0
13,4.698897381367903,0.0
14,5.181065740016213,0.0
15,5.556837649535174,0.0
16,5.580487072816512,0.0
17,5.663238822444479,0.0
18,5.75754658256692,2.0
19,6.53778798563847,0.0
20,6.60712485773702,0.0
21,8.951674826489247,0.0
22,9.315002824058343,2.0
23,10.529058772672835,1.0
24,10.681285988542552,0.0
25,11.160452835002825,0.0
26,11.634616310761768,4.0
27,11.669538663866339,2.0
28,12.291050119785305,1.0
29,12.919630182349206,1.0
30,13.015796648411882,0.0
31,13.247057643819392,0.0
32,13.251066945607855,2.0
33,13.692027590989683,3.0
34,13.748179966726504,4.0
35,13.919167315435438,0.0
36,14.113665085327478,1.0
37,14.807353625984307,2.0
38,14.842936420948273,0.0
39,15.232336493378954,4.0
40,16.29599494815042,1.0
41,16.3905977075743,1.0
42,16.65624920370364,4.0
43,16.665673886085745,4.0
44,16.92194811060882,0.0
45,16.99549653101345,1.0
46,17.04659418164889,1.0
47,17.32645599712755,4.0
48,17.376921490725532,4.0
49,18.06741847938237,1.0
50,18.12905015070722,1.0
51,18.320787526528974,4.0
52,18.67429427639999,4.0
53,18.919763849807975,4.0
54,19.116700369873485,1.0
55,19.234765507972735,1.0
