,time,event
0,0.21312345758507353,3.0
1,0.4054051728100221,2.0
2,0.5364174016801075,4.0
3,1.0009475184051573,3.0
4,1.0567091480697408,4.0
5,1.427538948111329,0.0
6,1.4653168516414414,4.0
7,1.5617124245310448,3.0
8,1.7827352380812236,4.0
9,2.4071289921635257,4.0
10,2.4991067985704754,4.0
11,2.7923631589945392,2.0
12,3.3681894181912195,0.0
13,3.832148683068007,2.0
14,3.854610507416087,4.0
15,3.9988388062152183,0.0
16,4.538267083904725,2.0
17,4.743969371929019,3.0
18,5.124038395334709,1.0
19,5.961856274655683,4.0
20,6.007012078345082,0.0
21,6.371808387688453,4.0
22,6.389665465919737,1.0
23,6.6233031817518775,2.0
24,6.6891019749915195,1.0
25,6.96853013000548,3.0
26,7.41767184347148,4.0
27,7.480478565581317,4.0
28,7.570757417045083,1.0
29,7.580330681717278,4.0
30,7.874986202774702,3.0
31,7.901638219327351,4.0
32,8.173398661713042,4.0
33,8.182896711797914,1.0
34,8.547714686966385,1.0
35,8.596796860191363,4.0
36,8.700665587824226,1.0
37,8.726907883575452,4.0
38,8.968366795821199,3.0
39,9.244387187980978,0.0
40,9.458389032165687,4.0
41,9.471375374365218,1.0
42,9.67756662717505,1.0
43,10.206874162282935,4.0
44,10.44308933055584,1.0
45,10.675116348119802,4.0
46,10.704091948219205,2.0
47,11.048995941696157,0.0
48,11.677226631595937,0.0
49,11.72242271895203,3.0
50,12.045578842489222,0.0
51,12.104246462062486,1.0
52,12.244683117543314,0.0
53,12.257442961518006,0.0
54,13.00738626419442,2.0
55,13.168964814855459,1.0
56,13.192261760613448,4.0
57,13.543164291590054,0.0
58,13.760636028565967,4.0
59,14.981994012398655,0.0
60,15.074805035867321,0.0
61,15.946803955564384,1.0
62,16.68092406144108,1.0
63,17.401183487467154,1.0
64,17.44365906830286,4.0
65,18.130720392026703,3.0
66,18.267072511254998,3.0
67,18.38690225417134,4.0
68,18.791756539672967,4.0
69,19.21841988546076,0.0
70,19.239184832160024,0.0
71,19.349453032204988,3.0
72,19.74360262767216,2.0
73,19.802355012303813,4.0
