,time,event
0,0.054140021831690366,0.0
1,0.7808241220973973,1.0
2,1.1199012170343376,0.0
3,2.017463302677904,2.0
4,2.5084958546062763,4.0
5,3.4209470569427047,0.0
6,5.007379597126606,1.0
7,5.225902958591879,1.0
8,5.416694434557087,1.0
9,5.697610418253966,1.0
10,5.926834399255401,2.0
11,5.932865293179649,1.0
12,6.040722172685457,0.0
13,6.19293342172319,1.0
14,6.309063778468133,1.0
15,6.313177729603006,4.0
16,6.347238730445651,0.0
17,6.420684353496981,1.0
18,6.556595734409205,4.0
19,6.67358001851276,1.0
20,6.90430695130706,1.0
21,7.009855162266033,1.0
22,7.5363926358204845,4.0
23,7.549733514453987,0.0
24,7.950867923350495,4.0
25,8.458882758819366,4.0
26,8.803651187121476,3.0
27,8.89307146496012,4.0
28,8.996139592930136,0.0
29,10.034222660524295,4.0
30,11.181430444402853,1.0
31,11.318562946375383,0.0
32,11.420895995262066,2.0
33,11.622389257092218,1.0
34,11.68423078778778,4.0
35,11.736819280213695,0.0
36,11.84659757897831,0.0
37,12.216497922119816,4.0
38,13.012846452052868,1.0
39,13.043492325482438,0.0
40,13.251356198594124,1.0
41,13.289598810036654,4.0
42,13.384063245415648,1.0
43,13.611249571155728,0.0
44,14.128138610188884,0.0
45,14.515160322433541,3.0
46,14.64089800407321,1.0
47,14.683931533992725,1.0
48,15.057983037851983,0.0
49,15.558502403971652,0.0
50,15.583911455378676,4.0
51,16.083487504167827,1.0
52,17.307310343157425,3.0
53,17.89964606061359,0.0
54,18.249785941683182,2.0
55,18.35595292175038,0.0
56,18.807620825270593,1.0
57,19.209625251608962,1.0
58,19.824954729567406,0.0
