,time,event
0,0.0737174227361423,4.0
1,0.19286425634458787,0.0
2,0.3093016086221904,4.0
3,0.38977220880923125,2.0
4,0.5873354250575937,4.0
5,0.702000426639301,1.0
6,0.9597787527653419,4.0
7,1.0579963110330488,0.0
8,1.084265746889868,1.0
9,1.7045831131556635,3.0
10,2.4193193422480537,0.0
11,2.9212144393243014,4.0
12,3.2567353708824585,1.0
13,3.6209738147127686,2.0
14,3.652829338024281,4.0
15,3.9801384384601217,4.0
16,4.572022632329654,0.0
17,4.914431583952414,1.0
18,5.139865189509626,0.0
19,5.461212788972622,0.0
20,5.482444260048988,0.0
21,6.450661681045763,1.0
22,6.669460818190129,4.0
23,6.842316388961026,4.0
24,6.954447881181819,1.0
25,7.187880404290667,4.0
26,7.246229470459393,0.0
27,7.252240248922339,1.0
28,7.324651543935451,4.0
29,7.547592104973696,0.0
30,8.201110955868417,0.0
31,9.218721352603824,3.0
32,9.572439955225637,0.0
33,9.58659371994601,3.0
34,9.886190363749941,4.0
35,9.900554051723882,2.0
36,9.995796976097067,3.0
37,10.220960487968549,4.0
38,10.784538607672612,3.0
39,10.978811697418015,3.0
40,11.229438069818729,2.0
41,11.233151839624782,4.0
42,11.377054839944437,0.0
43,11.763393309697966,4.0
44,11.93651959585721,2.0
45,12.317062009826117,4.0
46,12.572623185528313,1.0
47,13.683325998412615,0.0
48,13.798735226699844,1.0
49,13.880139358018635,3.0
50,13.941815636351086,4.0
51,14.511586742129722,4.0
52,14.853514831892648,4.0
53,15.550321606699507,4.0
54,15.641913124444484,0.0
55,16.043298253661398,4.0
56,16.078005075618005,4.0
57,16.154635688575894,4.0
58,16.247118873607906,1.0
59,16.94484540519426,0.0
60,17.089062871413773,1.0
61,17.47999303026807,2.0
62,17.79170552524221,4.0
63,18.247782735902693,1.0
64,18.735412187229713,2.0
65,19.041028173090613,4.0
66,19.246700632320955,4.0
67,19.31322834783295,3.0
68,19.45318156083375,1.0
69,19.512829642508052,4.0
