,time,event
0,0.4103102589992687,0.0
1,0.8816569075075819,2.0
2,1.163431379003545,4.0
3,1.2174940998490433,2.0
4,1.573802422138586,0.0
5,2.0844453936960243,3.0
6,2.2938723430684256,4.0
7,3.140537409537446,2.0
8,3.593533813533522,3.0
9,3.6400397656454273,4.0
10,3.8161259715379616,1.0
11,3.8511901342330983,0.0
12,3.860542376593647,2.0
13,4.2177209100175945,1.0
14,4.543442034749562,4.0
15,5.113187166873932,2.0
16,5.2802341241066095,4.0
17,5.588545240865499,0.0
18,5.781929924884147,1.0
19,6.026735481369208,3.0
20,6.116795266386162,0.0
21,6.1218468251720495,0.0
22,6.457687907965608,2.0
23,6.581525118603694,2.0
24,7.077687016441286,3.0
25,7.84782529030084,4.0
26,7.92163322107776,0.0
27,8.399904455057609,1.0
28,8.561799674725664,2.0
29,9.54528150442028,0.0
30,9.622928936994693,2.0
31,9.800682453212074,2.0
32,10.812074380589696,1.0
33,12.28056835903044,4.0
34,13.441859610267171,1.0
35,13.543905282822548,0.0
36,13.957557532152489,0.0
37,14.417396139594894,1.0
38,14.506974852068211,0.0
39,14.539903987063154,2.0
40,14.652959122687037,0.0
41,14.805114173427008,0.0
42,15.444100812287253,4.0
43,15.591293949732403,4.0
44,15.758274100388192,2.0
45,16.033867371646533,4.0
46,16.06828124767876,0.0
47,16.10070662325161,0.0
48,16.56277555820477,2.0
49,16.603499767008667,4.0
50,16.87881601728775,4.0
51,17.821843473936326,4.0
52,18.200206561197533,2.0
53,18.258632556892092,0.0
54,18.51107498215995,4.0
55,19.200714764703733,1.0
56,19.323388415640775,2.0
57,19.821597291760547,2.0
