,time,event
0,0.003609216294806713,4.0
1,0.20593768436068402,4.0
2,0.27204222170443093,4.0
3,0.7509407394349923,2.0
4,0.9478048189133903,0.0
5,0.9545533181018537,2.0
6,1.2939616731125436,0.0
7,1.324096862613074,1.0
8,2.861991027565675,0.0
9,2.9763822089280123,3.0
10,3.003215996640614,1.0
11,3.773084021387863,3.0
12,3.9755248745561436,1.0
13,4.309682091295816,0.0
14,5.103386919538868,1.0
15,5.4167906620448445,0.0
16,5.550441146004616,4.0
17,5.992506771839881,0.0
18,6.027925620810188,2.0
19,6.752391757050778,4.0
20,7.739926457394887,0.0
21,8.130439257541946,4.0
22,8.369190333789904,1.0
23,8.408345062039821,4.0
24,8.457966641171772,0.0
25,8.461619582377521,0.0
26,8.666949148256291,1.0
27,8.672078563921724,1.0
28,8.85073729372902,4.0
29,9.109481774074572,4.0
30,9.898681664371237,0.0
31,10.446991930114905,2.0
32,10.784937093868063,1.0
33,10.957377705428256,4.0
34,11.210580283470827,1.0
35,11.300941911731337,4.0
36,11.52673404578703,3.0
37,11.528080589893408,1.0
38,11.995640736210063,4.0
39,12.097021804881036,0.0
40,12.505312562964823,2.0
41,12.548205288926445,4.0
42,12.70934540151497,1.0
43,12.907842746250685,0.0
44,13.051353162990631,4.0
45,13.27205225846448,4.0
46,14.182951705246122,1.0
47,15.095632305533181,1.0
48,15.480076882400635,0.0
49,15.516613938513336,1.0
50,15.520391590342692,4.0
51,15.538462518681847,0.0
52,15.65878060561255,4.0
53,16.120931106084228,1.0
54,18.748982181489538,1.0
55,19.091631206344104,0.0
56,19.348122380835914,4.0
57,19.75737164439873,0.0
