,time,event
0,0.19246700138062797,0.0
1,0.4874965269856141,1.0
2,1.1895233843702928,3.0
3,1.9392076254359405,2.0
4,2.1406935254000268,0.0
5,2.3917084933428177,4.0
6,2.505760085743522,1.0
7,2.6853539169620575,2.0
8,2.808581505493592,0.0
9,3.0205522272268834,4.0
10,3.3227597844254357,0.0
11,4.238128903857801,0.0
12,4.292496319962005,1.0
13,4.332240840054119,0.0
14,4.4078274747224135,4.0
15,4.6124850749179265,0.0
16,5.029692057902416,2.0
17,5.081303028336019,3.0
18,5.161817160766675,3.0
19,5.208432495796427,4.0
20,5.318936859328524,0.0
21,5.67906909541875,1.0
22,5.68624132454624,3.0
23,5.865243418008552,2.0
24,6.0493896188176715,3.0
25,6.517802324935298,4.0
26,7.278487333384496,4.0
27,7.529762115326534,1.0
28,7.58283401420168,1.0
29,7.675075895342758,2.0
30,8.585553454926051,0.0
31,9.343500578024525,4.0
32,10.14034631835502,1.0
33,10.199270077261948,3.0
34,10.41613820216475,4.0
35,10.628618836971707,0.0
36,10.735556899919548,1.0
37,10.850525965371359,0.0
38,10.912302925782654,0.0
39,11.07423486852488,4.0
40,11.22024820451067,1.0
41,11.614122491110104,1.0
42,12.449393531601368,4.0
43,12.541494929385696,4.0
44,13.065347938325639,4.0
45,13.07769039496246,1.0
46,13.246660669416807,3.0
47,13.48637404986561,1.0
48,13.55169800945499,0.0
49,14.50253020206969,4.0
50,14.533808498672977,2.0
51,15.499655482100106,0.0
52,15.634470377456148,0.0
53,15.997023336480234,4.0
54,16.151888281124304,3.0
55,16.27589782439808,3.0
56,16.778230137881486,4.0
57,17.256560388498812,0.0
58,17.438689063182515,0.0
59,17.922736772359944,0.0
60,18.10840368140938,4.0
61,18.74235341818495,4.0
62,18.743709692845343,0.0
63,19.163273476973508,1.0
64,19.16668903335783,0.0
65,19.174557384449866,3.0
66,19.295316034260612,0.0
67,19.435007804375253,0.0
68,19.813395641989246,1.0
69,19.824002573010823,2.0
