,time,event
0,0.07245460693163117,0.0
1,0.6671955100874838,2.0
2,1.0418411747191922,0.0
3,1.0534008391301632,2.0
4,1.0659436493889474,4.0
5,1.1521440193025365,2.0
6,1.2598873316985781,1.0
7,1.3390146956161242,1.0
8,1.3760967386581477,0.0
9,1.5839235997259236,4.0
10,1.668677413614716,0.0
11,1.7572655039617595,3.0
12,2.133098998912289,4.0
13,2.5626422856678204,4.0
14,3.4129852028263445,1.0
15,3.5703105880396575,4.0
16,3.6805659602648406,4.0
17,3.885394527146138,1.0
18,4.215255495767714,3.0
19,4.4265237387876315,0.0
20,5.452029026095158,2.0
21,6.451699924687244,0.0
22,6.729477593098298,0.0
23,6.766428053484,0.0
24,6.913656035264031,1.0
25,6.972606997011041,2.0
26,7.606006242306039,0.0
27,7.843607129660074,4.0
28,8.593662887529769,0.0
29,8.948759121924908,0.0
30,9.197979784160994,3.0
31,9.425247878533277,1.0
32,9.553139464448043,0.0
33,9.630797758642306,2.0
34,10.0351190538777,0.0
35,10.083533578802365,3.0
36,10.10676018912699,2.0
37,10.220645376078453,2.0
38,10.330745811647635,0.0
39,11.411365836434708,1.0
40,11.744548591206945,0.0
41,11.759005547091034,0.0
42,11.939266833635724,4.0
43,11.966118877284677,1.0
44,12.250874822961922,4.0
45,12.85478914463498,4.0
46,13.501766776530854,3.0
47,13.523787011646087,3.0
48,13.597098337874765,0.0
49,13.6644547569925,4.0
50,13.865219111351022,4.0
51,14.068586798900375,4.0
52,14.339594459414725,4.0
53,14.853014410740908,2.0
54,15.525070451971247,1.0
55,15.867240314166594,1.0
56,15.92404662441273,0.0
57,15.951001366673983,1.0
58,16.378242548213667,2.0
59,16.468953328310675,4.0
60,16.736187182007345,4.0
61,16.86176134530218,0.0
62,17.247471077251433,4.0
63,17.425839138187524,0.0
64,17.554426612358164,2.0
65,17.700723849871622,0.0
66,17.837382427482105,2.0
67,18.355209658324796,2.0
68,19.293901242039215,2.0
69,19.314516199376676,2.0
70,19.552411805099215,0.0
