,time,event
0,0.5098119629245358,4.0
1,0.5261246891257052,1.0
2,1.1867265529436684,4.0
3,1.6771429060701908,2.0
4,1.9866250438589799,0.0
5,2.022532298858846,1.0
6,2.0646758922499173,0.0
7,2.1099502128969365,0.0
8,2.173221968028326,4.0
9,2.4142071323324856,1.0
10,2.429641906046805,2.0
11,2.5858585391944486,1.0
12,2.67670990141785,0.0
13,3.13231818933907,2.0
14,3.427291023013985,0.0
15,3.7491431715305934,1.0
16,4.094555727875033,1.0
17,4.204930067359255,2.0
18,4.287775308601173,2.0
19,5.075841108386126,4.0
20,5.68241317746697,2.0
21,6.063746499924083,2.0
22,6.563983208182894,0.0
23,6.836236895737093,3.0
24,6.910863379619459,0.0
25,7.404559938536441,3.0
26,7.46330571537353,2.0
27,7.526470354985226,0.0
28,7.541779593454616,2.0
29,7.695660737119821,4.0
30,7.753857186472538,0.0
31,8.321893784100835,2.0
32,9.206863084011928,2.0
33,9.227362936517094,1.0
34,9.427218815108795,1.0
35,9.940062545233722,4.0
36,10.019065868134687,4.0
37,10.219181497870736,2.0
38,10.414272808517625,2.0
39,10.56548721134379,4.0
40,11.016729426028071,4.0
41,11.140050881624406,2.0
42,11.176197962213491,1.0
43,12.338242468945566,0.0
44,12.72629834877226,0.0
45,13.143593629631349,2.0
46,13.502165338351324,0.0
47,13.846220844462957,1.0
48,13.961336622222694,3.0
49,14.05882656724607,4.0
50,14.305017781153328,1.0
51,15.498763584393794,3.0
52,15.576752133495614,0.0
53,15.742783643523259,0.0
54,15.872730842181687,0.0
55,16.065086774998235,0.0
56,16.305905393122277,0.0
57,17.13696515463249,0.0
58,17.213061658957283,3.0
59,17.466523421961924,2.0
60,17.858421635926124,4.0
61,17.889462168472765,1.0
62,18.009980600620285,3.0
63,18.425716238380343,0.0
64,19.296861289061514,2.0
65,19.40310918088566,2.0
66,19.533984769232728,4.0
67,19.628729795161174,2.0
68,19.9102549836915,2.0
