,time,event
0,0.10790136854989821,3.0
1,0.23958001734807294,0.0
2,0.6504311109087089,0.0
3,0.8388042426390296,0.0
4,0.8844028838106593,2.0
5,1.3796957956758318,2.0
6,1.431009951170903,3.0
7,2.324367186446341,0.0
8,3.24577553254967,2.0
9,3.3159304055132446,1.0
10,3.595323873663432,0.0
11,3.6482386754687757,2.0
12,3.715318036872663,3.0
13,3.9793324772189065,1.0
14,4.192930131971162,2.0
15,4.6411095409123755,4.0
16,4.937678229485285,0.0
17,5.287688197228454,2.0
18,5.323695816521602,4.0
19,5.360228512294533,2.0
20,5.597811570668025,4.0
21,5.684708532899601,0.0
22,5.853533312942423,0.0
23,6.329975593462504,4.0
24,6.979156616143631,0.0
25,7.811194215135169,0.0
26,7.967206148226461,4.0
27,8.209749091768623,2.0
28,8.308745162184316,2.0
29,8.384523293980752,0.0
30,8.428475307083394,2.0
31,8.511062885543803,4.0
32,8.764510990702634,2.0
33,8.837639080962507,2.0
34,9.342531753818106,1.0
35,9.346207205601756,2.0
36,9.605602164550206,1.0
37,9.70432431825102,3.0
38,10.232279770229031,0.0
39,10.352268281028095,0.0
40,10.395468495189839,4.0
41,11.050487760028536,4.0
42,11.100852098979773,0.0
43,11.187323876166255,0.0
44,12.077749210112842,0.0
45,12.401287864360356,0.0
46,12.488020991351542,4.0
47,12.60731975882536,0.0
48,12.671332996066285,0.0
49,12.694108639748213,4.0
50,12.780559676498434,3.0
51,13.138346090531073,1.0
52,13.29204889993888,4.0
53,13.644579941566649,4.0
54,13.997565555821115,1.0
55,14.126602084063057,1.0
56,14.293188511121079,1.0
57,14.332482837209485,3.0
58,14.390412297965884,2.0
59,14.597399731459143,4.0
60,14.88674061778098,3.0
61,15.297144091182977,0.0
62,15.351200224469515,2.0
63,15.361806974914314,0.0
64,15.44125739304444,1.0
65,15.827673187125015,4.0
66,15.958940849552024,1.0
67,16.075527612515163,2.0
68,16.27828615071564,2.0
69,16.472100631435378,1.0
70,17.496413156695404,0.0
71,17.715048902675434,2.0
72,18.174919798235848,4.0
73,18.423092296918302,1.0
74,18.429791585078846,1.0
75,18.739117543372057,0.0
76,18.877619297250384,0.0
