,time,event
0,0.6623085374534431,4.0
1,0.7533696787573675,2.0
2,0.7867887534940751,3.0
3,0.9435494627639932,2.0
4,1.2003965268112797,2.0
5,1.2445199977607178,4.0
6,1.6691842032165463,1.0
7,1.7349799030932118,0.0
8,2.446879025964654,0.0
9,3.096324170140294,2.0
10,4.271661592128119,0.0
11,4.396748229305465,0.0
12,4.589034512829128,3.0
13,5.2743980081577275,4.0
14,5.338140923580413,2.0
15,6.048357804840583,2.0
16,6.668281360857169,2.0
17,7.432204236900747,3.0
18,7.571997837296561,4.0
19,7.677865086103208,2.0
20,8.357341638149654,1.0
21,8.555205922591343,3.0
22,8.735263975596114,0.0
23,9.013500739446622,3.0
24,9.156654123513642,0.0
25,9.207847698316106,2.0
26,9.737008277633677,0.0
27,10.011984309575684,4.0
28,10.3730961044774,1.0
29,10.868527273172996,4.0
30,11.264488410643207,4.0
31,11.313643910479126,1.0
32,11.508993671398882,4.0
33,11.819490112440045,3.0
34,11.9729334852065,1.0
35,12.31779237440424,2.0
36,12.434318007559373,2.0
37,12.50094126589531,0.0
38,12.639093227132049,3.0
39,12.649643724768355,2.0
40,12.804197398476786,4.0
41,13.177145883944995,0.0
42,13.301646168673212,0.0
43,13.477480946065423,2.0
44,13.623077248358772,0.0
45,14.342453443120123,4.0
46,14.513036645483409,1.0
47,14.595211031375994,3.0
48,14.779619309328215,2.0
49,14.798241441129955,2.0
50,15.018443135632685,0.0
51,15.07256244802847,3.0
52,15.251252148042665,3.0
53,15.284941440521202,1.0
54,16.00195344742243,3.0
55,16.577700729105143,2.0
56,16.782398551888647,4.0
57,16.910313523928462,4.0
58,17.126314990651547,2.0
59,17.364508228377808,0.0
60,17.827594879771095,2.0
61,18.05394511069927,3.0
62,18.191597467603838,0.0
63,18.30772050341839,4.0
64,19.02412333789221,4.0
65,19.308627754586073,4.0
66,19.487255138682606,4.0
67,19.58226857096233,2.0
68,19.819762347787215,0.0
69,19.950079834752145,2.0
