,time,event
0,0.3011264578376211,0.0
1,0.40495453926610914,1.0
2,0.5899654323947229,3.0
3,1.1174953159593448,3.0
4,1.375653072700342,2.0
5,1.607659824619018,3.0
6,1.6977047090500315,0.0
7,2.182551195837208,3.0
8,2.5330324775649182,3.0
9,2.8575560243283826,2.0
10,2.9016541838280316,2.0
11,3.387301341259363,0.0
12,3.795766347035646,4.0
13,4.25708494103471,0.0
14,4.358296007159584,4.0
15,4.8276126671421995,2.0
16,5.013663959888322,2.0
17,5.095265875857819,0.0
18,5.130989972004612,1.0
19,5.7697628854060445,0.0
20,6.123240054180249,2.0
21,7.104856168818528,3.0
22,7.194687583049697,0.0
23,7.511084767740809,2.0
24,7.681374285135918,2.0
25,8.223368409310645,2.0
26,8.240566220676515,2.0
27,8.344457873241408,0.0
28,8.34846720524243,4.0
29,8.546606167015252,3.0
30,8.563486081917516,3.0
31,9.055917131367885,4.0
32,9.0940927424125,0.0
33,9.830763232780667,3.0
34,10.626051859635417,2.0
35,10.72994369166099,3.0
36,10.971795248763174,2.0
37,11.17585890456801,3.0
38,11.282691936716052,0.0
39,11.41484320782233,2.0
40,11.465882915614182,0.0
41,11.826249507773698,4.0
42,11.858612145575297,2.0
43,11.888591077260461,4.0
44,12.05172801885383,2.0
45,12.328240398627218,4.0
46,12.634887499980236,4.0
47,13.72761659348224,1.0
48,14.211786174638823,2.0
49,14.213089331105994,2.0
50,14.422309505063682,1.0
51,14.60766483503883,3.0
52,14.806664267113334,2.0
53,15.32594537815925,3.0
54,15.529171540700592,3.0
55,15.530920755324145,2.0
56,15.9591608917889,4.0
57,16.23434233805315,0.0
58,16.322779474784603,0.0
59,16.6072862800283,3.0
60,16.618470418317653,3.0
61,17.26953244033315,2.0
62,17.305972444386327,4.0
63,17.786725491443065,3.0
64,18.830598827257514,0.0
65,19.395344987180447,2.0
66,19.766343951577817,2.0
67,19.857319240608778,2.0
