,time,event
0,0.4423794299799997,2.0
1,0.6728033297743139,1.0
2,0.7074350360551622,1.0
3,1.0533811094685528,0.0
4,1.1810232460403527,0.0
5,1.5317873238482405,0.0
6,2.6168301449570968,1.0
7,3.7233972252444243,2.0
8,3.744626239764036,1.0
9,3.935302299508304,2.0
10,4.623176882465507,4.0
11,4.8085974689253375,4.0
12,5.160853337436352,3.0
13,5.162936657982354,2.0
14,5.280790739853244,0.0
15,5.481183916185235,2.0
16,5.692100832445842,4.0
17,5.874491707510496,4.0
18,5.8760331358724,2.0
19,5.950604672170661,0.0
20,6.102424887965339,2.0
21,6.466081099017525,3.0
22,6.804353777364671,3.0
23,7.419509472317192,3.0
24,7.72718192586304,0.0
25,7.756511177257695,0.0
26,8.040442140645466,0.0
27,8.081889895767105,0.0
28,8.356461226017078,2.0
29,8.531796379258397,0.0
30,9.304542522210786,0.0
31,9.428412240193405,0.0
32,9.7634199650755,0.0
33,10.157650904736082,0.0
34,10.363257504587471,2.0
35,10.488609339386645,0.0
36,10.493746100303866,2.0
37,11.101232521362986,4.0
38,11.686936381991524,4.0
39,11.855637589330584,0.0
40,11.902250598969278,4.0
41,12.15450444032159,0.0
42,12.22296241311284,2.0
43,12.29257104447681,0.0
44,12.538477488651486,3.0
45,13.353293620852076,4.0
46,13.455161299933478,4.0
47,14.134775300124677,3.0
48,14.914745395883521,4.0
49,14.975889303368676,1.0
50,15.020534330711284,4.0
51,15.050179031272584,4.0
52,15.310133776494643,2.0
53,15.609363932401289,4.0
54,16.427232843841065,3.0
55,17.178903735950346,2.0
56,17.412192814675933,2.0
57,17.693375513729347,1.0
58,18.91324595450899,3.0
59,19.932003085589518,4.0
60,19.976367531347186,4.0
