,time,event
0,0.26590645936942975,0.0
1,0.9258831956011315,4.0
2,1.1004231502676431,3.0
3,1.3265149983772586,0.0
4,1.587091773488501,4.0
5,1.7339176779919274,1.0
6,2.044586809689732,0.0
7,2.1114758895266763,4.0
8,2.816188000149984,0.0
9,3.722527365451347,1.0
10,4.942785775931819,0.0
11,5.4267224724466745,4.0
12,5.429727896445886,0.0
13,5.90153861941968,4.0
14,7.087923948971306,1.0
15,7.139596600696937,1.0
16,7.354345235692206,0.0
17,7.872697938723584,0.0
18,8.594204406640976,4.0
19,9.215754396410158,1.0
20,9.652139530880506,4.0
21,9.723850734407769,4.0
22,9.803942702944823,1.0
23,10.265170978740857,1.0
24,10.511383625675677,0.0
25,11.074724966121739,1.0
26,11.393925308628425,1.0
27,11.72657252552595,3.0
28,11.833255385140069,4.0
29,13.213757924515926,4.0
30,13.549148381290653,0.0
31,14.206724346037662,0.0
32,14.347402889881407,1.0
33,14.412384264874644,1.0
34,14.425421388132133,3.0
35,15.132954464086787,0.0
36,15.484613430574365,1.0
37,15.661789233891506,0.0
38,15.71907268895701,0.0
39,15.763279262641854,3.0
40,16.251537199036342,4.0
41,16.322855569591518,4.0
42,16.446960294402544,0.0
43,17.11606155262598,1.0
44,17.416045257991772,4.0
45,18.714735838907313,3.0
46,18.77405625930551,1.0
