,time,event
0,0.12710581579617009,1.0
1,0.2678405300061354,0.0
2,0.5344537871730507,3.0
3,0.5837075913878527,0.0
4,0.7756105742981488,0.0
5,0.8707979141963423,0.0
6,1.4468541288028125,0.0
7,1.5030249976878947,4.0
8,2.211216858942791,1.0
9,3.002637396460087,2.0
10,3.1873624463146797,4.0
11,3.6946267437186227,4.0
12,3.9592787848772715,4.0
13,4.4066930690243185,4.0
14,5.287829233013056,1.0
15,5.846890351273226,0.0
16,6.500952873706461,4.0
17,7.651760866998416,4.0
18,8.353828204120912,0.0
19,9.66539567858119,4.0
20,11.168328368436597,4.0
21,11.624127211705119,1.0
22,11.876596875312389,1.0
23,11.987883217664335,1.0
24,12.174045448670475,0.0
25,13.359419181556051,1.0
26,13.39555471040201,4.0
27,13.460110000852051,1.0
28,13.581511942390208,4.0
29,13.640374041151857,0.0
30,14.029913995647847,4.0
31,14.198484884221457,3.0
32,14.314358054964522,1.0
33,15.704299512029735,4.0
34,16.15646426390317,3.0
35,16.909961656169024,4.0
36,16.966168833037326,0.0
37,17.610534818627947,0.0
38,17.772838881259887,4.0
39,19.926739756933276,4.0
40,19.991327958468943,0.0
