,time,event
0,0.022018903698185797,4.0
1,0.1592679223461006,0.0
2,0.3855245992867597,4.0
3,1.2158136714508916,4.0
4,1.756476821043266,0.0
5,2.509899120999562,4.0
6,2.7237752513851596,1.0
7,2.88677362620941,1.0
8,3.5767831089389395,0.0
9,4.260149681972916,0.0
10,4.291201548865987,1.0
11,4.471214912995733,1.0
12,4.768145205609848,4.0
13,4.866660147528271,4.0
14,5.128356743872237,0.0
15,5.631966926343865,4.0
16,6.081629557419133,0.0
17,6.296437629644423,2.0
18,6.324721142748261,0.0
19,6.335051970817199,4.0
20,6.409229540350797,0.0
21,7.3870284445527945,1.0
22,7.468892805918054,0.0
23,7.710230939748358,0.0
24,8.319921174082028,1.0
25,8.413306961465222,1.0
26,8.538456615466806,4.0
27,8.594866928260465,1.0
28,9.17886837171568,0.0
29,9.437453844717417,0.0
30,9.763337426934505,0.0
31,9.785523841671429,4.0
32,11.138773942127624,0.0
33,11.32487501398792,0.0
34,11.717794963830185,1.0
35,12.558014420719523,3.0
36,12.828738983916676,3.0
37,13.294792492354997,3.0
38,13.310355573719653,4.0
39,13.396484721875014,0.0
40,13.535107497488093,4.0
41,13.745156118488394,0.0
42,14.280757275079718,1.0
43,15.077610768725481,4.0
44,15.273831213556383,0.0
45,15.279684386465886,3.0
46,15.929999407035574,1.0
47,18.22817644339012,4.0
48,18.54573159543851,0.0
49,19.132166380578504,4.0
50,19.252756475892653,4.0
51,19.26072843479004,1.0
52,19.649411233198382,0.0
53,19.700557611023505,4.0
