,time,event
0,0.8274672054379901,4.0
1,0.8655276246420659,2.0
2,1.2175344612742265,1.0
3,1.5573396189159414,1.0
4,2.8486010219662474,0.0
5,3.344290226836459,2.0
6,3.4840341893885363,2.0
7,3.8437557563422837,0.0
8,3.9480905153523738,0.0
9,4.082153588691562,0.0
10,4.304916640333648,2.0
11,4.409910740563346,3.0
12,4.439721084095016,0.0
13,4.773763251576754,2.0
14,4.791646887383264,4.0
15,5.454414211603445,4.0
16,6.2148266659991105,0.0
17,7.0864520867345115,2.0
18,7.859979084933994,1.0
19,7.890281990603403,2.0
20,8.421403432391616,1.0
21,9.229459664880764,4.0
22,9.575510994436547,1.0
23,9.800896691554138,4.0
24,10.175138362998918,2.0
25,10.314074642513134,1.0
26,10.34733253432703,1.0
27,10.561835121944554,3.0
28,11.921441808802738,2.0
29,11.950727247509809,1.0
30,12.580835124029656,3.0
31,12.650409890364974,3.0
32,12.741932897899293,4.0
33,12.803515834277649,0.0
34,13.142489250251934,2.0
35,13.638637824937392,2.0
36,13.660115840031576,1.0
37,13.859523084014654,2.0
38,13.902323592996863,0.0
39,14.5455487632358,0.0
40,14.896374235583657,4.0
41,15.358196306626647,0.0
42,15.39755713023605,4.0
43,15.653808157079327,1.0
44,15.928868538754296,2.0
45,15.948298022208725,3.0
46,15.964289896468165,0.0
47,16.059156823492938,0.0
48,16.320670058911315,0.0
49,16.5694727865834,0.0
50,16.720625761885632,3.0
51,17.211008247334632,2.0
52,17.87239188441931,2.0
53,18.332069753086785,4.0
54,18.634265033623354,0.0
55,18.938153678918393,1.0
56,18.972604882442813,2.0
57,19.31485234934365,3.0
58,19.317074568006042,0.0
59,19.437091398840643,4.0
60,19.933649431347064,4.0
