,time,event
0,0.322505632659856,4.0
1,0.3637243248379767,0.0
2,0.6034832877443563,4.0
3,1.1408764887274168,4.0
4,1.2050212824171427,4.0
5,1.3974992119724854,1.0
6,1.6027323897587817,1.0
7,2.4812658996159835,0.0
8,2.691031055557683,1.0
9,3.2642827391829377,0.0
10,3.287961727653626,4.0
11,4.833225526086273,3.0
12,4.979120271084149,4.0
13,5.138009314899412,0.0
14,6.107949551285622,1.0
15,8.13267657821584,3.0
16,8.15799869156035,1.0
17,9.546725189675556,1.0
18,10.579991173922684,4.0
19,10.672212207256623,0.0
20,11.24613070101264,4.0
21,11.577000832511155,4.0
22,12.222908204311086,3.0
23,12.331050869601837,4.0
24,12.925054329851868,1.0
25,13.283242509287453,1.0
26,13.62722507560016,4.0
27,13.710077501906216,0.0
28,14.202315920260776,1.0
29,14.207432373426112,4.0
30,14.292744840841506,1.0
31,15.543138281418916,0.0
32,15.70137577383647,1.0
33,16.32390951984201,4.0
34,16.355244422410873,4.0
35,16.85406422996501,4.0
36,17.125768045606737,1.0
37,17.28128611625344,0.0
38,17.47487297434354,0.0
39,17.599964750298827,0.0
40,17.889421619413383,0.0
41,18.070390268199457,1.0
42,18.169066079421683,4.0
43,18.317664818355492,1.0
44,18.684524709055513,1.0
45,19.259325251369205,4.0
46,19.488035419623227,0.0
47,19.58489820454967,0.0
48,19.767353076484984,1.0
