,time,event
0,0.5519547995784757,0.0
1,1.0326932239582498,3.0
2,1.3772100396434,1.0
3,1.856906736647306,0.0
4,2.359278312320717,0.0
5,2.385009885305619,0.0
6,3.6766266966046004,3.0
7,3.729483919386196,0.0
8,3.7508931559893197,0.0
9,3.775608229305921,4.0
10,3.7921049319783506,0.0
11,3.7945959374560685,4.0
12,3.8290220060709528,0.0
13,4.566574243227202,0.0
14,5.12483743031242,4.0
15,5.493767538230442,4.0
16,5.856752144025532,4.0
17,6.683384417878041,1.0
18,6.966377198606249,1.0
19,7.108032114136859,1.0
20,7.1177999182854546,0.0
21,7.152861215452659,4.0
22,7.287665218376135,0.0
23,7.613296510698805,4.0
24,7.670182639265875,4.0
25,7.854219149872661,0.0
26,8.134308322688428,4.0
27,8.25370799201924,0.0
28,8.841342081444951,3.0
29,10.253792274131605,0.0
30,10.643011553501026,0.0
31,10.846198518139333,4.0
32,11.807404645650786,0.0
33,12.325326565650192,4.0
34,13.003715026771347,0.0
35,13.606365447478636,4.0
36,13.890830540284387,4.0
37,13.96327086242017,4.0
38,14.333702157802398,1.0
39,14.412607971649873,0.0
40,14.47339576139732,4.0
41,14.540129401475767,0.0
42,14.585016297984223,4.0
43,14.655866233279705,1.0
44,14.913799513583065,0.0
45,15.162290053088089,3.0
46,15.917579284962107,3.0
47,15.943155610035662,4.0
48,16.09513292939396,0.0
49,16.261471128547754,4.0
50,16.387145460829174,1.0
51,16.46221916924413,1.0
52,16.897302304008495,0.0
53,17.33028690280047,4.0
54,17.399421619020774,0.0
55,17.64338631391919,0.0
56,17.662605924158882,4.0
57,17.768768693041057,0.0
58,18.033394830649023,0.0
59,18.390509987923643,0.0
60,18.968016055943863,0.0
61,18.97746535410304,1.0
62,19.284320356672474,4.0
63,19.853909674778517,4.0
