,time,event
0,0.1248869629412657,0.0
1,0.46640688712850065,4.0
2,0.484393768228661,1.0
3,0.6238027764955314,1.0
4,0.8197898174830208,4.0
5,1.1218538071036184,4.0
6,1.6813894929714435,1.0
7,1.7520214210218081,0.0
8,2.390860800119734,3.0
9,2.39804045262327,0.0
10,2.6599875202634062,3.0
11,2.7158996102752693,0.0
12,2.7435994902633785,0.0
13,3.7458359390715064,1.0
14,3.9819452569769354,1.0
15,4.146498519725201,1.0
16,4.2853058886602575,4.0
17,4.36303103994432,0.0
18,4.836040429761456,0.0
19,5.713013245166985,4.0
20,5.904282691050356,4.0
21,6.458441794299725,1.0
22,6.569247734627015,0.0
23,7.893196332312714,4.0
24,7.93860870675355,1.0
25,8.268140829769065,1.0
26,9.430547520476992,1.0
27,9.53136153334805,4.0
28,10.216680033860388,1.0
29,10.369662862286482,0.0
30,11.087227371706433,1.0
31,11.721533375683695,0.0
32,11.976247794261369,4.0
33,11.977874042777136,4.0
34,12.948608675669158,4.0
35,13.351370117348653,0.0
36,13.410341559723111,4.0
37,13.8767336525034,1.0
38,13.915140564257376,1.0
39,14.108113817777827,4.0
40,14.304532962557877,4.0
41,14.414281691093684,4.0
42,14.66078174767143,1.0
43,14.99220356710629,0.0
44,15.041558473550943,0.0
45,15.399377932018066,0.0
46,15.546825870760392,4.0
47,15.959542463714676,3.0
48,16.096874845636215,0.0
49,16.487765914095235,4.0
50,16.719464937219254,0.0
51,18.14402825761757,4.0
52,18.39150660905659,4.0
53,18.776606692962087,0.0
54,18.96432634667935,4.0
55,19.099292093685687,4.0
