,time,event
0,0.8130801219104096,4.0
1,1.0590553493645616,4.0
2,1.857472576793449,1.0
3,1.9301191001393048,1.0
4,1.9656294821407203,0.0
5,2.4756895053634835,0.0
6,2.7300153821320223,4.0
7,2.9844068499647514,0.0
8,3.749694226872066,4.0
9,4.536366661538399,4.0
10,5.009004665246079,1.0
11,5.83304372275111,1.0
12,6.3427179291166835,1.0
13,6.4968245096588335,0.0
14,6.907487960205117,0.0
15,7.834675275364139,0.0
16,8.05751927888076,0.0
17,8.261822605215073,1.0
18,8.538500944392624,0.0
19,9.255734104865194,4.0
20,9.29645250373429,0.0
21,10.600112566472788,0.0
22,10.79678363476648,1.0
23,11.63048710634775,3.0
24,12.119444196453946,0.0
25,12.644219650927171,0.0
26,12.966478937262162,0.0
27,13.132992038386073,0.0
28,14.795212488237981,0.0
29,14.799298173624305,0.0
30,14.806300458102998,0.0
31,15.137063106639275,0.0
32,15.571055027444155,0.0
33,15.623691028909962,0.0
34,15.991132196632593,0.0
35,17.651127668741726,0.0
36,18.039219903434418,4.0
37,18.6529073905447,0.0
38,18.842420652269983,4.0
39,19.114595103754002,0.0
40,19.92046126821936,0.0
