,time,event
0,0.4447448315167863,4.0
1,0.5850463005114834,4.0
2,1.1933230795661303,4.0
3,2.7170401401805724,4.0
4,3.734593401899758,0.0
5,3.914962949435456,1.0
6,3.954355635108859,0.0
7,4.925381142924638,4.0
8,5.603002315854641,4.0
9,6.085906010824884,0.0
10,6.174517362041543,0.0
11,6.2746709752696805,3.0
12,6.423012183275981,4.0
13,6.598135524238054,3.0
14,7.373516499984704,0.0
15,8.040489226358956,1.0
16,8.394455570192312,4.0
17,8.440510019025277,1.0
18,8.521457835178689,0.0
19,8.53066211746178,1.0
20,8.858997544665144,0.0
21,9.133070535934522,1.0
22,9.582840786957002,4.0
23,10.376547509461854,0.0
24,10.378667910774343,4.0
25,10.387294115183968,3.0
26,10.824600028716247,1.0
27,11.158585464558916,0.0
28,11.238776375297522,4.0
29,11.431650372460767,4.0
30,11.725520130671603,0.0
31,11.778210202359938,0.0
32,11.805737706701386,0.0
33,11.962066803756432,4.0
34,11.996655743981202,0.0
35,12.861939102773377,1.0
36,12.910133255281844,0.0
37,13.183035718537775,4.0
38,15.036795046566727,4.0
39,15.307146424176711,4.0
40,15.728480295788025,0.0
41,16.21654463915565,3.0
42,16.35870639305137,4.0
43,16.651644361635686,0.0
44,16.97835154529728,0.0
45,17.2745453007389,0.0
46,17.325230726900045,0.0
47,17.64521032720091,3.0
48,17.835056283174904,3.0
49,17.895222647882417,0.0
50,18.471877956711378,4.0
51,18.477232092294084,4.0
52,18.575500538204786,4.0
53,18.636985085124337,4.0
54,18.716319627620134,0.0
