,time,event
0,0.5332893287113386,4.0
1,2.236183560083241,0.0
2,3.1375199657667077,0.0
3,3.6951160337725906,4.0
4,4.228991474480066,4.0
5,4.618023972328979,4.0
6,5.241244653906227,4.0
7,5.381597727157324,4.0
8,5.553355045256828,4.0
9,5.841645121310194,0.0
10,6.801217006205331,1.0
11,7.084152018678031,4.0
12,7.643447187579657,1.0
13,8.275451388249053,1.0
14,8.410814048272321,0.0
15,8.511057980021373,0.0
16,9.260548172099377,0.0
17,9.362235508210045,4.0
18,9.816930991579156,3.0
19,10.031243459551588,1.0
20,10.648732705534492,0.0
21,10.698468630989472,0.0
22,11.262195940528764,4.0
23,12.187409697250873,1.0
24,12.612804164473088,3.0
25,12.665951220566209,4.0
26,13.62342326518569,0.0
27,13.916754939470383,1.0
28,14.070334213309568,4.0
29,14.515907190218961,1.0
30,14.71668242302224,2.0
31,15.479992270923368,1.0
32,15.57364016680765,4.0
33,15.654678996939074,4.0
34,16.148870728066193,1.0
35,17.6881052680476,4.0
36,18.767317264921726,1.0
37,19.29929870627865,1.0
38,19.394921401049523,0.0
39,19.449101782187988,3.0
40,19.471184866114196,1.0
41,19.790883857486946,1.0
42,19.954072258293607,4.0
