,time,event
0,0.029171398607492873,1.0
1,0.06073322910109237,4.0
2,0.8429971869184829,3.0
3,0.9875836038978457,1.0
4,1.450901342705273,1.0
5,1.5882439189307562,4.0
6,1.6046113228187984,3.0
7,1.6138342291558454,4.0
8,2.225293695688383,1.0
9,2.6986564708630243,0.0
10,2.754871076522826,1.0
11,2.816861780466318,4.0
12,2.8212452642187453,4.0
13,2.838614757138252,3.0
14,3.4033532228318197,1.0
15,3.677997304401351,4.0
16,3.7962140291652484,1.0
17,4.729205656076446,4.0
18,4.81783834024847,0.0
19,4.9430136445479915,1.0
20,5.046226455529607,1.0
21,5.09484980574665,0.0
22,5.590705659626222,4.0
23,5.775810571565461,0.0
24,6.161457525206954,4.0
25,6.261080617360037,4.0
26,6.318590925069047,0.0
27,6.536094711890477,1.0
28,6.9162917092505936,4.0
29,7.155887659129478,0.0
30,7.398343657384663,4.0
31,7.529182049363775,0.0
32,7.737249375168481,3.0
33,8.163070748274613,1.0
34,8.1759707973261,0.0
35,8.198916463073976,0.0
36,10.020171172130441,1.0
37,10.804748281196227,1.0
38,11.23747512026079,1.0
39,12.117669075353675,4.0
40,12.239487522429064,4.0
41,12.38835989500405,1.0
42,12.469107411648869,1.0
43,13.179400032586749,4.0
44,13.398873680787169,1.0
45,13.468360292080993,2.0
46,13.505342410314316,1.0
47,14.21858742736891,1.0
48,14.237276316802738,1.0
49,14.442239335368722,4.0
50,14.825502475592689,1.0
51,15.920765191858118,4.0
52,16.16880160836294,3.0
53,16.540023424529224,4.0
54,16.562679654579764,1.0
55,16.56423465674071,3.0
56,16.602827194173862,4.0
57,16.615046312855096,0.0
58,16.88598715688273,4.0
59,16.910040941606063,3.0
60,16.993664458131068,0.0
61,17.077224943553055,0.0
62,17.10952161568439,1.0
63,17.725129721082542,0.0
64,18.4331671685537,0.0
65,18.472623874254825,0.0
66,18.544710887957734,1.0
67,18.694763160439432,0.0
68,18.782415158250934,3.0
69,18.831910301730975,0.0
70,18.88955615771633,1.0
71,19.17850140466393,0.0
72,19.19093330146649,4.0
73,19.304768436121407,4.0
74,19.363365335730272,1.0
75,19.370650431107965,3.0
76,19.672781478951254,3.0
77,19.750282325774922,0.0
