,time,event
0,0.6141350208713653,2.0
1,1.5198349263193827,1.0
2,1.6349981530514128,0.0
3,1.697586985121052,0.0
4,1.7560382669313939,4.0
5,2.2376345414086716,0.0
6,2.667358574070161,1.0
7,2.8989766420426,4.0
8,3.2552191509900084,1.0
9,3.520375980955051,2.0
10,3.7937376459683625,0.0
11,4.145424140475002,3.0
12,4.356665935555994,3.0
13,4.781821277628894,0.0
14,5.539638924436435,4.0
15,5.633136820728639,1.0
16,5.737378727310623,4.0
17,5.918306304546374,3.0
18,6.23132355314328,1.0
19,6.3464421017386865,0.0
20,6.47351391785333,4.0
21,6.547956525445317,3.0
22,6.65104196409756,0.0
23,6.818653895787032,0.0
24,6.934060858293795,1.0
25,7.261545224113532,3.0
26,7.356590692409395,0.0
27,7.530743432783204,4.0
28,7.541207928838553,4.0
29,7.685469302107404,1.0
30,7.732374987384909,3.0
31,7.784044921015209,1.0
32,8.03024436667607,1.0
33,8.060216424128956,3.0
34,10.45798828273658,0.0
35,10.521895096392178,4.0
36,10.746381346570525,0.0
37,11.274529693383808,4.0
38,12.132966492195528,1.0
39,12.278581271742425,0.0
40,12.40705075539957,0.0
41,13.300242582667613,4.0
42,13.343624883006646,3.0
43,13.345787022907535,2.0
44,13.883648239905646,4.0
45,14.04333439574599,4.0
46,14.123018865112432,4.0
47,14.439034207732323,4.0
48,14.608185643828442,3.0
49,14.89308749531056,4.0
50,14.987788117000349,1.0
51,15.151703989291203,3.0
52,15.286751735567625,1.0
53,15.486854603474441,4.0
54,15.636938872207208,3.0
55,16.803736592848075,0.0
56,17.292424075026883,3.0
57,17.75387439824943,1.0
58,17.85761034961273,4.0
59,18.635772607063643,0.0
60,18.75814210104809,4.0
61,18.818657874757445,4.0
62,19.436089105790185,4.0
63,19.752116579691425,0.0
