,time,event
0,0.35173512753396724,4.0
1,0.38195338261594797,1.0
2,0.4477350011019605,1.0
3,0.9564033261222377,0.0
4,0.9910338080279504,2.0
5,1.0190176811467555,0.0
6,1.0351570523861027,0.0
7,1.722549692977776,0.0
8,2.786278041509372,1.0
9,2.997931751892241,0.0
10,3.273074366485313,1.0
11,3.5284469764181785,0.0
12,3.5558958441869355,3.0
13,3.556191293561718,4.0
14,3.8280141970945114,4.0
15,3.856834090488134,2.0
16,4.266490774474286,0.0
17,4.349266479450691,0.0
18,4.354987577081164,4.0
19,4.399321428366174,0.0
20,4.561659476375887,4.0
21,4.88760920921327,2.0
22,5.405589740450543,4.0
23,5.475143614096813,0.0
24,5.632145183820236,4.0
25,5.767828912708603,4.0
26,5.865896148054002,1.0
27,5.872246440537537,2.0
28,6.381751243478009,4.0
29,6.3948586001544205,3.0
30,7.590283222740055,2.0
31,8.031772104284451,2.0
32,8.28873364690965,0.0
33,8.533923215149606,4.0
34,8.841893542502296,0.0
35,9.074269079861699,0.0
36,10.247775458866476,0.0
37,10.90786432257178,4.0
38,11.008166526474275,1.0
39,11.63847474388959,3.0
40,12.22545265939002,1.0
41,12.599707585305474,0.0
42,12.83473880291652,4.0
43,13.068880381221497,1.0
44,13.22877654250213,4.0
45,13.62480600403566,1.0
46,13.721307028080465,0.0
47,13.794271391422614,3.0
48,13.893265177900355,0.0
49,14.0795222307417,4.0
50,14.423779552089528,4.0
51,14.681151903296024,4.0
52,14.76406430139085,4.0
53,15.085426064183535,1.0
54,15.188809447001775,0.0
55,15.4092001491133,4.0
56,15.436933104149162,4.0
57,15.892386305427154,0.0
58,16.3674383681895,4.0
59,16.38529437910591,0.0
60,16.61389271266302,4.0
61,17.522259357846906,4.0
62,17.91768804480375,4.0
63,18.42409574817637,0.0
64,18.499880889257945,4.0
65,18.8309674935619,4.0
66,18.861327564387267,1.0
67,19.452456443349647,0.0
68,19.882685714226334,0.0
