,time,event
0,0.11709781947207266,1.0
1,0.3136209698206259,1.0
2,0.438066418189884,1.0
3,1.3623062988341448,0.0
4,2.013543262534497,0.0
5,2.1505191414601943,0.0
6,3.0132790613840585,0.0
7,3.154379417833894,0.0
8,3.2339038961857343,4.0
9,3.7706979147241553,2.0
10,3.77739811808743,4.0
11,4.033020286541413,4.0
12,4.045682148789319,1.0
13,4.792884187696078,1.0
14,4.9268918015052865,3.0
15,5.054718832463981,0.0
16,5.401071367883806,3.0
17,5.4078836242399735,4.0
18,5.555962377478165,1.0
19,5.901858476656488,0.0
20,6.067809051947362,4.0
21,6.42557735504608,4.0
22,6.489217920079592,1.0
23,7.039094777701421,4.0
24,7.1410737736267516,0.0
25,7.261158213837044,4.0
26,7.879709363005426,0.0
27,8.059001189488264,0.0
28,8.111575366710483,4.0
29,8.236587243712547,4.0
30,8.363337663560673,0.0
31,8.715376026041783,4.0
32,9.149067364192748,3.0
33,9.282035351507519,0.0
34,9.28968043886797,1.0
35,9.373488075624639,0.0
36,9.625391359420151,0.0
37,10.117811689246512,3.0
38,10.253687199679835,4.0
39,10.618306391027954,0.0
40,10.700717697317023,1.0
41,10.965114000867317,3.0
42,11.075132917590434,0.0
43,11.14562203774319,4.0
44,11.49638019894572,2.0
45,11.577634284214207,1.0
46,11.973790790316588,1.0
47,12.082216174640129,0.0
48,12.236976472679572,1.0
49,12.328817604465291,2.0
50,12.477121836861889,4.0
51,12.493505409980335,4.0
52,12.57348743242033,3.0
53,12.645707402571716,1.0
54,12.783028122122337,0.0
55,13.105633311960204,0.0
56,13.227334255708016,1.0
57,13.529546089283317,2.0
58,13.955563659334539,0.0
59,14.313940444753127,1.0
60,14.481238492025891,4.0
61,14.513277072145543,1.0
62,14.627652193570192,1.0
63,14.950609618055339,0.0
64,15.922769743815335,3.0
65,15.957067759389599,1.0
66,16.235016835225107,0.0
67,16.245412379124115,2.0
68,16.48116293110586,1.0
69,17.079691940556025,2.0
70,17.423764717811416,1.0
71,17.845527847036838,4.0
72,18.597334090860496,2.0
73,18.70461815514026,3.0
74,18.890386873457274,0.0
75,19.365333601770615,4.0
76,19.611594952822255,4.0
77,19.989048359857783,4.0
