,time,event
0,0.384522250119248,0.0
1,0.40966550405910424,3.0
2,0.48467986675288255,0.0
3,0.6028336557724054,3.0
4,0.6809060902336401,1.0
5,0.7688601665033586,1.0
6,0.8792894808858613,0.0
7,0.8877788259779524,3.0
8,0.9651745801510649,3.0
9,1.1968945363019858,4.0
10,2.6563217784437994,0.0
11,4.591802684174917,0.0
12,4.832080611136948,3.0
13,5.071459688248663,3.0
14,5.489730606454724,3.0
15,5.569347375262037,2.0
16,5.945121080364016,3.0
17,6.161036947183997,0.0
18,6.337596383503193,0.0
19,7.806540344175367,0.0
20,7.897380152597789,3.0
21,7.904278494138738,2.0
22,8.35233608575925,3.0
23,8.746829573758097,0.0
24,8.906128058651255,1.0
25,8.972429117396706,0.0
26,9.203319074461431,0.0
27,9.761373841339054,3.0
28,9.782923937171418,1.0
29,9.793191399606373,4.0
30,10.926365673815296,3.0
31,10.979867714647867,0.0
32,11.710795035716181,3.0
33,11.830962521546796,3.0
34,11.950799004391122,3.0
35,12.014490747540462,2.0
36,12.045316726493885,1.0
37,12.062606634969537,0.0
38,12.127085196331135,4.0
39,12.15530377158068,4.0
40,12.190839623461818,0.0
41,12.211281159230698,1.0
42,12.499905318301135,1.0
43,12.756569490171083,3.0
44,12.789994989648893,4.0
45,12.816430991701766,4.0
46,12.884088182380658,3.0
47,12.950333064934954,3.0
48,13.013247119190343,0.0
49,13.619254339576791,3.0
50,14.474059689848794,4.0
51,14.690213705893973,0.0
52,14.895537832007962,4.0
53,16.02914738797371,1.0
54,16.293952714019184,3.0
55,16.65395497132135,3.0
56,18.01447953822429,0.0
57,18.12609968150522,0.0
58,18.22207744470319,2.0
59,18.379804846559306,0.0
60,18.391224731789386,3.0
61,18.418499643093945,0.0
62,18.535497178360124,3.0
63,18.67007472556557,1.0
64,18.860194324228612,1.0
65,18.89666577399472,3.0
66,18.931469472329287,1.0
67,19.033384416635222,4.0
68,19.04417817016251,4.0
69,19.06655918598905,2.0
70,19.116044399852065,1.0
71,19.16067616476114,0.0
72,19.205977997075298,4.0
73,19.28824929769665,4.0
74,19.33447404019869,0.0
75,19.64428223137684,0.0
76,19.700823071140924,3.0
77,19.820782512592903,1.0
78,19.86959401076452,2.0
79,19.92653341124629,1.0
