,time,event
0,0.24642369242072545,1.0
1,0.32041581974474515,4.0
2,0.6542397905635553,1.0
3,0.8697324677571631,2.0
4,0.9046375669412412,2.0
5,1.0881350482556644,1.0
6,1.1250680559114397,4.0
7,1.4301159642446508,2.0
8,1.5146906043690789,1.0
9,2.069148553964245,0.0
10,2.6995408845027478,4.0
11,2.8281708354419632,0.0
12,2.914172505665014,2.0
13,2.9324703726019075,1.0
14,3.0550661670256316,2.0
15,3.3460884991646327,0.0
16,3.397031672197838,2.0
17,3.490090677682378,1.0
18,3.513155868205412,2.0
19,3.5920824812882097,1.0
20,3.6550208791862104,2.0
21,3.749109925844609,2.0
22,3.8180279500988967,1.0
23,3.9283370970793343,2.0
24,3.938144713358325,4.0
25,4.354841216432609,1.0
26,5.873777823392771,1.0
27,6.032815321065829,1.0
28,6.11613541006777,2.0
29,6.116530901473289,1.0
30,6.147205293357517,0.0
31,6.344888051739656,0.0
32,6.461833451976437,3.0
33,7.3917047292409865,1.0
34,7.588302388551299,4.0
35,7.753054597443372,2.0
36,7.846408590523539,0.0
37,7.901857069839807,1.0
38,7.939363944527526,4.0
39,7.94394377474984,2.0
40,8.04759981705382,0.0
41,8.175237937340901,1.0
42,8.250773887447236,1.0
43,8.319136571637047,2.0
44,8.455373614835144,2.0
45,8.663794681663546,1.0
46,9.045453117104325,1.0
47,9.153905018472024,0.0
48,10.418929501169409,1.0
49,10.79984421005068,1.0
50,10.881711054776277,2.0
51,10.916923745294582,0.0
52,11.028679376137848,0.0
53,12.480075975822666,1.0
54,12.707074340054193,2.0
55,12.7088783632059,0.0
56,12.957628810547625,3.0
57,13.075060594112566,2.0
58,13.268351182248363,1.0
59,13.698619525339836,1.0
60,13.713166187755752,1.0
61,13.791092485321292,2.0
62,13.894688226981557,2.0
63,13.980224089089837,4.0
64,14.041213158102334,1.0
65,14.125307392165293,2.0
66,14.14112984664743,4.0
67,14.23777485047747,1.0
68,14.241695174649987,2.0
69,15.308200218481204,4.0
70,15.407015799193465,1.0
71,15.78552010540931,0.0
72,16.614627872460304,2.0
73,16.958646724861282,1.0
74,17.070114466958636,2.0
75,17.161538943208168,0.0
76,17.278487399631565,1.0
77,17.49355165013968,1.0
78,18.47130780453664,4.0
79,18.518069502079005,1.0
80,19.582914707613913,4.0
