,time,event
0,1.100421137916619,2.0
1,1.9995726873849244,0.0
2,2.0352792088217053,4.0
3,3.5954593255847342,0.0
4,3.862489632042817,2.0
5,3.907822369525729,0.0
6,4.647540816718774,1.0
7,5.048576988978259,3.0
8,5.294401391033895,0.0
9,5.341119309749454,4.0
10,5.546247674439302,4.0
11,6.232057034151767,0.0
12,6.5199662927805955,2.0
13,6.640805502066454,2.0
14,6.812007363515555,3.0
15,6.889052334824994,0.0
16,7.138460618209707,2.0
17,7.294878383936194,0.0
18,7.920653281033923,4.0
19,7.9318334257956415,4.0
20,8.51346721038395,4.0
21,8.537741222172388,4.0
22,8.758637067994389,4.0
23,9.491508306881643,0.0
24,11.100556213397821,4.0
25,11.253789289711538,0.0
26,11.28333796487264,2.0
27,11.325446457378188,2.0
28,11.576756311463894,4.0
29,11.767380693497445,4.0
30,12.089457629863452,1.0
31,12.10374518621383,1.0
32,12.34268768704637,4.0
33,12.695149743569127,1.0
34,12.781816700055892,2.0
35,13.500267438733088,1.0
36,13.631070648411164,4.0
37,13.700408366967917,4.0
38,13.77169546279556,4.0
39,14.040431080260785,2.0
40,14.383220760013716,2.0
41,15.29613797327597,1.0
42,15.924218153507978,4.0
43,15.987590068175981,0.0
44,16.009454404184076,2.0
45,17.085642388841674,2.0
46,17.525471211718866,2.0
47,17.879015537189154,4.0
48,17.94542261610304,0.0
49,18.949759917065375,2.0
50,19.270831959096448,0.0
51,19.291508821716494,3.0
52,19.411320635123243,2.0
53,19.543390629135974,4.0
54,19.75794261275848,2.0
55,19.822539850658156,2.0
56,19.89118255629965,4.0
57,19.901920800588886,3.0
58,19.956217995228894,3.0
