,time,event
0,0.07388057324985962,0.0
1,0.5234016435958986,2.0
2,0.7296265997920945,2.0
3,1.5217272449150792,4.0
4,2.718036864807643,2.0
5,2.7827979552197863,2.0
6,2.8562288158227984,0.0
7,3.7307112452457574,2.0
8,3.780649744345652,2.0
9,3.9221507556425035,0.0
10,4.17197801323196,4.0
11,4.8897087862328,2.0
12,4.98130055856732,4.0
13,5.189398129211769,2.0
14,5.201943165327329,2.0
15,5.368267397474409,2.0
16,5.552165798630636,2.0
17,6.483767455125983,4.0
18,6.722752520668484,4.0
19,7.299029105785337,0.0
20,7.3301439739935885,3.0
21,7.562555789257044,2.0
22,7.830941267433009,4.0
23,7.9288305403840855,3.0
24,7.968331452118891,4.0
25,8.355506298352283,2.0
26,9.038557217073036,2.0
27,9.610454869200751,2.0
28,9.733404889104472,4.0
29,10.116522833262113,3.0
30,10.221533742803757,4.0
31,10.236372169156706,1.0
32,10.28739695479034,4.0
33,10.629120946466394,4.0
34,10.979123113998002,3.0
35,11.124947811505711,4.0
36,11.256881528191935,2.0
37,12.908039647284122,4.0
38,13.110469872461014,2.0
39,13.302863580133923,0.0
40,13.73791993848894,0.0
41,13.853656183263523,4.0
42,15.347547783267167,4.0
43,15.657976687287455,2.0
44,15.867215223284646,4.0
45,17.10730718955672,0.0
46,17.121150463600678,0.0
47,17.707251615751545,2.0
48,17.716031927611773,4.0
49,17.95706462055528,2.0
50,18.870972076776955,0.0
51,19.716216796192185,4.0
52,19.725462458333503,4.0
53,19.752407710483638,2.0
54,19.853088795788477,2.0
