,time,event
0,0.05601978852250804,0.0
1,0.16704481727593531,2.0
2,1.278471363155761,4.0
3,1.3136566968910854,2.0
4,1.9366929607920993,4.0
5,2.0573478141923034,2.0
6,2.1780037974403252,4.0
7,2.208800764977239,0.0
8,2.2274757089098505,2.0
9,2.388894758796879,1.0
10,2.5059303968096596,0.0
11,2.5929469748029064,4.0
12,3.2625204949101194,1.0
13,3.4147924332873294,4.0
14,4.046038657401501,0.0
15,4.187279831955213,2.0
16,6.015478112880491,4.0
17,6.321039536826747,2.0
18,6.80826333555352,0.0
19,7.194917102971341,4.0
20,7.325539672208388,2.0
21,7.377790292918264,4.0
22,7.864341236346214,0.0
23,8.124324760721171,3.0
24,8.950023763882774,0.0
25,9.20072778197181,4.0
26,9.611406439413152,2.0
27,10.016490699280707,4.0
28,10.668326490064654,4.0
29,10.942563085717431,4.0
30,11.382797121277099,4.0
31,11.606301159157757,2.0
32,11.864582205332303,0.0
33,12.241804615535022,2.0
34,12.609393426724864,4.0
35,12.793764157338464,4.0
36,13.073686782837077,1.0
37,14.312933718398863,0.0
38,14.336321744424165,4.0
39,14.409994730208782,0.0
40,15.103706954224524,4.0
41,15.18436617283166,4.0
42,15.222505071239937,2.0
43,16.26154885098552,4.0
44,17.55487881666995,4.0
45,17.900030085358797,3.0
46,18.535703707453255,1.0
47,18.828941399629993,1.0
48,19.127494309147075,1.0
49,19.22129255301798,3.0
50,19.517636702328467,1.0
51,19.883535582815636,3.0
52,19.90640216958844,4.0
