,time,event
0,0.12102644800820186,2.0
1,0.1739488198168611,1.0
2,0.5152546889698515,0.0
3,0.5543052464520056,4.0
4,2.128333647820445,2.0
5,3.1262969571465353,1.0
6,4.839657706583282,0.0
7,5.507842436662039,3.0
8,5.879689204084999,1.0
9,5.950422412498641,0.0
10,5.986990673357478,2.0
11,6.628341618530083,2.0
12,6.714771860086739,0.0
13,7.3657103969505116,4.0
14,7.478684833394224,1.0
15,7.500789243608948,4.0
16,7.617659478241522,4.0
17,7.738728530020153,2.0
18,8.85516200703658,2.0
19,9.000651195803442,0.0
20,9.110152623143248,0.0
21,9.241351915012395,2.0
22,9.296895101081667,0.0
23,9.417936992071432,2.0
24,9.457844444783051,2.0
25,10.349527328480335,1.0
26,10.56433993977396,4.0
27,11.325422863973403,4.0
28,11.644356448504826,0.0
29,11.717062548992512,4.0
30,12.2230547123492,0.0
31,12.388775952260128,2.0
32,12.765998310191968,4.0
33,12.886526114926903,4.0
34,13.168594290129821,0.0
35,13.807506018906492,3.0
36,14.44403244889584,4.0
37,14.890171891575653,2.0
38,14.970862748012946,0.0
39,15.11225185778456,0.0
40,15.789251493313488,0.0
41,15.850231928429334,2.0
42,17.382510557232383,4.0
43,17.4613630576715,0.0
44,18.22098779114541,0.0
45,18.25773136836407,4.0
46,18.47792245537576,4.0
47,18.76465239310874,4.0
48,18.995189591083783,2.0
49,19.050514632605633,2.0
50,19.395202441082905,2.0
51,19.74969252158933,4.0
