,time,event
0,0.1579102735797279,3.0
1,0.33365682195942403,4.0
2,0.5698612717062963,4.0
3,0.7922809221852811,3.0
4,1.4864999020162961,2.0
5,1.8370901605647554,0.0
6,1.9384972249510664,0.0
7,2.3143235981257364,0.0
8,2.782843899272073,0.0
9,3.4990504410328835,4.0
10,4.275928535937128,4.0
11,4.42238310957505,1.0
12,4.498363373499951,0.0
13,4.843502225430812,2.0
14,5.067076531699129,1.0
15,5.092568489467255,0.0
16,5.2248665258023355,4.0
17,5.43262130605712,0.0
18,5.589015478260988,2.0
19,6.593807428441263,4.0
20,6.617002987722523,2.0
21,6.948127924920305,0.0
22,7.490197497371485,4.0
23,7.559541613909027,2.0
24,7.694501022890102,2.0
25,7.766972142674602,3.0
26,8.009281128146156,4.0
27,8.782200985952397,2.0
28,9.703625673249803,0.0
29,9.893510980112525,0.0
30,10.01288618012869,4.0
31,10.511581653904837,0.0
32,10.639505602720906,2.0
33,11.229783573666854,4.0
34,11.465838539797504,4.0
35,12.538640489420109,0.0
36,12.81243067211793,4.0
37,13.019601769451421,0.0
38,13.446549505637346,2.0
39,13.664298662016957,0.0
40,13.839455184668115,3.0
41,16.067918666214986,0.0
42,16.213816121707872,1.0
43,16.63991996692132,1.0
44,17.171324983252088,2.0
45,18.263735331046878,4.0
46,18.271666215629413,2.0
47,18.82664578298678,4.0
