,time,event
0,0.010428015490415589,1.0
1,0.2826345488605826,2.0
2,0.32983393726637633,0.0
3,0.36355815235504046,0.0
4,1.0545288296134938,2.0
5,1.1915839316651826,3.0
6,1.7784393008199184,4.0
7,1.8625424531747512,2.0
8,1.8697393252227512,2.0
9,2.2341112059862143,0.0
10,2.3937283335265733,4.0
11,2.834542851763771,2.0
12,3.2458556399248897,0.0
13,3.25273127620827,4.0
14,3.324788618022371,4.0
15,3.7292913246817245,2.0
16,3.9632875434671258,0.0
17,4.345804899080466,0.0
18,4.6828657869249986,1.0
19,5.088380678018515,4.0
20,5.842596779290197,4.0
21,6.130234939469534,4.0
22,7.466449354936867,2.0
23,7.818820394157696,2.0
24,8.218000213135381,0.0
25,8.336440930922764,4.0
26,8.984695011901358,0.0
27,9.802090590001331,1.0
28,9.992672192181365,4.0
29,10.093178476141018,2.0
30,10.311087816615045,4.0
31,10.328057068013099,4.0
32,11.154037993350942,4.0
33,12.096199331647098,4.0
34,12.509266440901607,2.0
35,12.693673750332273,4.0
36,12.784105284699653,0.0
37,12.810189635912879,2.0
38,12.834061657567913,0.0
39,13.334745796988472,2.0
40,13.421261399903466,0.0
41,13.525632863062945,2.0
42,14.062997555401543,2.0
43,14.715479895720904,4.0
44,15.12972657458476,4.0
45,15.282645844889048,4.0
46,15.370285450600239,1.0
47,15.439881626869191,0.0
48,15.476997485797899,2.0
49,16.133859678806537,0.0
50,16.494084502694456,0.0
51,16.565835828539925,0.0
52,16.8016972813864,4.0
53,17.138491904154346,2.0
54,18.331710934370665,3.0
55,18.907482936575175,2.0
56,18.95994956228372,4.0
57,18.960917119089707,2.0
58,19.423652702155177,2.0
59,19.668737044615835,4.0
60,19.704320375987603,0.0
