,time,event
0,0.07902368396021613,2.0
1,0.18682034455376795,2.0
2,0.5831318607324147,3.0
3,0.6786799448429701,4.0
4,0.7459779938605752,4.0
5,0.9697134054745192,2.0
6,1.343257206319198,2.0
7,1.6925466426426343,0.0
8,2.1739411546873084,1.0
9,2.3285606770797957,1.0
10,2.8141420403788957,1.0
11,2.9977661002821194,1.0
12,3.15685905088451,2.0
13,3.3052412848050245,1.0
14,3.4733028442048406,0.0
15,3.659831224379266,1.0
16,3.8634854762177464,1.0
17,3.9731450981873104,4.0
18,4.281177761460593,1.0
19,4.481583710315285,1.0
20,4.9362722763293405,2.0
21,5.537973854267554,4.0
22,5.840484817043344,2.0
23,6.036596967159963,1.0
24,6.143659024512047,0.0
25,6.3190896897985835,3.0
26,6.4341595275373935,1.0
27,6.539972551772101,4.0
28,6.572531726409364,0.0
29,6.771121751522617,2.0
30,6.929553889207487,2.0
31,7.400084946220874,1.0
32,7.777082652746464,2.0
33,8.01773160618397,1.0
34,8.596270215466578,0.0
35,8.628145713648108,4.0
36,8.95464507331638,1.0
37,9.249717310595049,1.0
38,9.319537224610151,0.0
39,9.438649028021738,1.0
40,9.791216037439293,3.0
41,9.901990506676594,1.0
42,9.92220727004488,1.0
43,10.519505151070089,1.0
44,10.911096942832229,1.0
45,11.37991058023158,4.0
46,11.522460080534875,2.0
47,11.534058953204319,4.0
48,11.858600498713349,2.0
49,11.959085307134405,3.0
50,12.265751936788613,1.0
51,12.501010020727481,0.0
52,12.790829591265714,2.0
53,12.96403753027691,4.0
54,13.455430014560594,3.0
55,13.63603716137355,4.0
56,13.700321978445185,4.0
57,13.923863893002208,0.0
58,14.687097473634923,4.0
59,14.802467032577873,2.0
60,14.84765272953829,4.0
61,14.886260246483364,0.0
62,14.948614162921437,0.0
63,15.231462447544416,2.0
64,15.27549620953827,1.0
65,15.276346409846983,1.0
66,15.634331069020432,2.0
67,15.64702871427626,4.0
68,15.875446575068175,2.0
69,16.018067581086807,2.0
70,16.074414573217,2.0
71,16.789634377993956,4.0
72,16.881966107450836,4.0
73,17.084890667688025,2.0
74,17.122629684565403,4.0
75,17.223659164925508,1.0
76,17.249309678336687,4.0
77,17.63207974888012,1.0
78,17.843184155436777,4.0
79,18.252824846288366,0.0
80,18.644982443113506,2.0
81,18.67602886286362,2.0
82,18.858920024439946,4.0
83,18.921033265251975,4.0
84,19.402068948224475,2.0
85,19.746775083506627,3.0
