,time,event
0,0.3023948919002288,0.0
1,0.37130146120875307,4.0
2,1.0351793564828116,1.0
3,1.0588033401558798,2.0
4,1.4832763328846248,3.0
5,1.5794586230489722,4.0
6,1.768180150328141,3.0
7,1.8610018575343232,1.0
8,1.969264798268835,2.0
9,2.285385764753888,2.0
10,2.3620928883403582,2.0
11,2.452883488503671,1.0
12,2.5429100033542147,2.0
13,2.8506364480480237,4.0
14,3.038795342220297,2.0
15,3.160074785254471,1.0
16,3.533866110976423,2.0
17,3.705217082595091,4.0
18,4.131126902598565,2.0
19,4.304316902499596,0.0
20,4.414499700201168,4.0
21,4.879652207105062,4.0
22,5.997754689528326,2.0
23,6.152446075200833,3.0
24,6.306111845828735,4.0
25,6.844574099057403,3.0
26,6.849290432590825,2.0
27,6.966201144933281,1.0
28,7.591116140685667,0.0
29,7.8999052839104245,1.0
30,7.93844194777541,1.0
31,8.2420172305783,0.0
32,8.282587674221269,1.0
33,8.631285897077808,1.0
34,9.323708045543329,2.0
35,9.815641004849816,4.0
36,10.08568528931817,2.0
37,10.133232519291077,1.0
38,10.245493688950502,2.0
39,10.43325001503118,2.0
40,10.459673884208355,3.0
41,10.493048908801573,2.0
42,10.628907600974209,2.0
43,10.718481144370749,0.0
44,10.763977823063433,3.0
45,11.00517573192468,0.0
46,11.264074630399376,1.0
47,11.49748338338349,1.0
48,11.79760305380086,4.0
49,12.114298267056954,1.0
50,12.39183852563214,0.0
51,12.545399148128883,3.0
52,12.632743945435399,4.0
53,12.721410624646623,2.0
54,12.950430367935345,4.0
55,13.29013050157806,4.0
56,13.86736827160616,3.0
57,14.232704607777523,2.0
58,14.550778718914513,2.0
59,14.553181570320941,1.0
60,15.005700549702054,4.0
61,15.114531997621825,4.0
62,15.238494431212835,4.0
63,15.375332631662532,1.0
64,15.703968275926146,4.0
65,16.054713230549527,2.0
66,16.465152129339355,1.0
67,16.514177490672274,4.0
68,16.614828449512174,4.0
69,16.67430337266266,2.0
70,17.374398605393445,4.0
71,17.407952976067495,3.0
72,17.616760360291284,3.0
73,18.4355586621747,1.0
74,19.135590523014876,3.0
