,time,event
0,0.36162353131269453,2.0
1,2.69451621748668,0.0
2,3.018484339667955,1.0
3,3.356130140741113,4.0
4,3.903246967822952,4.0
5,3.9102200911259857,0.0
6,3.995830127753192,0.0
7,4.161472821858513,0.0
8,4.371831835112893,1.0
9,5.880639753631466,1.0
10,6.131397179854696,1.0
11,7.518892777903359,2.0
12,7.592099785668269,0.0
13,8.11215548633913,2.0
14,8.20748300771915,2.0
15,8.478317790834259,1.0
16,8.983115674610433,0.0
17,8.99747236207131,4.0
18,9.054258926393038,0.0
19,9.200808618061203,1.0
20,9.857658587531946,2.0
21,10.093398703077717,4.0
22,10.276024202413337,2.0
23,10.412243918536728,0.0
24,10.465434295491459,0.0
25,10.962552260888826,2.0
26,12.267507839405145,2.0
27,12.512770549386927,0.0
28,12.728498295531352,1.0
29,13.26105652017652,4.0
30,13.866097793515804,0.0
31,15.039747035575024,4.0
32,16.063115474701167,2.0
33,16.14389550198645,0.0
34,16.224025580222378,1.0
35,16.51940844918011,4.0
36,16.59748270231816,0.0
37,18.26675850632133,0.0
38,18.431448478626493,2.0
39,19.16587494499629,1.0
40,19.96702123290465,0.0
