,time,event
0,0.19532687689423725,2.0
1,0.38079536357508925,1.0
2,0.5159273914777434,2.0
3,0.820946687400607,1.0
4,1.3445153734540252,1.0
5,1.6675510613017372,2.0
6,1.688814525807072,4.0
7,2.4131565407444477,2.0
8,2.441527325963705,2.0
9,3.0927790855966015,1.0
10,3.8168752198696185,1.0
11,3.8184411416697124,1.0
12,4.505155458253838,2.0
13,4.760059972361176,1.0
14,4.936061592280882,1.0
15,5.525038918825068,0.0
16,5.644710596996679,1.0
17,5.679663009228402,1.0
18,5.886451277471902,1.0
19,6.309223664576954,4.0
20,7.9120472514168325,2.0
21,8.193565804223018,3.0
22,8.400991426193203,1.0
23,8.655700976227685,3.0
24,8.762205842232612,3.0
25,8.906309548232258,2.0
26,9.123067877775513,4.0
27,9.332669679712918,2.0
28,9.4111020282919,4.0
29,10.206869598354888,3.0
30,10.37134938373102,4.0
31,10.377956387184712,1.0
32,10.397394276813154,1.0
33,10.543391739942987,3.0
34,10.577652220812729,4.0
35,10.806371197001477,2.0
36,12.499419027300968,4.0
37,12.57252677095504,0.0
38,13.28256874684965,2.0
39,13.54032305966206,4.0
40,13.603513815431263,0.0
41,13.82507931639089,4.0
42,14.00444333479894,4.0
43,14.093904396922799,4.0
44,14.377011033331524,4.0
45,15.237843028893852,2.0
46,15.23996554071357,2.0
47,15.28015719171816,3.0
48,15.398948567903325,4.0
49,16.091945241733526,2.0
50,16.3137658008203,4.0
51,16.516499982167236,1.0
52,16.524787230223335,2.0
53,16.641192744626427,2.0
54,16.867042125689352,1.0
55,17.19442102171664,0.0
56,17.69142853058585,4.0
57,19.16027709205925,4.0
58,19.28935998918504,4.0
