,time,event
0,0.0935119876744353,2.0
1,0.14370546365790943,2.0
2,0.6516931603499161,2.0
3,0.6872135088474641,2.0
4,0.7494401046648621,0.0
5,0.844118388058227,2.0
6,0.8812240947948382,4.0
7,0.9368560230236028,2.0
8,1.3361646143213513,0.0
9,1.362690903928098,4.0
10,1.609610307123404,1.0
11,1.8335670688279695,1.0
12,1.9383977615343975,2.0
13,2.1905535786221417,2.0
14,3.1319858360812702,4.0
15,3.163944762383628,1.0
16,3.3120221381008177,1.0
17,3.736949284364505,0.0
18,3.961902164792567,1.0
19,4.2300102815914675,1.0
20,4.2535339347806485,4.0
21,4.542194646215921,4.0
22,4.585725912501268,1.0
23,4.844712253295994,4.0
24,6.080386934621757,3.0
25,6.464667221743529,3.0
26,6.88593165574279,4.0
27,7.092709086729715,1.0
28,7.12957860306955,1.0
29,7.146341286721184,4.0
30,7.731047772566704,4.0
31,7.787330491544245,4.0
32,8.006479960261542,2.0
33,8.090205467551081,4.0
34,8.344144591091409,3.0
35,8.748538282219387,1.0
36,9.73275401582674,1.0
37,10.386404825630581,0.0
38,10.500194837113234,2.0
39,10.56037057531216,4.0
40,10.687093915522489,4.0
41,10.740857950410726,2.0
42,11.385760695710253,2.0
43,11.557612000450879,1.0
44,11.761950265342318,1.0
45,11.78637421463432,3.0
46,11.814230041650719,3.0
47,11.943286906109334,2.0
48,12.050655407962491,4.0
49,12.773097417446277,1.0
50,13.699828446422892,4.0
51,13.778994942674116,1.0
52,14.020588120871443,4.0
53,14.043021586095792,1.0
54,14.229359290956962,1.0
55,14.373167562316949,1.0
56,14.726283703500318,0.0
57,15.598465509738773,2.0
58,15.606834130049783,3.0
59,15.82062880774178,0.0
60,15.962784364897598,1.0
61,16.572613982939185,2.0
62,16.629428049851846,4.0
63,16.739519666334903,2.0
64,16.82297669903687,2.0
65,17.0150826330886,4.0
66,18.288358306767588,4.0
67,18.533951185995708,4.0
68,18.5879459857277,4.0
69,19.134131401419346,0.0
70,19.830765451030885,0.0
