,time,event
0,0.0716251181848184,0.0
1,0.4683049471005062,4.0
2,0.7350069367556347,0.0
3,0.9551099849490713,4.0
4,1.005913321880571,2.0
5,1.0576788724391917,1.0
6,1.0898124650564227,1.0
7,2.02732762742552,1.0
8,2.683188257492148,1.0
9,2.9012751909456913,3.0
10,3.216035551680606,4.0
11,3.4007078100372197,1.0
12,4.519127086698111,0.0
13,4.686711122628529,1.0
14,5.042118505832747,1.0
15,5.307226711892375,1.0
16,5.503052072912927,4.0
17,6.022398460647042,4.0
18,6.17260785418107,3.0
19,7.044951072826704,0.0
20,7.266314985307487,1.0
21,7.313409059557589,1.0
22,7.413857917115507,3.0
23,8.002051505780345,4.0
24,8.057779448520858,4.0
25,9.360291204040028,2.0
26,9.678080500140803,3.0
27,10.515437909487988,4.0
28,10.66905947086768,0.0
29,10.877705050348212,4.0
30,10.949452221232836,2.0
31,11.044535338350375,1.0
32,11.646155265917809,1.0
33,11.837484755829726,0.0
34,12.050341348563615,4.0
35,12.052884041106884,1.0
36,12.260559359515401,1.0
37,12.337741429245717,1.0
38,12.37778856504325,4.0
39,12.393243395051497,4.0
40,12.594851406090497,1.0
41,12.91680535475954,0.0
42,12.925706575095502,2.0
43,13.462470984078509,0.0
44,14.054988810297273,1.0
45,14.178366169934094,1.0
46,14.858688777264065,1.0
47,16.310019346382166,2.0
48,16.513041033805294,1.0
49,16.698238466508634,0.0
50,17.03945442680496,1.0
51,17.242301407592027,4.0
52,17.542878956701113,1.0
53,17.66895349628015,0.0
54,18.365190612471896,4.0
55,18.38447990853954,1.0
56,18.55904628016213,0.0
57,18.697197542246798,2.0
58,18.822445366525628,1.0
59,19.066970437392772,4.0
60,19.384467184548132,3.0
61,19.59196568367943,3.0
