,time,event
0,0.10603212148144815,2.0
1,0.43598714625372476,2.0
2,0.5738929556405261,1.0
3,0.7075213430549996,0.0
4,1.1873364905521868,4.0
5,2.4474276578084773,2.0
6,2.738508766674351,2.0
7,2.7597489293005473,2.0
8,3.124892279141904,4.0
9,3.2658333478951227,2.0
10,3.5961394341366786,1.0
11,4.045253475349679,2.0
12,4.277213922473969,1.0
13,4.444096577093038,1.0
14,5.424105834914021,4.0
15,6.591065708091569,1.0
16,7.4143387099749525,4.0
17,7.965478878408211,1.0
18,8.929649306496168,0.0
19,8.960501252086926,1.0
20,9.727083221976244,2.0
21,9.742792162746682,0.0
22,9.852050594219282,1.0
23,10.081526343254312,1.0
24,10.10351524384543,0.0
25,10.368854515116661,0.0
26,10.989817144043386,0.0
27,11.046677014706706,2.0
28,11.126008013777234,1.0
29,11.388096673146118,2.0
30,11.399599212877433,2.0
31,11.607081756276862,1.0
32,11.712428397814609,2.0
33,12.110545719182502,2.0
34,12.301570481435032,2.0
35,13.08481285017867,0.0
36,14.84758551213858,1.0
37,15.306678871963305,0.0
38,15.916790461452797,4.0
39,16.47296375853923,0.0
40,16.526808033416895,2.0
41,16.575591957617927,2.0
42,16.794904084223447,1.0
43,17.460819266238378,1.0
44,17.70841677312529,0.0
45,17.89452712088995,0.0
46,18.38371391424506,2.0
47,18.482919592631728,4.0
48,18.619382221878002,2.0
49,18.808597167069024,1.0
50,19.130619217060882,2.0
51,19.601683627524835,4.0
