,time,event
0,0.028645722594096392,1.0
1,0.13429032757576687,2.0
2,0.665026105847293,3.0
3,1.0486419730678973,4.0
4,1.0750385792994188,1.0
5,1.4403346281224567,1.0
6,1.6890020602689124,1.0
7,1.70068045101217,1.0
8,2.1975697740972575,4.0
9,2.2679241971168356,2.0
10,2.2708979542557417,4.0
11,2.5153178834814973,2.0
12,2.651116259852175,4.0
13,3.390597114081292,1.0
14,3.411866265227228,1.0
15,3.683464260377719,2.0
16,3.7164216863150723,3.0
17,3.857197062372245,4.0
18,4.311559515362863,2.0
19,5.040306204733843,1.0
20,5.320069800524837,4.0
21,5.358237248496295,3.0
22,6.2370852751354775,4.0
23,6.2948073582111945,4.0
24,6.321434442681019,1.0
25,6.62441239751301,2.0
26,7.095016542647645,1.0
27,8.147668218769969,3.0
28,8.18603551766628,1.0
29,8.464638612058986,1.0
30,9.088643788451922,4.0
31,9.300000269615673,1.0
32,9.305638013071434,4.0
33,9.315863905401152,0.0
34,9.315905022464019,4.0
35,9.368392635898637,2.0
36,9.383169514746998,1.0
37,9.748331145645535,1.0
38,10.92471963417753,3.0
39,10.937307765046322,2.0
40,11.181111645920787,4.0
41,11.247446355620708,0.0
42,11.497247464050712,1.0
43,11.498609700483362,1.0
44,11.522927978279304,4.0
45,11.553910851045453,1.0
46,11.659596453778983,4.0
47,11.806888185141416,1.0
48,11.939204955046009,4.0
49,12.027308909324114,4.0
50,12.195802271001691,4.0
51,12.22049526068607,0.0
52,12.45495273617296,3.0
53,12.531207007736253,0.0
54,13.35745854894166,3.0
55,13.40907085825778,4.0
56,13.576256300334606,0.0
57,14.019994136898315,2.0
58,14.238429994571376,0.0
59,14.59200177281886,4.0
60,14.919177926717637,2.0
61,15.331721977775501,3.0
62,15.416699592240432,2.0
63,15.511254036408745,4.0
64,15.644682517197468,0.0
65,15.92158107641867,1.0
66,16.351622635728678,4.0
67,16.81923856965017,4.0
68,17.756914966246825,1.0
69,17.7670959531691,4.0
70,18.42074988975718,1.0
71,18.505163344357978,1.0
72,18.508060132614457,1.0
73,18.597209286681903,1.0
74,18.818774307564286,0.0
75,18.87777306231439,4.0
76,19.929015565502375,4.0
