,time,event
0,0.00416971506868514,4.0
1,0.11193183025811723,4.0
2,0.5705894906615933,1.0
3,1.3795611355062554,2.0
4,1.7243722950413614,2.0
5,1.9260748137427581,4.0
6,2.3333064727188075,2.0
7,2.8275679733551584,4.0
8,3.318290576933496,4.0
9,3.6789372809812084,1.0
10,3.7312930975620504,1.0
11,3.8342449358888255,1.0
12,4.137468644136109,0.0
13,4.355718405653318,1.0
14,4.8127583039079616,1.0
15,5.3015208666656,1.0
16,5.70247277801619,4.0
17,5.8726741683252035,1.0
18,6.367552745142926,4.0
19,6.781450177240483,4.0
20,6.850552385126273,2.0
21,6.8623361686905255,4.0
22,7.316916395856799,4.0
23,7.5044328546625865,4.0
24,8.109713365496512,2.0
25,8.310815465463714,0.0
26,8.448671644912977,2.0
27,8.635748052873623,1.0
28,9.411973439518208,0.0
29,9.747248735667759,2.0
30,9.859585901011561,1.0
31,10.291199127399263,1.0
32,10.33886657130724,1.0
33,10.504674773485766,1.0
34,10.857989921521288,1.0
35,11.10617548891271,1.0
36,11.14815066077184,1.0
37,11.680759833494912,4.0
38,11.892868675868348,1.0
39,12.080977548411614,4.0
40,12.182241182647134,4.0
41,12.190244008075242,1.0
42,12.54349223500727,0.0
43,12.678322793395225,1.0
44,13.257128174675293,1.0
45,13.833347918322985,1.0
46,13.892341485595743,2.0
47,14.34696425874465,1.0
48,14.687848241514061,2.0
49,15.027209840580678,1.0
50,15.249107563677052,0.0
51,15.743429192911531,4.0
52,15.945783045798484,4.0
53,16.09127066544244,1.0
54,16.229170136410133,1.0
55,16.685978754801344,1.0
56,16.72742196481632,0.0
57,16.952083141691855,1.0
58,17.07097568170458,1.0
59,17.251883319852123,2.0
60,17.53739259756703,4.0
61,17.639063365316087,0.0
62,17.907440186861805,4.0
63,17.999376859312466,2.0
64,18.653179688666693,4.0
65,18.710600956077247,4.0
66,19.044626204752124,4.0
67,19.327656172780085,3.0
68,19.743958069195553,0.0
