,time,event
0,1.0267661410944866,0.0
1,1.5803879498415165,2.0
2,2.5045220133416777,0.0
3,3.0095483705644392,1.0
4,3.767672869367253,1.0
5,3.9975543911841025,0.0
6,4.50759676473407,1.0
7,4.56510642191313,0.0
8,4.744747035803782,2.0
9,4.8218200256915535,0.0
10,4.868153315120655,0.0
11,4.96890717496152,0.0
12,5.188313205452263,1.0
13,6.064263200116392,0.0
14,6.537789238147722,0.0
15,6.618906186584176,2.0
16,6.751380753364122,4.0
17,7.077601155134951,1.0
18,7.213050829009259,1.0
19,7.442498156396247,2.0
20,7.48572922922931,0.0
21,7.680223525328416,0.0
22,8.111536006114028,1.0
23,8.771080891932218,2.0
24,8.929945408988209,0.0
25,10.006992121035825,0.0
26,10.185651866238052,1.0
27,10.20379112678139,2.0
28,10.468988047127498,0.0
29,10.550197146361604,4.0
30,10.76028037232136,0.0
31,10.91695813240535,1.0
32,11.057991541280844,2.0
33,11.349655949148294,1.0
34,11.500484607456151,0.0
35,12.511798112976514,0.0
36,13.404464759756213,1.0
37,13.491302086656184,1.0
38,13.53639984392741,4.0
39,14.512734228063207,1.0
40,17.012687566635247,4.0
41,17.100545368521463,0.0
42,17.443255570855744,1.0
43,18.1607666567835,1.0
44,19.221378685069293,4.0
