,time,event
0,0.49368806278091326,2.0
1,0.5563200228536951,4.0
2,1.3521513254460191,4.0
3,1.8984304963664091,0.0
4,2.628977118777876,2.0
5,2.8682768617443237,1.0
6,2.9669079312457285,1.0
7,3.805726452744369,0.0
8,4.17218772728259,0.0
9,4.409220169024948,0.0
10,4.5437309104423225,0.0
11,4.554060506711697,1.0
12,4.556385084121492,2.0
13,4.791367828659524,1.0
14,4.807624664558524,2.0
15,5.2043647284907975,2.0
16,7.018839961374415,1.0
17,7.226157900288061,0.0
18,7.278870675650065,0.0
19,7.6609616358765145,4.0
20,9.137542645059483,2.0
21,9.4194639448348,2.0
22,10.777751485274772,2.0
23,11.312598918077974,1.0
24,11.323005669625937,2.0
25,11.338359743078803,0.0
26,11.882481362811715,1.0
27,12.312245084394473,1.0
28,13.344012453483572,4.0
29,13.37617516519963,0.0
30,13.83353738833185,0.0
31,14.579922082357127,2.0
32,14.8720816654367,0.0
33,15.026153740275017,1.0
34,15.219193185440574,0.0
35,15.7485133644874,2.0
36,16.248783168404707,0.0
37,16.474814832594266,2.0
38,17.30705138215989,0.0
39,19.960702204177153,0.0
