,time,event
0,0.2618242556168401,1.0
1,0.5927654753576936,4.0
2,0.7624262413082131,4.0
3,0.983032177555832,0.0
4,1.309676507928026,1.0
5,1.5534525121064382,3.0
6,1.8994261094074643,4.0
7,3.5095092005735182,2.0
8,3.5173425399208185,0.0
9,3.6428653615985898,2.0
10,3.6790107388555,1.0
11,3.8145421838006452,1.0
12,4.917141678822466,1.0
13,5.325433174480517,2.0
14,5.346878769678974,1.0
15,5.64630543458603,2.0
16,5.690218622562938,1.0
17,5.801086289429928,4.0
18,5.8225761835542205,1.0
19,5.851304031804256,4.0
20,6.08465146788514,2.0
21,6.101401904612052,2.0
22,6.2524380278008005,0.0
23,6.3487867596058125,4.0
24,6.974284776506325,2.0
25,7.221467483381948,1.0
26,7.660727522666095,2.0
27,7.694059046293616,1.0
28,8.249340335685968,4.0
29,8.503807684074244,0.0
30,8.960233455913174,0.0
31,9.506952875622357,1.0
32,9.864548678415044,2.0
33,10.105206717770583,0.0
34,10.306269446190157,2.0
35,10.735925791950372,4.0
36,11.04588590559358,1.0
37,11.335153836362633,1.0
38,12.236280115995008,2.0
39,12.33987061356539,0.0
40,12.768184924131438,4.0
41,13.048950004907033,4.0
42,13.085282313128568,2.0
43,13.842211735640161,4.0
44,13.883946411523535,2.0
45,14.434840671660394,4.0
46,14.829624991952395,4.0
47,15.669464695844276,4.0
48,15.855954278991824,1.0
49,16.237269659298242,1.0
50,16.841028332909367,4.0
51,17.02062930904811,4.0
52,17.238784052844593,2.0
53,17.7467732806597,2.0
54,17.773978588178963,4.0
55,17.919462907876692,1.0
56,18.11413351233978,2.0
57,18.518157390574697,4.0
58,18.73397982521665,4.0
59,19.171693708644824,0.0
60,19.685960477777996,0.0
61,19.884917760981565,4.0
