,time,event
0,0.22613279457948915,4.0
1,0.6334387840678832,4.0
2,0.7521043622420303,0.0
3,1.178463581549818,1.0
4,1.8434168354807712,1.0
5,2.0687656470218667,4.0
6,2.296085269248889,1.0
7,2.3683404512884314,0.0
8,2.5442433046226998,1.0
9,3.2678310007125155,0.0
10,3.5022873111227777,1.0
11,3.6971391321599216,1.0
12,3.7564506914600617,4.0
13,4.312867266089916,0.0
14,4.327408010314969,1.0
15,4.4744047822894935,0.0
16,4.572160171859406,2.0
17,4.72178546704049,4.0
18,4.796911355054603,0.0
19,5.011714156609976,2.0
20,5.582100930225431,2.0
21,5.678279694728252,4.0
22,5.7280853894272825,4.0
23,5.95022002091243,4.0
24,6.053481226692194,0.0
25,6.2702399823466,1.0
26,6.2806632650761385,4.0
27,6.305559195346159,0.0
28,6.550017562007739,0.0
29,6.88540045340546,4.0
30,7.4366679433928455,4.0
31,7.698701434202961,1.0
32,8.119960924394215,2.0
33,8.251612251126724,1.0
34,8.598590472596687,4.0
35,9.489269426734246,2.0
36,9.963342765085523,0.0
37,10.46740890451047,2.0
38,10.815598119002619,3.0
39,11.081836037385639,1.0
40,12.294091980299442,1.0
41,12.667356768666766,3.0
42,13.529957350261135,1.0
43,13.61016986498971,4.0
44,13.800338478169259,1.0
45,13.90116884907925,1.0
46,13.94429624345709,4.0
47,13.995364597024787,4.0
48,14.233075982550401,1.0
49,15.049066121513507,2.0
50,15.162831797524102,3.0
51,15.175458316763573,4.0
52,15.508042978690634,2.0
53,15.661363203048372,4.0
54,15.760585083730186,2.0
55,16.169380993553702,1.0
56,16.33155701701077,2.0
57,16.52529888818786,1.0
58,16.675927186226282,4.0
59,16.805648493707196,4.0
60,17.237479794682276,4.0
61,17.26648190468729,2.0
62,17.28890082120419,1.0
63,17.29005377323445,1.0
64,18.08877364993047,4.0
65,18.181929165197463,4.0
66,19.03118765138866,1.0
67,19.041561002255097,1.0
68,19.053141597851287,4.0
69,19.807749713740822,4.0
