,time,event
0,1.4554468459616174,1.0
1,1.9655466282065328,4.0
2,2.533074876385326,2.0
3,2.934685607268055,1.0
4,3.036308549205139,4.0
5,4.596492851178978,0.0
6,4.763552015831989,1.0
7,4.779532736022872,1.0
8,5.090575693222171,1.0
9,5.116656027547765,0.0
10,5.164475089261017,0.0
11,5.917185605224322,2.0
12,6.02537453240936,0.0
13,6.1746224466787725,1.0
14,6.429227412179608,1.0
15,6.857531775487515,0.0
16,7.304687671449752,2.0
17,7.436760814056876,0.0
18,7.839045123794319,4.0
19,7.990363331869495,4.0
20,8.532708126798315,0.0
21,8.560007648743197,1.0
22,8.837547292820435,1.0
23,8.958207016155576,0.0
24,9.395397152798482,2.0
25,9.67888360458629,1.0
26,9.722026989125958,0.0
27,9.774135482477435,1.0
28,9.835483647449069,1.0
29,10.53469181347982,2.0
30,10.641794952757069,0.0
31,11.005959644519738,1.0
32,11.303000751601015,1.0
33,11.305521490124903,4.0
34,11.998364014914891,4.0
35,12.363759260859393,1.0
36,12.403802824352102,1.0
37,12.98982761381553,1.0
38,13.498375654949157,4.0
39,14.333208491369161,2.0
40,14.492181475871499,1.0
41,15.212919256669148,2.0
42,15.456443141501543,1.0
43,15.470349320627715,2.0
44,15.61984261470638,4.0
45,15.63608656326191,4.0
46,15.77762681294222,4.0
47,16.432785413815306,1.0
48,16.600864105257884,1.0
49,17.220740333975883,2.0
50,17.48467064736979,0.0
51,17.73628951142869,1.0
52,18.989770858060332,1.0
53,19.650666683650357,0.0
54,19.914416556438823,1.0
