,time,event
0,0.29714716994526646,4.0
1,1.0961612842835695,1.0
2,1.6212126298965752,0.0
3,2.028511326087405,1.0
4,2.106842897562131,0.0
5,2.167417100247621,1.0
6,2.75332433301331,0.0
7,2.9029165652217035,4.0
8,4.34562898190674,2.0
9,4.7939112782847895,1.0
10,5.576394004409019,1.0
11,5.792648191010492,1.0
12,5.948973386829265,4.0
13,7.075159583501161,0.0
14,7.117197704542825,4.0
15,7.512122095020803,4.0
16,8.01115492448836,2.0
17,8.425685709295683,2.0
18,8.789432185486584,1.0
19,8.962992888816244,0.0
20,9.042388667589139,1.0
21,9.082632177028959,1.0
22,9.92334680202722,0.0
23,10.79878387522172,0.0
24,11.463895511841038,2.0
25,11.521152699982023,1.0
26,11.715380338364618,2.0
27,13.44949586749189,4.0
28,13.576632438888431,2.0
29,13.65668453277516,4.0
30,14.534649669343004,0.0
31,14.82432152611702,0.0
32,16.286020217067524,0.0
33,17.261647874653875,0.0
34,17.45145333996115,0.0
35,17.73404056525578,1.0
36,18.21716747244312,1.0
37,18.465455812123746,2.0
38,18.502045838790664,1.0
39,18.664663724027605,1.0
40,18.696188933051133,4.0
41,19.747624197337696,2.0
42,19.988945223815282,0.0
