,time,event
0,1.8522125159012781,2.0
1,1.965304160275053,4.0
2,2.472357256294617,2.0
3,3.405616517636921,2.0
4,3.485355347487811,0.0
5,4.083192722810464,1.0
6,4.785185780080585,0.0
7,5.140803542739178,0.0
8,5.217676308500626,0.0
9,5.220567688434376,0.0
10,5.809294608820353,4.0
11,6.273843589652244,1.0
12,7.040858846594072,1.0
13,7.096254011944151,0.0
14,8.001463674032905,1.0
15,8.13947484227088,0.0
16,8.72290887456295,2.0
17,8.838798088036055,0.0
18,9.013316475246782,1.0
19,9.491383653417369,0.0
20,9.891250425372755,4.0
21,10.506280666539483,0.0
22,10.737684773550043,2.0
23,12.534921940905436,2.0
24,12.546177342535833,1.0
25,13.0082434076259,2.0
26,13.55224693871692,4.0
27,15.828038134488324,1.0
28,16.00028385415088,0.0
29,16.464493453162397,2.0
30,17.44230279785042,0.0
31,18.157211887608398,1.0
32,18.54411708183332,2.0
33,18.633350997561188,0.0
34,18.841112535547502,2.0
35,18.922643983428262,2.0
36,18.986003200869572,1.0
37,19.46395690297574,4.0
38,19.92146734421698,0.0
39,19.938878860503017,1.0
