,time,event
0,0.8530609424876621,1.0
1,1.5215925115256574,0.0
2,1.5555382795692194,2.0
3,2.108283707170803,4.0
4,2.2984959617410285,1.0
5,2.6552639790516235,4.0
6,2.709641452534889,2.0
7,3.901851872447567,0.0
8,3.985005399557494,1.0
9,5.201376696653441,1.0
10,5.290148710501941,1.0
11,5.9757905236513125,0.0
12,6.419483107485212,1.0
13,7.1754173103427545,4.0
14,7.218428959923537,1.0
15,7.599281918650249,4.0
16,7.676966654393331,1.0
17,7.858111606742114,1.0
18,9.742726018110293,0.0
19,9.97386556136144,1.0
20,10.866586248989128,2.0
21,10.930596575190163,0.0
22,11.269526418022151,4.0
23,11.741220336431583,1.0
24,12.211822493635035,1.0
25,12.331439581753937,4.0
26,13.261034369616517,1.0
27,13.83169368396393,0.0
28,14.013735526556022,4.0
29,14.15159642914581,1.0
30,14.270196017776405,0.0
31,16.045789258190656,0.0
32,16.116294642998394,1.0
33,16.20310770092748,0.0
34,16.915563907099553,1.0
35,17.61754567576225,1.0
36,18.451928613941035,4.0
37,18.993636910128156,2.0
