,time,event
0,1.0967768606959396,0.0
1,1.5702031774724694,2.0
2,1.7453693847217837,3.0
3,1.917360056912615,2.0
4,1.9392576464616262,0.0
5,1.9670461144031082,3.0
6,2.9751963708667404,0.0
7,3.0572592445861457,0.0
8,3.111204342300544,3.0
9,3.179912332291636,3.0
10,3.404580615125849,3.0
11,4.085797142573736,0.0
12,4.331470291466858,0.0
13,4.552544310220067,3.0
14,4.611838423545639,0.0
15,5.152996866387836,3.0
16,5.8637140729178245,4.0
17,5.874164492362795,2.0
18,5.990672322805093,3.0
19,6.984027308459132,4.0
20,9.456930693260242,2.0
21,9.726671192502542,0.0
22,10.071277143335008,2.0
23,10.227740435521113,3.0
24,10.446569065019155,0.0
25,10.64130032738252,2.0
26,10.673538233547214,3.0
27,10.794292594711603,0.0
28,11.146564753673742,3.0
29,11.292272838762626,0.0
30,11.569444178917594,0.0
31,11.807123613278346,3.0
32,11.829162221736345,4.0
33,12.886956115408521,2.0
34,13.388050115403217,3.0
35,14.54368201241479,2.0
36,14.614177429564288,4.0
37,14.680376761052589,2.0
38,14.981954257158378,2.0
39,15.378818691497598,4.0
40,16.39001368589612,0.0
41,16.602018161580272,2.0
42,16.77353416222319,3.0
43,16.883948929222193,3.0
44,17.031598920640256,3.0
45,17.473555202900386,3.0
46,17.552607219299713,2.0
47,17.635964635352064,0.0
48,17.7480212005415,2.0
49,18.01654033624143,1.0
50,18.195021240865323,2.0
51,18.501939215516504,2.0
52,18.658784217215356,2.0
53,19.93710616742112,4.0
54,19.97583316842796,4.0
