,time,event
0,0.17964733673432273,3.0
1,0.22242205928407674,0.0
2,0.338472968819698,4.0
3,0.5129837836364196,2.0
4,0.7871188800518958,2.0
5,1.1845859628832118,0.0
6,1.504978464128083,0.0
7,1.7144630919847599,2.0
8,1.8820106880412653,2.0
9,2.0428558512294375,2.0
10,2.363653587659956,2.0
11,2.5093584836756984,3.0
12,2.861577305783026,0.0
13,3.648812753030353,3.0
14,3.7214088183271756,3.0
15,4.206797238176073,3.0
16,4.658988813253029,2.0
17,4.809942117565919,4.0
18,4.818367773669776,3.0
19,4.9420966481832105,3.0
20,5.40556345120968,0.0
21,6.0364299345695756,3.0
22,6.380483478228802,3.0
23,6.872688427421232,2.0
24,7.219735822819889,3.0
25,7.676600095964602,0.0
26,7.802926296403421,3.0
27,8.227016739214761,0.0
28,8.45744697153727,2.0
29,9.278283713423772,0.0
30,9.595738360136938,4.0
31,9.666122394770138,3.0
32,10.046494092499275,3.0
33,10.343488819140646,2.0
34,10.769356035971478,0.0
35,10.825373235724,0.0
36,11.21587934903713,2.0
37,11.243443832978372,4.0
38,11.51728303562594,3.0
39,11.939466746631075,0.0
40,12.263813318092215,3.0
41,12.416513915111581,0.0
42,12.722957746060096,3.0
43,13.001522399579871,3.0
44,13.328313783839551,2.0
45,13.66766658992603,2.0
46,14.56739084679026,3.0
47,14.78697434506801,4.0
48,15.499920840908626,0.0
49,15.936892793943423,2.0
50,16.773319737189702,2.0
51,16.943942687130207,0.0
52,17.029190951177494,3.0
53,17.137868559129632,0.0
54,17.620265004346393,2.0
55,18.033860198482543,3.0
56,18.10501703082954,0.0
57,18.409261872000787,3.0
58,19.820139821602716,0.0
