,time,event
0,0.36175979559532745,3.0
1,1.4483944196321947,0.0
2,1.549821385102693,2.0
3,1.7151682382611155,2.0
4,2.2752897961359815,0.0
5,2.3699328124867725,3.0
6,2.8767102273245095,3.0
7,3.0060074128528207,1.0
8,3.243273408732788,2.0
9,4.201285924710387,0.0
10,6.048418126023016,2.0
11,6.190711822485156,3.0
12,6.5259368102583455,2.0
13,7.156522548773152,3.0
14,7.781090251188932,3.0
15,7.971857197388594,2.0
16,8.117038133240028,3.0
17,9.228131557239395,2.0
18,9.265994293166594,3.0
19,9.87482599486036,3.0
20,10.109906465909777,1.0
21,10.153763701617418,3.0
22,10.787309649330968,2.0
23,11.32194068402931,3.0
24,12.196766192466129,3.0
25,13.395593309994725,3.0
26,13.442879143803445,0.0
27,13.585397279730426,3.0
28,13.805083094089426,2.0
29,13.875963779298178,1.0
30,13.997500234895572,2.0
31,14.736857882860676,0.0
32,15.676776693109472,3.0
33,16.285695842904744,0.0
34,16.730703023150046,3.0
35,16.741418381131226,3.0
36,16.92799062360367,3.0
37,17.13080127830024,3.0
38,17.32752739622157,3.0
39,17.355769066739544,3.0
40,17.35646753914825,1.0
41,18.146912778955766,2.0
42,18.462418279412503,0.0
43,18.68598452012918,2.0
44,18.915880925298808,3.0
45,19.289086281974846,2.0
46,19.30724321050165,4.0
47,19.457054530867605,3.0
48,19.657758801198018,2.0
