,time,event
0,0.3356336123766779,0.0
1,1.544546033649292,2.0
2,2.341091897919165,1.0
3,3.8407093059363184,3.0
4,3.875715827153139,0.0
5,4.119090152636012,1.0
6,5.001692272939066,3.0
7,5.87444076920783,2.0
8,6.106002743008733,4.0
9,6.367726194691882,3.0
10,6.927612584812836,2.0
11,7.1088905610777395,0.0
12,8.51877445664117,3.0
13,8.760822302033825,2.0
14,9.45896191184624,2.0
15,9.629929907328762,2.0
16,10.237834264793223,3.0
17,10.498049342014196,3.0
18,11.06802211089324,0.0
19,11.186321870471385,4.0
20,11.501547516822674,2.0
21,11.57735919401479,2.0
22,12.02307477497834,3.0
23,12.443734743229376,0.0
24,13.120958731927422,2.0
25,14.516627268883157,2.0
26,15.209424211999224,2.0
27,15.701524568397625,0.0
28,15.706629224412763,2.0
29,15.881270991093448,0.0
30,16.10825122096001,3.0
31,16.206867284852624,2.0
32,16.608289275749797,3.0
33,16.934222747176662,0.0
34,17.012275150883955,1.0
35,17.087226035389538,0.0
36,17.764461543082167,3.0
37,18.956191576039906,2.0
38,18.99917083054608,0.0
39,19.091624582018593,3.0
40,19.28453713285641,0.0
41,19.317517173708605,3.0
42,19.560699325600222,2.0
43,19.57708375098545,0.0
44,19.582135321662687,2.0
45,19.614063860990154,1.0
