,time,event
0,0.05924630770032101,0.0
1,0.15855627816358264,2.0
2,0.4617003160895509,0.0
3,1.1363092517594569,0.0
4,2.1028663317492047,0.0
5,2.1171454951694035,2.0
6,2.1275191778488414,0.0
7,2.3837457144719894,2.0
8,2.488935043101405,2.0
9,2.733881562989738,3.0
10,3.043378341682569,0.0
11,3.419463479112686,3.0
12,3.518233007285324,2.0
13,4.2284176299474545,2.0
14,4.291596717679533,3.0
15,4.573567415467422,3.0
16,4.800767531314835,3.0
17,4.871819826519116,3.0
18,5.019745083513929,3.0
19,5.525633713983225,3.0
20,5.5941112384587655,2.0
21,5.67826945282459,2.0
22,6.888503945860769,0.0
23,7.473764217177862,3.0
24,7.707360078697265,2.0
25,7.769781950824557,0.0
26,8.897330421739067,3.0
27,9.612693593418811,2.0
28,9.817835111213737,0.0
29,11.48531292025988,2.0
30,11.570530411538753,2.0
31,11.615907249692404,2.0
32,11.68365223448968,2.0
33,12.045547899820043,2.0
34,12.516384200094384,3.0
35,12.851583336578098,3.0
36,13.098312873063385,3.0
37,13.219785113782075,3.0
38,13.696734858508261,2.0
39,14.762157417833325,2.0
40,14.836432180489384,3.0
41,15.00284385710465,0.0
42,15.171001799619047,3.0
43,15.17333652992738,2.0
44,15.314540327294862,3.0
45,15.485735707079394,2.0
46,15.612707455251972,3.0
47,16.361642488630903,2.0
48,17.114045224093296,0.0
49,17.55709623848145,3.0
50,17.67199123833089,2.0
51,17.824500511835137,2.0
52,17.95528557035743,3.0
53,18.17677269796207,2.0
54,18.967784664751882,0.0
55,18.99395776157044,3.0
56,19.30585286642431,3.0
57,19.641524947798523,2.0
58,19.996512692941945,0.0
