,time,event
0,0.44167983353377616,0.0
1,0.8222140726602725,0.0
2,1.0496690744121007,2.0
3,1.0712144226007434,1.0
4,1.4432929896175761,0.0
5,1.6778255257635182,0.0
6,2.0423837463438814,1.0
7,2.1566894712484106,4.0
8,2.544792171917717,2.0
9,2.583893351402523,4.0
10,3.0576512905163264,1.0
11,3.4664987786096595,1.0
12,4.127191550703551,1.0
13,4.185628250826006,2.0
14,4.5656039458155036,1.0
15,4.936826408026802,0.0
16,5.198581090670373,2.0
17,5.606646990141975,0.0
18,6.329553231788391,0.0
19,6.616479317710504,0.0
20,7.131733807164083,0.0
21,7.957495073143544,1.0
22,8.045883232525133,0.0
23,8.608965744581424,1.0
24,10.242939454333058,2.0
25,10.872216835323664,4.0
26,11.583645071808366,1.0
27,12.025047144592754,2.0
28,12.056503101380434,0.0
29,12.569277083788887,4.0
30,12.936911475479558,0.0
31,13.007960174088423,1.0
32,13.090584037583383,0.0
33,13.539737842780417,0.0
34,13.795769432470896,2.0
35,14.122491490528072,4.0
36,14.616180395368383,0.0
37,14.668894723455809,4.0
38,14.808695899519297,2.0
39,14.901126123984985,0.0
40,15.62806814159212,4.0
41,17.53509936877542,4.0
42,17.558090970250873,0.0
43,18.36499325756416,1.0
44,19.083314256463,0.0
