,time,event
0,0.036054659552502255,2.0
1,0.3312037324701009,3.0
2,0.8557153271647981,2.0
3,1.1128695596822098,0.0
4,1.1180366631913061,3.0
5,1.3862114115822144,0.0
6,1.5000512639739754,3.0
7,2.371997464277423,2.0
8,2.8710129483016362,3.0
9,2.964449189647551,3.0
10,3.3125329035062125,3.0
11,3.606430046636847,0.0
12,3.7773621285129098,0.0
13,3.8069377183873176,0.0
14,3.938239049586447,3.0
15,3.9724751413485326,3.0
16,4.320435135835268,0.0
17,5.454029028560757,2.0
18,5.7222395820035405,0.0
19,5.755658847886066,3.0
20,5.893969407400805,3.0
21,6.179522121672001,2.0
22,8.94769712844591,0.0
23,9.137388235585119,3.0
24,9.431035132750738,2.0
25,9.50104116185648,2.0
26,9.56882509186388,2.0
27,9.941794004503738,0.0
28,10.074436040282807,4.0
29,10.291443282118234,3.0
30,10.670010083584193,2.0
31,11.119187765826172,2.0
32,12.462492266016627,3.0
33,12.493936543685663,0.0
34,12.822610422106766,2.0
35,13.432204616561302,0.0
36,13.571765200516337,0.0
37,14.825535052762,0.0
38,14.856535690655766,3.0
39,15.026351671403377,2.0
40,15.40324015604167,2.0
41,15.732534311428713,3.0
42,15.891090131382246,0.0
43,16.170446945703894,3.0
44,16.550730090644322,2.0
45,17.219330016435194,3.0
46,18.026493166336675,0.0
47,18.843647314929417,3.0
48,19.719157717838584,0.0
