,time,event
0,0.08538555888230542,0.0
1,0.34700045119313655,3.0
2,0.3563451922716818,2.0
3,0.47279927778498465,3.0
4,0.6457717771187554,3.0
5,0.7236891414472922,2.0
6,0.8431715714587306,2.0
7,1.1552509419193144,0.0
8,1.2662302775729937,3.0
9,2.8238129931596463,0.0
10,3.3404488755374713,3.0
11,3.37105818907927,3.0
12,3.39944697823998,3.0
13,3.46498779839584,3.0
14,3.4886821590035537,0.0
15,3.733326602679211,4.0
16,3.992995199682957,2.0
17,4.226773905876909,2.0
18,4.819397445333593,0.0
19,5.274967490731207,0.0
20,5.408118484796652,3.0
21,5.507515783001512,0.0
22,6.062507973975254,2.0
23,6.370819981582127,0.0
24,6.461515579528277,3.0
25,6.484899379001045,2.0
26,7.087273248729279,3.0
27,7.191633940326604,2.0
28,7.354679578968618,2.0
29,7.618458594942674,2.0
30,8.419428425642492,2.0
31,9.144037551866147,3.0
32,10.14072207088271,3.0
33,10.452647782600168,2.0
34,10.747638936580898,0.0
35,10.973585081022676,3.0
36,11.172765173337625,2.0
37,11.210932537814122,2.0
38,12.80960338021725,3.0
39,12.915803221634926,2.0
40,13.281971594246075,3.0
41,13.458080906206773,0.0
42,13.717414794071422,3.0
43,14.445130925917717,0.0
44,15.257044759004046,2.0
45,15.699009579461599,2.0
46,15.84946031136979,3.0
47,16.06591216180568,0.0
48,16.45826414391413,3.0
49,17.141884453589896,2.0
50,17.188185329753228,2.0
51,17.205304711482967,3.0
52,17.839903290153195,0.0
53,18.816517922930476,3.0
54,19.47244625677692,3.0
55,19.56711486831018,3.0
56,19.657767039528114,2.0
57,19.994259181660997,0.0
