,time,event
0,0.01749394042056198,0.0
1,0.06626066834884994,2.0
2,1.5091853450587482,0.0
3,1.714835860971168,3.0
4,1.7664063510457364,1.0
5,2.87482075140981,3.0
6,2.979190297768326,0.0
7,2.9826675215991227,2.0
8,3.368977370515251,4.0
9,3.824369900495,0.0
10,4.964477270635973,0.0
11,5.893128638624186,2.0
12,6.331229925199699,3.0
13,6.351844242464874,0.0
14,6.57076788453746,0.0
15,7.322168049693984,3.0
16,8.108620391435897,2.0
17,8.140461380079383,2.0
18,8.82437743393907,0.0
19,9.945653898585991,4.0
20,10.00040174630555,1.0
21,10.15765762976671,0.0
22,10.208043926058924,0.0
23,10.710310744945058,3.0
24,10.851205024813265,0.0
25,11.239319312903744,0.0
26,11.406725656527165,2.0
27,11.652669317393702,2.0
28,11.661328633988314,2.0
29,11.938807753716404,0.0
30,11.964882722275524,2.0
31,12.238584680457677,2.0
32,12.328218623796863,0.0
33,12.400214967856726,2.0
34,12.705532021269786,4.0
35,13.096003641667878,3.0
36,13.167440612601363,4.0
37,13.509867022483569,2.0
38,14.064730171260571,0.0
39,14.41619249618443,3.0
40,14.97300224113007,2.0
41,15.210691846142266,3.0
42,15.340779448825495,3.0
43,15.38629254712428,2.0
44,16.048584726168603,3.0
45,16.12810650435622,3.0
46,16.255472415063544,2.0
47,16.259266842234133,3.0
48,16.61663665425684,2.0
49,16.71574163687388,0.0
50,16.74114497104606,1.0
51,16.79682428749598,2.0
52,16.825911893472153,3.0
53,17.581093375179698,2.0
54,17.682017905977332,0.0
55,18.855095855006784,0.0
56,18.93801667545033,2.0
57,19.050410936730376,3.0
58,19.080594642607704,2.0
59,19.170662983722767,0.0
60,19.6411793440246,2.0
61,19.90639435942279,3.0
