,time,event
0,1.1872084408013703,3.0
1,1.782735677368867,2.0
2,3.1352007994806086,3.0
3,3.3039964322963833,3.0
4,3.315122861618151,3.0
5,3.334449645164782,2.0
6,3.392967821842768,3.0
7,3.5462923402858686,0.0
8,4.059387627076334,0.0
9,4.774695156263321,0.0
10,5.611836103847702,2.0
11,5.7095430465802295,0.0
12,7.1253888199855595,0.0
13,7.450478729639624,0.0
14,7.788187121209205,0.0
15,8.007274773263513,2.0
16,8.376030039072457,3.0
17,8.507962208061649,2.0
18,8.86026919850422,3.0
19,11.619862247923905,3.0
20,12.17820028076562,0.0
21,12.22186037601776,2.0
22,12.32326856979512,0.0
23,12.690287208413704,3.0
24,12.825440409117261,3.0
25,13.443412075430025,1.0
26,13.506243402071043,2.0
27,13.600526154141377,0.0
28,13.63921014541378,3.0
29,14.033012920953615,3.0
30,14.244012101141994,2.0
31,14.581320570594059,2.0
32,14.826522387737942,0.0
33,15.120623919112983,2.0
34,15.504600407844368,3.0
35,15.683158173304097,4.0
36,15.980428357671492,0.0
37,16.02553837013695,2.0
38,16.3692561132281,2.0
39,16.40600584330496,2.0
40,16.412569945470455,3.0
41,16.594340516591412,2.0
42,16.728554147097395,2.0
43,16.733768135280215,3.0
44,16.862220370490125,0.0
45,17.690837284384433,3.0
46,18.04729967449801,3.0
47,18.619053000012652,0.0
48,18.814992824078725,2.0
49,19.066345834924658,2.0
50,19.514492273695925,2.0
51,19.7354348914087,3.0
