,time,event
0,0.5050122230816233,3.0
1,1.0149236855876544,3.0
2,1.6854831974298472,0.0
3,1.8430688147519343,3.0
4,2.1750956981351606,2.0
5,2.193660590013689,0.0
6,2.493235895218226,4.0
7,2.7217953815564053,3.0
8,3.5193891080387023,2.0
9,3.5811637145428112,1.0
10,3.8789966700266376,3.0
11,3.9300393928730246,3.0
12,4.309046332271462,3.0
13,5.169278715624708,3.0
14,5.872152239330193,0.0
15,6.106087001020964,2.0
16,8.141965483625052,2.0
17,9.211599168399426,0.0
18,10.205460819295494,0.0
19,10.927512319621513,2.0
20,11.555840487224566,2.0
21,11.73773979366426,0.0
22,12.077634896044188,3.0
23,12.100374021485768,2.0
24,12.50505509430227,3.0
25,12.56940960389768,3.0
26,12.866737140472607,3.0
27,13.340950582534044,2.0
28,13.349616245220819,0.0
29,13.415982091300872,3.0
30,14.441653505627363,2.0
31,14.630915869194643,0.0
32,15.436784325926157,0.0
33,16.706538258474506,1.0
34,17.0632407305607,3.0
35,17.51695463064695,3.0
36,17.79001154438238,3.0
37,18.256316671059746,2.0
38,18.330795964259163,2.0
39,18.392046182041756,2.0
40,19.275515205897044,3.0
41,19.28376921201675,4.0
42,19.371870301706096,4.0
43,19.532094682769205,3.0
44,19.87308818861699,3.0
