,time,event
0,0.12586822252083174,0.0
1,0.2343330103066541,0.0
2,1.7501957830711181,4.0
3,2.007870303210875,3.0
4,2.2142185750976435,3.0
5,4.089778757184296,2.0
6,4.485287713589408,0.0
7,4.99213080197406,0.0
8,5.827526100274384,0.0
9,6.059595926579013,0.0
10,6.184172552398597,0.0
11,6.222745292223137,2.0
12,6.428567948140522,3.0
13,6.868020940935466,0.0
14,7.366472812525979,2.0
15,7.710139637750825,2.0
16,7.720857407465167,0.0
17,7.923284872231926,2.0
18,7.995855223880121,3.0
19,8.911284253941053,3.0
20,9.439402876902303,0.0
21,9.812416360187425,2.0
22,10.038765338667467,2.0
23,10.521771634429479,3.0
24,10.645005786631623,3.0
25,10.897438261019973,3.0
26,11.424640351453684,2.0
27,11.652082503852629,4.0
28,11.750134228084328,2.0
29,11.787341564649322,2.0
30,12.505726207722141,0.0
31,12.521385041430019,0.0
32,12.956275621949121,3.0
33,13.182031126611271,3.0
34,13.299343072734263,2.0
35,16.443277805821474,2.0
36,16.46677358591585,2.0
37,17.391473530126706,2.0
38,17.539594966656008,3.0
39,18.096061736122433,3.0
40,18.815497595651255,2.0
41,19.100441090871477,3.0
42,19.48934402657302,3.0
43,19.700864847039295,2.0
