,time,event
0,0.3631210735682539,1.0
1,0.36926992400840963,4.0
2,2.3230110000164816,2.0
3,2.5594599204044695,4.0
4,2.689408000001699,0.0
5,2.7273027675406354,2.0
6,3.044661435653479,4.0
7,3.0564521790217065,2.0
8,3.2335559423757023,2.0
9,3.242477222635181,0.0
10,4.015182816972206,4.0
11,4.416468009511668,4.0
12,4.700681085454822,0.0
13,5.359404877807204,2.0
14,5.431833802108981,1.0
15,5.620789121142531,0.0
16,6.088772290034981,4.0
17,6.133290708904649,4.0
18,6.183372243221244,4.0
19,6.496666423725215,0.0
20,6.586673703200147,4.0
21,6.620886790601566,4.0
22,6.629489428464901,0.0
23,7.271837388740178,0.0
24,7.6643374853927355,4.0
25,8.349653021820224,4.0
26,8.663800661153855,4.0
27,8.758513243827215,3.0
28,8.82397361565721,0.0
29,8.825349585337065,2.0
30,9.102216781818866,4.0
31,9.635682042482742,4.0
32,9.910930607674132,2.0
33,9.940509206290812,4.0
34,10.104514062521329,2.0
35,11.079711140843967,0.0
36,11.086545811438986,4.0
37,11.0920835089972,0.0
38,11.731952293842845,0.0
39,11.825836717288944,2.0
40,12.10604507409272,4.0
41,12.69709837066917,0.0
42,12.769797999400076,1.0
43,12.877135482757424,4.0
44,12.953742587745225,4.0
45,13.264132684332775,0.0
46,13.392751316651875,4.0
47,14.350742050514677,4.0
48,14.809900893279506,0.0
49,14.926983810915285,2.0
50,14.973966898856085,4.0
51,16.826295979024675,2.0
52,17.182458119869402,2.0
53,17.805232057298443,0.0
54,18.087980170466075,1.0
55,18.464698855919504,2.0
56,18.549937673020143,0.0
57,18.621513701485206,0.0
58,18.740725601002794,4.0
