,time,event
0,0.48871199476286487,1.0
1,0.8314294002547792,2.0
2,1.7701337869505154,2.0
3,1.9460102684993676,4.0
4,1.959747079535161,4.0
5,2.020958176555241,0.0
6,2.194785965924102,4.0
7,3.402830498688451,0.0
8,4.234997889093222,0.0
9,4.598240328212458,2.0
10,5.0670594326970315,4.0
11,5.069559906750567,0.0
12,5.529190921185296,4.0
13,5.746280858026977,4.0
14,6.207233110221925,4.0
15,6.232160542245771,2.0
16,6.601364801029348,3.0
17,7.83906155155875,4.0
18,8.193950484782388,4.0
19,8.20705706150089,0.0
20,9.267423283793256,4.0
21,9.382618186406955,2.0
22,9.544079359754788,4.0
23,10.040955885728422,4.0
24,10.497128097238402,2.0
25,10.790914032173037,0.0
26,11.04203121016653,3.0
27,11.147414056073682,0.0
28,11.171947862456838,0.0
29,11.463556664924582,2.0
30,11.991195299304092,2.0
31,12.86546713285174,2.0
32,12.957595056787733,1.0
33,13.089082056606797,4.0
34,13.097642656870946,0.0
35,13.167795461471089,4.0
36,13.314958736417315,4.0
37,14.804083122940431,4.0
38,15.016047130492312,4.0
39,15.05825460723424,0.0
40,15.838506101023706,1.0
41,17.36482859995202,2.0
42,17.41130889892791,4.0
43,18.309317427142247,4.0
44,19.34610047771071,1.0
45,19.35083785915082,4.0
46,19.423267793062983,0.0
47,19.562514300312102,0.0
48,19.85390255830074,3.0
49,19.86252195280991,2.0
