,time,event
0,0.021932749182506827,0.0
1,0.14103657054038163,4.0
2,0.19564586970726935,4.0
3,0.23657768483215402,4.0
4,0.8633042043842654,4.0
5,1.2859579046714016,2.0
6,1.3501520019666937,0.0
7,1.5178279290188765,2.0
8,1.7054524467944385,2.0
9,1.7367059691777615,1.0
10,3.16589126226025,0.0
11,3.881311732482084,4.0
12,4.060946627833035,4.0
13,4.5403964638722565,0.0
14,4.557954629154639,4.0
15,4.922085061005948,4.0
16,5.40213669209576,4.0
17,5.678725580671598,0.0
18,6.338958304307445,0.0
19,6.728984874645506,4.0
20,7.2343476762318355,2.0
21,8.088161606253017,4.0
22,8.388188152819197,4.0
23,9.048611521745821,2.0
24,9.58107747527232,2.0
25,10.050309138344021,4.0
26,10.322152374447851,2.0
27,10.336717735689179,2.0
28,10.560501224028673,2.0
29,10.718447592097391,1.0
30,11.166643463424146,1.0
31,11.171967071758095,3.0
32,11.713572153597402,0.0
33,11.865843085865608,1.0
34,12.248972567642564,2.0
35,12.513921840678753,4.0
36,12.98063757343871,4.0
37,13.480342057836808,0.0
38,13.684027913397268,0.0
39,14.069849914077512,0.0
40,14.324173352630794,2.0
41,14.330366679036743,2.0
42,15.570679248896557,0.0
43,16.3711961789277,4.0
44,17.37697166788596,1.0
45,17.648171239981654,2.0
46,18.422347389553483,3.0
47,19.801962123314652,2.0
