,time,event
0,0.19400211334559364,4.0
1,0.2950838799224497,4.0
2,0.4710341743626531,4.0
3,0.5705622790011925,0.0
4,1.212561169405405,4.0
5,1.324801949280584,0.0
6,2.203540626335143,1.0
7,2.4849136086383563,0.0
8,2.75396979339305,4.0
9,2.857809088084344,0.0
10,3.363328968465609,2.0
11,3.403072782102196,0.0
12,3.64439953035302,0.0
13,3.81010398054081,2.0
14,3.8939133265742387,2.0
15,6.5409193288889895,4.0
16,6.666190183459689,0.0
17,6.954055653022407,2.0
18,6.982336251209342,4.0
19,7.226087348671804,0.0
20,7.426738499716768,2.0
21,7.496419107079631,4.0
22,8.214518470601158,0.0
23,8.80433312471907,4.0
24,9.077391791783201,4.0
25,9.269441854291536,2.0
26,9.4495766613842,4.0
27,9.478769593141546,4.0
28,9.9848863503586,3.0
29,10.171612971387306,1.0
30,10.185580531456173,2.0
31,10.519641749480998,4.0
32,10.71003267750336,4.0
33,11.502648080610966,0.0
34,12.208775375114703,2.0
35,12.42875771830202,1.0
36,13.15159013342857,1.0
37,13.24916065040167,3.0
38,13.797287467790271,0.0
39,13.847337436275449,2.0
40,14.245376473808921,2.0
41,14.339435910172696,2.0
42,14.831893948867958,4.0
43,15.175856990697888,2.0
44,15.870990740977756,2.0
45,15.895448271446368,2.0
46,16.19161981352611,2.0
47,16.89657717436843,4.0
48,17.364694791933868,4.0
49,17.67183629584651,4.0
50,18.143833526089352,0.0
51,18.325075081617403,3.0
52,19.15734254132358,1.0
53,19.76909027651982,4.0
