,time,event
0,0.14477424324187102,1.0
1,0.30509491025033264,1.0
2,0.38035316647208844,0.0
3,1.004949510135151,0.0
4,1.3787019877964006,4.0
5,1.8135132723491336,4.0
6,1.9602102479703571,0.0
7,2.7538203013564084,4.0
8,3.3431539054013713,1.0
9,3.6832195488490043,4.0
10,3.908054904157326,2.0
11,3.9486216425246967,0.0
12,4.143783055676229,4.0
13,4.290928538602023,4.0
14,4.3605834526352725,4.0
15,4.88590225820276,4.0
16,5.418874394219537,4.0
17,5.56100076180079,4.0
18,6.058472266679842,4.0
19,6.402185268580848,2.0
20,6.485302822534246,2.0
21,7.36101622925139,4.0
22,7.6074558405770345,4.0
23,8.101284431073331,4.0
24,8.181170403690896,0.0
25,8.34577512426413,0.0
26,8.587833487520387,4.0
27,8.793688272706367,0.0
28,8.915719906018353,1.0
29,9.11300410337251,2.0
30,9.51233350607528,4.0
31,10.341657283460984,2.0
32,10.630237551922699,1.0
33,10.693233021472103,4.0
34,10.826738865842472,0.0
35,10.837352955766642,2.0
36,12.205052816471996,4.0
37,13.03875662201279,4.0
38,13.708085672682337,3.0
39,14.543736693983098,4.0
40,15.040512545602056,0.0
41,15.864618453753224,2.0
42,16.449485639815542,4.0
43,16.983522069164444,2.0
44,17.365446614773557,4.0
45,17.719419078296436,4.0
46,18.038200795168308,1.0
47,18.09895715073413,0.0
48,18.256510075347787,2.0
49,18.503738348364198,2.0
50,18.63500946229269,0.0
51,19.24467275777278,2.0
52,19.508377886357835,1.0
53,19.576949770733002,2.0
54,19.736730041559603,4.0
55,19.79362401442792,4.0
56,19.88298670996198,4.0
57,19.964910522079197,4.0
