,Unnamed: 0,time,event
0,0,0.0,0.0
1,1,0.0,4.0
2,2,1.1574074074074074e-14,2.0
3,3,4.6296296296296295e-14,4.0
4,4,8.101851851851852e-14,0.0
5,5,8.101851851851852e-14,2.0
6,6,9.259259259259259e-14,0.0
7,7,2.5462962962962965e-13,3.0
8,8,2.5462962962962965e-13,1.0
9,9,2.662037037037037e-13,1.0
10,10,2.777777777777778e-13,0.0
11,11,2.777777777777778e-13,2.0
12,12,3.8194444444444445e-13,4.0
13,13,3.8194444444444445e-13,0.0
14,14,4.2824074074074074e-13,0.0
15,15,4.2824074074074074e-13,2.0
16,16,4.2824074074074074e-13,2.0
17,17,4.2824074074074074e-13,1.0
18,18,4.3981481481481483e-13,2.0
19,19,4.3981481481481483e-13,3.0
20,20,4.3981481481481483e-13,1.0
21,21,4.513888888888889e-13,1.0
22,22,4.745370370370371e-13,4.0
23,23,4.745370370370371e-13,3.0
24,24,4.745370370370371e-13,1.0
25,25,4.745370370370371e-13,1.0
26,26,4.861111111111111e-13,0.0
27,27,4.861111111111111e-13,2.0
28,28,4.976851851851852e-13,2.0
29,29,4.976851851851852e-13,2.0
30,30,4.976851851851852e-13,1.0
31,31,5.555555555555556e-13,1.0
32,32,6.25e-13,4.0
33,33,6.481481481481482e-13,0.0
34,34,6.481481481481482e-13,3.0
35,35,6.597222222222222e-13,4.0
36,36,6.597222222222222e-13,3.0
37,37,6.597222222222222e-13,3.0
38,38,6.597222222222222e-13,2.0
39,39,6.597222222222222e-13,3.0
40,40,6.597222222222222e-13,1.0
41,41,6.597222222222222e-13,1.0
42,42,6.597222222222222e-13,1.0
43,43,6.597222222222222e-13,1.0
44,44,6.712962962962963e-13,3.0
45,45,6.712962962962963e-13,1.0
46,46,6.828703703703704e-13,3.0
47,47,6.828703703703704e-13,1.0
48,48,6.828703703703704e-13,3.0
49,49,6.828703703703704e-13,1.0
