,Unnamed: 0,time,event
0,0,0.0,4.0
1,1,4.6296296296296295e-14,0.0
2,2,8.101851851851852e-14,4.0
3,3,8.101851851851852e-14,3.0
4,4,8.101851851851852e-14,1.0
5,5,8.101851851851852e-14,4.0
6,6,8.101851851851852e-14,3.0
7,7,8.101851851851852e-14,1.0
8,8,2.0833333333333332e-13,0.0
9,9,2.0833333333333332e-13,2.0
10,10,2.0833333333333332e-13,1.0
11,11,2.0833333333333332e-13,2.0
12,12,2.0833333333333332e-13,2.0
13,13,2.0833333333333332e-13,1.0
14,14,2.0833333333333332e-13,2.0
15,15,2.0833333333333332e-13,1.0
16,16,2.662037037037037e-13,4.0
17,17,3.472222222222222e-13,4.0
18,18,4.2824074074074074e-13,0.0
19,19,4.2824074074074074e-13,2.0
20,20,4.2824074074074074e-13,1.0
21,21,4.2824074074074074e-13,0.0
22,22,4.3981481481481483e-13,2.0
23,23,4.3981481481481483e-13,2.0
24,24,4.3981481481481483e-13,1.0
25,25,4.745370370370371e-13,4.0
26,26,4.745370370370371e-13,0.0
27,27,4.861111111111111e-13,2.0
28,28,5.324074074074074e-13,3.0
29,29,5.324074074074074e-13,3.0
30,30,5.324074074074074e-13,1.0
31,31,5.439814814814814e-13,1.0
32,32,5.902777777777778e-13,3.0
33,33,5.902777777777778e-13,1.0
34,34,5.902777777777778e-13,0.0
35,35,5.902777777777778e-13,1.0
36,36,5.902777777777778e-13,4.0
37,37,6.018518518518519e-13,3.0
38,38,6.481481481481482e-13,0.0
39,39,6.712962962962963e-13,3.0
40,40,6.712962962962963e-13,1.0
41,41,6.828703703703704e-13,3.0
42,42,6.828703703703704e-13,3.0
43,43,6.944444444444444e-13,1.0
44,44,6.944444444444444e-13,3.0
45,45,7.291666666666667e-13,0.0
46,46,7.407407407407407e-13,2.0
47,47,7.407407407407407e-13,1.0
48,48,7.638888888888889e-13,3.0
49,49,8.101851851851852e-13,3.0
