,time,event
0,1.0388303126020648,4.0
1,1.6011363333435522,0.0
2,1.9497983465103654,0.0
3,1.965125622824861,0.0
4,1.9924107696743891,0.0
5,2.374763990351712,1.0
6,2.5244732963659926,4.0
7,2.769714056171962,2.0
8,2.910788333870731,2.0
9,2.946096218266294,1.0
10,2.982251101759677,4.0
11,3.01313985764532,3.0
12,3.0504901134739524,2.0
13,3.238106502170227,1.0
14,3.372176973781647,4.0
15,3.4446796715299124,3.0
16,3.5552978954186014,0.0
17,3.567485085093587,0.0
18,3.6616954730289395,1.0
19,3.669792518993328,0.0
20,3.6915557589005727,1.0
21,3.8112512699530625,3.0
22,3.9198789787782835,4.0
23,3.9700161615050646,0.0
24,4.328579687348627,4.0
25,4.359727458339935,2.0
26,4.41499806814047,4.0
27,4.42635786170154,0.0
28,6.919193587069974,4.0
29,6.9504175207429615,1.0
30,7.016322680303548,4.0
31,7.0228977750723685,3.0
32,7.162589054290003,4.0
33,7.763112842295598,2.0
34,8.456025003286406,2.0
35,8.520355797465507,0.0
36,11.312522302609636,1.0
37,11.972205906031189,4.0
38,12.7339502638864,4.0
39,13.456365843591486,4.0
40,13.61897867607565,4.0
41,13.728748189380534,3.0
42,15.83825430963479,1.0
43,17.618347434548824,1.0
44,18.06769447823561,4.0
45,18.945918626604985,0.0
46,19.272686105064913,2.0
