,time,event
0,0.6298081186353262,1.0
1,1.0485333086934052,3.0
2,2.451102801833389,4.0
3,2.6902923657994493,3.0
4,4.3598770541226,0.0
5,5.178557223973946,4.0
6,5.462788961953346,2.0
7,5.868273633736362,1.0
8,6.735199219716728,4.0
9,8.2556520214508,0.0
10,8.757054555076783,0.0
11,8.896035834159683,0.0
12,8.959742297374868,4.0
13,9.055824857024174,2.0
14,9.153840956083322,1.0
15,9.16942347025863,1.0
16,9.21399787639702,3.0
17,9.69921647682967,4.0
18,9.816663631179681,0.0
19,11.2734529111063,0.0
20,11.325394675114882,3.0
21,12.486512108006265,2.0
22,12.607111105562545,0.0
23,13.942288670956192,0.0
24,14.460824799486828,3.0
25,15.652193426949351,0.0
26,19.027999541351637,0.0
27,19.03679581455424,0.0
28,19.86072365076771,0.0
