,time,event
0,1.9164037377778471,1.0
1,2.4218210715808253,4.0
2,2.476728443654979,1.0
3,2.484538316810393,1.0
4,2.5655604899226607,4.0
5,2.6681892753731926,1.0
6,2.7338494261708264,3.0
7,2.8238286883758192,2.0
8,2.8474599282714377,4.0
9,2.8695912894115216,1.0
10,2.8914762507510607,2.0
11,2.9402885276328368,3.0
12,3.080237221178248,2.0
13,3.0919067675322873,1.0
14,3.1384359735015703,3.0
15,3.147478453534466,3.0
16,3.1728932294407945,4.0
17,3.2897826574813176,4.0
18,3.395359022967825,4.0
19,3.49162732935686,0.0
20,3.4957834783988546,4.0
21,3.5654469793175236,2.0
22,3.5840986368947823,0.0
23,3.606778864936848,3.0
24,3.6461991881242963,2.0
25,3.757507167425086,3.0
26,3.778279115838578,2.0
27,3.7822165940859356,0.0
28,3.8209434030335663,0.0
29,3.8965099905665683,2.0
30,3.9997426829612013,4.0
31,4.020539650252605,3.0
32,4.111273922569559,4.0
33,4.1283741391201705,0.0
34,4.256550765774207,4.0
35,4.4667763505425775,0.0
36,4.681081043138756,1.0
37,6.284632699727987,2.0
38,6.572139082533656,1.0
39,6.662498918315085,0.0
40,6.788034190356341,4.0
41,7.39996156646905,3.0
42,10.567887974973072,4.0
43,10.674801099979549,1.0
44,10.707531200768836,0.0
45,10.747586668031797,3.0
46,10.859124648767974,0.0
47,11.021432879393739,4.0
48,11.179773309310328,0.0
49,11.576010873075605,2.0
50,12.59319539914531,4.0
51,14.613183488640914,4.0
52,15.687641536657226,4.0
53,17.75127863710696,1.0
54,17.764222227909183,1.0
55,17.882179525855012,2.0
56,17.943071410992584,0.0
57,17.95169066092612,0.0
58,17.956498516176868,3.0
59,18.1267111660327,2.0
60,18.23564954878913,0.0
61,19.036052337289544,4.0
