,time,event
0,0.48514283806237074,4.0
1,0.6576813251977137,1.0
2,0.7230940811127614,4.0
3,2.5245819430070924,0.0
4,2.63612708817211,1.0
5,2.930417328298173,1.0
6,3.2409505998293624,2.0
7,3.5078012396191927,0.0
8,3.54453524657155,3.0
9,3.7707221257159595,0.0
10,4.6304095987761915,1.0
11,4.756982286764613,2.0
12,4.875360408204722,0.0
13,4.8895084303031755,0.0
14,4.909546529848076,0.0
15,4.94591859826508,2.0
16,4.999245880144368,0.0
17,5.124652746130572,4.0
18,5.1849229423573115,1.0
19,5.311402551502012,0.0
20,5.312541149344107,0.0
21,5.334018721130145,0.0
22,5.471646953116477,0.0
23,6.112714906548045,1.0
24,6.221453240702224,0.0
25,6.60682063908947,4.0
26,6.909767414854374,4.0
27,8.040387123152572,2.0
28,8.61865678478391,3.0
29,10.157038649178014,1.0
30,10.308104059768592,2.0
31,10.362284356213214,0.0
32,10.45475200467379,2.0
33,10.54933287732649,0.0
34,10.733103279627889,3.0
35,11.642345120553614,4.0
36,11.683126703246167,1.0
37,11.708406555620163,3.0
38,11.804622381035811,0.0
39,12.04359405494775,0.0
40,12.130495805737054,3.0
41,12.302435104284541,3.0
42,12.900073467545344,1.0
43,15.719654794873843,4.0
44,16.04251317288789,2.0
45,18.841544178750908,1.0
46,19.124965979459486,0.0
47,19.345517908080748,2.0
48,19.506802579918624,0.0
49,19.618065116855767,2.0
50,19.676130852969656,1.0
