,time,event
0,1.33999728353903,0.0
1,1.5640663396267769,3.0
2,1.8346563227163117,0.0
3,2.084284489291142,0.0
4,2.1148000506434643,3.0
5,2.125893037351109,2.0
6,2.3768900417298893,2.0
7,2.783103343483269,0.0
8,2.9070537629453015,0.0
9,3.0498777613327386,0.0
10,3.0540485969615845,3.0
11,3.0693442847089973,4.0
12,3.6102349163988507,2.0
13,4.969299657980193,2.0
14,5.044370357975166,0.0
15,5.33482295685376,2.0
16,5.4278156230840615,1.0
17,5.581403738693882,3.0
18,5.879019525666412,2.0
19,8.75044424191712,0.0
20,9.63673806615163,0.0
21,9.74917857401671,2.0
22,10.709943308860803,2.0
23,10.780750756080668,1.0
24,10.79530238638519,0.0
25,10.874259235151861,2.0
26,12.504758192687639,0.0
27,12.662361863958052,3.0
28,12.822096647600398,3.0
29,13.821902927581473,0.0
30,15.04265336095164,0.0
31,15.501601594351012,2.0
32,15.548621475351624,4.0
33,15.67889353020252,3.0
34,15.684163784855611,0.0
35,15.899506922469245,3.0
36,15.925913010670417,2.0
37,16.047053607337503,1.0
38,16.14029648994285,2.0
39,16.141035092864836,3.0
40,16.554744273425786,2.0
41,17.284055379623876,4.0
42,18.2946380899639,2.0
43,18.298734003936456,2.0
44,18.322265318716646,4.0
45,18.575671211449848,2.0
46,18.67690557176576,0.0
47,18.79026698437411,2.0
48,18.880462025363133,0.0
49,18.963735636553793,2.0
50,19.35025737021148,2.0
51,19.366208590947274,4.0
52,19.38268156215672,3.0
53,19.46114407896909,0.0
54,19.48173164166516,0.0
55,19.50264828460409,2.0
56,19.93752648599098,2.0
