,time,event
0,0.3050746324729957,3.0
1,0.45140723176620423,2.0
2,0.625571592774484,0.0
3,0.6452677949056966,2.0
4,1.2621049251157694,2.0
5,1.6189440531165156,1.0
6,1.8203500724456354,1.0
7,1.9349745226725161,4.0
8,1.9428062904785308,0.0
9,2.2436708792294846,3.0
10,3.952399169867779,0.0
11,3.9720345148980165,4.0
12,3.9865220873457234,3.0
13,4.0098044279619165,0.0
14,4.214828625003783,0.0
15,4.26867694265653,3.0
16,4.3265360716588,1.0
17,5.065571943331514,2.0
18,6.102406044034675,2.0
19,6.144499733389372,0.0
20,6.225358820291127,0.0
21,6.363229418738737,0.0
22,6.409974368553279,2.0
23,6.466816120811688,4.0
24,6.670959259117776,4.0
25,6.680459781292011,3.0
26,6.687301596059905,3.0
27,6.713790230612191,0.0
28,6.73595497073101,2.0
29,6.769941314610179,0.0
30,6.805001195640124,3.0
31,6.96230226467175,4.0
32,6.9772157109940185,3.0
33,7.046177411664359,0.0
34,7.06922338401304,4.0
35,7.225967870002009,1.0
36,7.267625156031142,4.0
37,7.3496564153801005,2.0
38,7.636022177332166,2.0
39,7.6776105417844756,3.0
40,7.877328668016531,3.0
41,8.511726562526277,2.0
42,9.024711910093501,1.0
43,9.53215631914953,2.0
44,9.642798749075332,0.0
45,11.352695285662426,2.0
46,11.360148803134793,0.0
47,11.647716567636536,3.0
48,11.789078139221118,0.0
49,11.81229321861996,1.0
50,11.910241965806568,2.0
51,11.971277721314392,2.0
52,12.145655989506684,2.0
53,12.287350375204706,0.0
54,12.42745749897007,3.0
55,12.45782982360891,4.0
56,12.550714941289119,2.0
57,12.570617824688822,1.0
58,12.796773546574343,3.0
59,12.949405070505765,2.0
60,12.96204184975181,0.0
61,13.017953221315489,2.0
62,13.117214162448224,1.0
63,13.147409600524865,0.0
64,13.188862355650455,4.0
65,13.307881173181077,1.0
66,13.414065126088554,2.0
67,13.478699898932005,3.0
68,13.622529663790383,1.0
69,13.71768192015505,2.0
70,13.956469675984788,0.0
71,14.064771681558438,4.0
72,14.325528465831026,3.0
73,14.370321733839829,2.0
74,14.478128321735438,2.0
75,14.48169736793468,3.0
76,14.742235869870187,1.0
77,14.853075591387247,3.0
78,15.931153675032325,2.0
79,16.137590553007865,4.0
80,16.3861165231291,3.0
81,16.42274910349784,4.0
82,17.17770725984218,2.0
83,17.194508400011507,0.0
84,17.237334150213968,2.0
85,17.27416839583732,2.0
86,17.413578398865642,0.0
87,17.501107397028715,3.0
88,18.085618486017683,2.0
89,18.34651554328607,3.0
90,19.138035730062498,2.0
91,19.565601360428133,2.0
