,time,event
0,0.6781022073782875,2.0
1,0.8454867360427504,3.0
2,1.2422087770742478,2.0
3,1.368321387564782,2.0
4,1.574345431770757,2.0
5,2.136508109696695,2.0
6,2.637927190289183,0.0
7,2.689453114473109,0.0
8,2.7021928048254216,4.0
9,2.7508042939236,3.0
10,2.977853928190318,1.0
11,3.0758886594512576,3.0
12,3.1551490919129015,1.0
13,3.194232686701327,3.0
14,3.2254186428699727,4.0
15,3.274002712727211,3.0
16,3.2987620358983385,2.0
17,3.3293285293422894,3.0
18,4.596632077232321,0.0
19,5.120043682312151,0.0
20,5.834491021656091,2.0
21,5.913585713342971,0.0
22,6.131267904711272,3.0
23,6.347231165958531,4.0
24,6.497641708651401,2.0
25,6.6117069692491,0.0
26,7.148064924548262,2.0
27,7.901971666260004,2.0
28,7.991473032946785,2.0
29,8.081320643283217,2.0
30,9.846428967043598,1.0
31,10.327865528783134,2.0
32,10.541540439379407,1.0
33,11.259100447244876,0.0
34,11.312035659384149,0.0
35,11.357716917318609,4.0
36,11.513688430272698,1.0
37,11.537623175587058,1.0
38,11.552139184965961,4.0
39,11.55274417881626,2.0
40,11.587041371917065,4.0
41,11.610518234593014,4.0
42,11.736642785037631,0.0
43,11.786664520339967,3.0
44,11.997560811240179,0.0
45,12.191721567949603,2.0
46,12.47244203421711,4.0
47,12.56531310939495,2.0
48,13.167023731388866,2.0
49,13.319419204954425,0.0
50,13.533562654336114,3.0
51,13.550355753290669,2.0
52,13.60311921978978,3.0
53,13.684510242432525,3.0
54,14.013404177187494,4.0
55,14.243019055228624,0.0
56,14.75562847419982,1.0
57,15.393389148713045,0.0
58,15.431500451556241,3.0
59,16.311999225295214,2.0
60,18.190572304553,2.0
61,18.576695792764124,0.0
62,18.7714660395226,2.0
63,19.795245818032402,2.0
