,time,event
0,0.34478101400121997,2.0
1,0.6134643141617264,2.0
2,0.7200973557817693,0.0
3,0.7347845821964301,0.0
4,0.7833180175914743,0.0
5,0.9418277645338693,2.0
6,0.9768572813210592,3.0
7,1.0500464744081324,3.0
8,1.2653221499040488,3.0
9,1.6400365211720849,2.0
10,2.102814364188013,2.0
11,2.6689295167401217,0.0
12,2.7335430656260065,2.0
13,2.954183001003338,4.0
14,3.0057102983105426,3.0
15,3.071972275503184,2.0
16,3.154435173730704,3.0
17,3.292888529499973,2.0
18,3.3573646152936805,4.0
19,3.5124153386364743,2.0
20,3.869492632063227,0.0
21,4.0988187073081,2.0
22,5.036002478050614,0.0
23,5.07061488612451,3.0
24,5.3804132505644775,2.0
25,5.603274341476284,2.0
26,5.657970857431931,2.0
27,5.885994123655723,2.0
28,5.962367233746586,1.0
29,6.185765748404297,2.0
30,6.196609127186597,0.0
31,6.290640321474141,2.0
32,6.658687795102211,4.0
33,6.76940852560677,3.0
34,7.104767625548988,0.0
35,8.334126932409614,2.0
36,9.470164310492928,2.0
37,9.54877622863904,0.0
38,11.494675536447273,3.0
39,11.50424739928208,2.0
40,11.510335447998267,0.0
41,11.615127603110578,2.0
42,11.692242095545566,0.0
43,11.855373582287298,1.0
44,11.962390719850243,0.0
45,12.09025547944151,0.0
46,12.426727965757939,3.0
47,12.509892191495828,3.0
48,12.663354951793703,2.0
49,13.447269914112528,2.0
50,13.934603202344817,2.0
51,14.79628406398027,3.0
52,15.194297374050409,2.0
53,15.591652086335515,0.0
54,15.593505614669445,4.0
55,15.628719887966106,1.0
56,15.651111127598224,3.0
57,15.758395733599052,0.0
58,15.98959131303645,0.0
59,16.80198846452138,2.0
60,18.33852349074978,0.0
61,18.72459059002954,2.0
62,19.128748122157536,0.0
63,19.572311510387898,3.0
64,19.758389598373576,1.0
