,time,event
0,0.7761736515758642,0.0
1,1.0773995592173258,0.0
2,1.2982980027889615,4.0
3,2.1105102370070847,0.0
4,4.698272404665888,0.0
5,4.716854991124632,3.0
6,5.915190622410568,0.0
7,6.83625101186993,0.0
8,7.229012615291081,3.0
9,7.27599526723299,2.0
10,8.040436195611763,0.0
11,8.174623310054335,0.0
12,8.249765005639702,3.0
13,8.26981265796329,3.0
14,8.312205345029017,0.0
15,8.357706271331933,0.0
16,8.43929289462878,3.0
17,8.5161441533841,3.0
18,8.537366028935315,2.0
19,8.552935187284271,2.0
20,8.553065886688882,0.0
21,8.759127028669065,4.0
22,9.184648109042119,0.0
23,9.52545485218499,2.0
24,9.776109613614647,2.0
25,9.801688164014429,0.0
26,9.818194515859412,3.0
27,9.85630594266786,4.0
28,10.063246458501583,2.0
29,10.490869426925418,0.0
30,10.520022730863847,0.0
31,10.584953562473556,4.0
32,10.58810395789203,4.0
33,11.032021469593834,0.0
34,11.260547944902466,3.0
35,11.401285837925164,0.0
36,11.417988923291626,3.0
37,11.457037147109217,4.0
38,11.59601749982561,3.0
39,11.67934420863533,0.0
40,11.73938561602278,0.0
41,11.761690158243388,3.0
42,11.95742463270714,2.0
43,12.043712812586852,2.0
44,12.095551120356896,0.0
45,12.26095793525277,4.0
46,12.459803244358724,0.0
47,12.467369748631667,2.0
48,12.480388097212495,4.0
49,12.481625996752639,1.0
50,12.563434421828477,1.0
51,12.793640729067372,0.0
52,12.849327319525196,1.0
53,13.745917037565057,0.0
54,14.0333745026693,2.0
55,14.108147701496321,0.0
56,14.131223942329168,2.0
57,14.533046910590963,2.0
58,15.212136492584106,2.0
59,17.2906396329719,2.0
60,17.318580771060734,0.0
61,17.320457091068324,0.0
62,17.352877744876757,2.0
63,17.42987203563755,4.0
64,17.541056128736745,0.0
65,17.782502468594082,0.0
66,18.17207629989772,3.0
67,18.20921578148279,3.0
68,18.21504008418926,2.0
69,18.31641238578788,3.0
70,18.521485589246662,2.0
71,18.639704966247937,0.0
72,19.13085207697839,4.0
73,19.718228131634824,2.0
74,19.930144441143863,2.0
