,time,event
0,0.7355110310244665,0.0
1,0.9206237702288453,1.0
2,0.9916601341857639,2.0
3,1.7424381452442896,0.0
4,1.7929516710676123,2.0
5,2.4785456420726715,2.0
6,3.3933791242745466,2.0
7,3.9406434768043637,0.0
8,4.395007553853823,1.0
9,5.424285528696057,2.0
10,5.5334611566778324,2.0
11,5.773966856873092,0.0
12,5.877742439938245,0.0
13,6.061710206082449,2.0
14,6.552316011142341,1.0
15,6.708313048128972,2.0
16,6.845392290647824,1.0
17,7.815056012439611,0.0
18,8.36296325092588,3.0
19,11.888136561997268,2.0
20,12.003893787060592,2.0
21,12.581320583272998,0.0
22,12.602498038238476,1.0
23,12.818622546412836,1.0
24,14.944503771213554,0.0
25,14.994321923929384,1.0
26,15.296428767248306,2.0
27,15.400130255838874,1.0
28,15.419801952274451,4.0
29,15.43853917705544,2.0
30,15.465429232766782,0.0
31,15.566443278479177,0.0
32,15.874268230000649,1.0
33,15.944532206470422,3.0
34,15.966399290399481,3.0
35,16.612662581162834,3.0
36,16.850523974191592,3.0
37,17.116137771447924,2.0
38,17.246198871771334,2.0
39,17.249696883471806,4.0
40,18.688889637601882,0.0
41,18.70451923237296,1.0
42,18.81249084602434,0.0
43,18.972823990849612,3.0
44,19.000407092682153,3.0
45,19.054476665722586,3.0
46,19.919258465228097,2.0
