,time,event
0,0.13379616846301765,4.0
1,0.14236964532150675,1.0
2,0.17397949276849622,2.0
3,0.5875069078517705,2.0
4,0.7656776442519359,1.0
5,3.0306294204616315,1.0
6,3.150979869563327,2.0
7,3.3966514377409682,2.0
8,3.4932295241106526,0.0
9,3.789099119540331,0.0
10,3.8143175840973784,1.0
11,3.9165008039555835,2.0
12,4.2224816191193195,3.0
13,4.335782865273261,0.0
14,4.9115670930252255,0.0
15,6.51767031874034,1.0
16,6.688325994173098,2.0
17,6.726860127261396,0.0
18,6.8584591591037505,0.0
19,7.145930426299361,1.0
20,7.460867795050206,0.0
21,7.995310000271121,0.0
22,8.33525693878831,1.0
23,11.319453748306575,1.0
24,12.29759923420264,1.0
25,12.446403220535997,4.0
26,19.523639023958832,4.0
