,time,event
0,0.5023101489964117,1.0
1,0.5493441003917522,2.0
2,0.6267064466463714,3.0
3,0.9250363079148796,0.0
4,0.9311857829390736,3.0
5,0.966007812721291,2.0
6,1.1045219270930162,2.0
7,1.190803839380286,2.0
8,1.2757508430411957,0.0
9,1.7421692754323215,2.0
10,1.7628359445813198,0.0
11,2.9102904523421613,1.0
12,3.058445839701531,4.0
13,3.0940774360721583,4.0
14,3.3733407691781854,4.0
15,4.775879028664958,4.0
16,4.920724475372762,2.0
17,5.043383676266804,2.0
18,5.912381007841068,4.0
19,7.462912889706408,1.0
20,8.953472456720291,4.0
21,9.236030322663565,0.0
22,11.49796705934355,4.0
23,13.578021949368674,4.0
24,13.660452071278876,1.0
25,13.845234535281076,2.0
26,14.235730167445316,2.0
27,14.532637287466015,0.0
28,14.744806262200349,1.0
29,14.878705625768472,2.0
30,14.905229924178986,4.0
31,14.942802400875678,4.0
32,15.345878132041728,0.0
33,17.64307582909229,2.0
34,17.829698903165713,1.0
35,18.119279380347066,1.0
36,18.449932873856703,2.0
37,19.21374487312146,4.0
38,19.517290281060287,2.0
39,19.553222677329458,0.0
40,19.646125902432747,3.0
41,19.838963625896245,4.0
42,19.978052738822793,2.0
