,time,event
0,0.6820527729446827,0.0
1,2.392954800485392,2.0
2,4.229670858377979,4.0
3,5.65730429791409,1.0
4,5.704295603388557,3.0
5,6.351412294717716,0.0
6,6.877788390297546,4.0
7,9.19660689383513,1.0
8,9.452046798895324,2.0
9,9.454142900989353,1.0
10,9.5217110429799,4.0
11,9.611234295480685,2.0
12,9.619476052155095,1.0
13,9.639185620250805,2.0
14,9.671570630869459,4.0
15,9.744705495986462,4.0
16,9.818670816112535,2.0
17,9.84533942111397,3.0
18,9.852095505090952,0.0
19,10.152882230356461,0.0
20,10.270340559469167,3.0
21,10.55826734642793,1.0
22,10.61057185427853,2.0
23,11.572437736106076,2.0
24,12.13863701569601,2.0
25,14.164576723682172,4.0
26,14.339434545489375,2.0
27,15.668877518926099,1.0
28,15.761328965880034,1.0
29,16.073206036019464,0.0
30,16.726137528753306,3.0
31,19.001542783782384,4.0
32,19.055458471965135,2.0
33,19.07471100822216,2.0
