,time,event
0,0.40969115918245097,0.0
1,0.834065467274191,0.0
2,0.9288776868776342,0.0
3,1.0682521744113267,4.0
4,1.332486099103207,2.0
5,1.5001173560354704,1.0
6,1.5118948212564407,1.0
7,2.348552334947445,2.0
8,2.868756065284515,4.0
9,3.1723198152826426,4.0
10,4.861886855436611,2.0
11,4.977630337359475,4.0
12,5.11985532226504,0.0
13,5.251770912111685,1.0
14,5.324771756533122,1.0
15,5.3906033197884025,1.0
16,5.499703888268771,2.0
17,5.638464296410189,1.0
18,5.669665473286035,1.0
19,5.758525043856997,3.0
20,5.821420753536667,3.0
21,5.884671123256293,2.0
22,5.885711544128555,3.0
23,5.913226432998355,2.0
24,6.2188074642207,2.0
25,6.362799769584369,0.0
26,6.363279943760705,1.0
27,6.367587778761366,3.0
28,6.771666214538791,1.0
29,7.154584370314689,2.0
30,7.318751219708754,1.0
31,7.368157384208199,1.0
32,7.522697927652601,1.0
33,7.694913947092024,4.0
34,8.108693794909467,1.0
35,8.694583270033613,4.0
36,9.003116523113311,0.0
37,9.371586600125344,2.0
38,9.393245353535363,0.0
39,9.41403670301158,0.0
40,9.44372209694653,0.0
41,9.562487593230763,3.0
42,10.396738973142508,4.0
43,11.277421249380321,4.0
44,11.638809477883612,1.0
45,11.778339059913684,2.0
46,12.045920934950159,0.0
47,12.140554613898715,2.0
48,12.425973577616798,2.0
49,12.838601846718136,1.0
50,13.035327799718955,1.0
51,13.357429193960485,2.0
52,13.628025026513285,3.0
53,13.706123485369492,3.0
54,13.776587688343277,1.0
55,14.021821859615411,0.0
56,14.581702923255847,0.0
57,14.815496786347857,3.0
58,15.65806593977828,2.0
59,15.729775358954814,4.0
60,15.756746344570757,2.0
61,15.771175429921334,2.0
62,16.037109909476506,0.0
63,16.052669363198365,2.0
64,16.47990476879531,4.0
65,17.122994824453468,2.0
66,17.738198502744506,1.0
67,17.75888880494217,4.0
68,17.939094541993857,2.0
69,18.210108475383212,2.0
70,18.36941015919338,2.0
71,18.97666977123711,4.0
72,19.105491558291106,1.0
73,19.199070866188347,0.0
74,19.67501865123776,4.0
75,19.724934019320138,3.0
76,19.849541322178077,2.0
