,time,event
0,1.9850247537977546,2.0
1,2.450933910129131,0.0
2,2.6629190283480573,3.0
3,2.746901343661036,4.0
4,2.7666029493421025,0.0
5,2.8727456327308607,0.0
6,3.3199846061843608,4.0
7,3.3456238840683077,2.0
8,4.095655554681525,2.0
9,4.7171877866287435,1.0
10,4.842671642456276,2.0
11,4.9682731784053145,3.0
12,6.010979516018925,4.0
13,6.319855210365418,4.0
14,6.699349521830839,4.0
15,6.7610284686838895,4.0
16,7.223604154465102,2.0
17,7.338161044345995,1.0
18,7.600820476186059,0.0
19,7.654023527574327,3.0
20,8.050396595214773,4.0
21,9.160058100231172,1.0
22,9.432069161439006,4.0
23,9.47639777519223,1.0
24,9.593590579290096,1.0
25,9.610240844485121,0.0
26,12.15846961612346,1.0
27,13.878242875377806,4.0
28,13.963038120677957,4.0
29,15.060711309670005,4.0
30,17.34282995303568,4.0
31,18.68753792206359,0.0
32,19.609797967747955,0.0
33,19.66186591438249,0.0
34,19.702595024686982,2.0
