,time,event
0,0.10630776899984097,1.0
1,4.083765542039069,0.0
2,5.457533085428997,4.0
3,5.486995349623471,4.0
4,5.721730854066887,1.0
5,6.276169646151603,4.0
6,7.175300651247899,0.0
7,7.651950920620303,4.0
8,7.895156482458793,4.0
9,7.94625419681008,1.0
10,8.675456643683475,4.0
11,8.7197947618087,0.0
12,8.886850242795106,4.0
13,8.935511725733637,4.0
14,8.987341991646433,4.0
15,9.07466111328541,2.0
16,9.121531151286705,0.0
17,9.266522164047878,2.0
18,9.304326297657335,2.0
19,9.482181236655657,4.0
20,9.482740005558965,2.0
21,9.514762766663187,0.0
22,9.85550615713524,4.0
23,9.864971437107881,4.0
24,10.07073935379093,4.0
25,10.075898155827499,1.0
26,10.134749337544196,4.0
27,10.374860808728991,1.0
28,10.376074201956822,3.0
29,10.833482375665453,2.0
30,11.51015229925922,0.0
31,11.867647820477533,0.0
32,11.90964672837539,1.0
33,12.416708476896307,2.0
34,12.858907185724885,1.0
35,13.546824868875499,0.0
36,13.805395381805825,1.0
37,13.821871151459867,0.0
38,13.979963547111232,3.0
39,14.09605863455237,3.0
40,14.68073703100295,2.0
41,14.81586442921669,1.0
42,19.927394582806265,0.0
