,time,event
0,0.9527677283153368,4.0
1,1.0721309938662478,4.0
2,1.2555947674321153,4.0
3,1.3839242718341243,3.0
4,1.7187147334923423,1.0
5,1.8553482023165244,0.0
6,1.9153095526778774,0.0
7,2.6535027542317935,4.0
8,4.039238828346377,1.0
9,4.07830008417619,4.0
10,4.226344732547615,4.0
11,4.411698894369333,0.0
12,4.530289047548139,4.0
13,4.54140640712676,0.0
14,4.658049227746767,0.0
15,5.05820954587225,1.0
16,5.193344214593366,3.0
17,5.19340148673452,1.0
18,5.290728747358642,2.0
19,5.329940378846986,2.0
20,5.469567576143598,1.0
21,5.496427795637294,1.0
22,5.5339358744725144,0.0
23,5.618927636507702,2.0
24,5.637466767251949,2.0
25,5.751091116723996,3.0
26,6.073328437390404,3.0
27,6.24112295002351,0.0
28,6.255717962273924,1.0
29,6.387730212770595,4.0
30,6.418377499600218,0.0
31,6.421241411029842,0.0
32,6.652310075870786,0.0
33,7.045636250842687,1.0
34,7.644034221637073,4.0
35,9.949520171090338,2.0
36,9.969108436517397,0.0
37,10.232530541610647,4.0
38,10.363272286942044,0.0
39,10.410912401292638,4.0
40,10.515000841038733,3.0
41,10.67393101036801,4.0
42,10.769576523980383,0.0
43,11.039861859889443,0.0
44,11.38073661569202,4.0
45,11.429563217931504,0.0
46,11.51592565956883,3.0
47,11.755200157248865,2.0
48,11.757896181048768,2.0
49,11.994828342314255,0.0
50,12.175374932339263,2.0
51,12.939117225015094,4.0
52,13.253311528705103,4.0
53,13.39957631309318,1.0
54,13.797562773383248,2.0
55,13.990727199940842,2.0
56,14.004596754653633,2.0
57,14.016435003261929,1.0
58,14.060088720353166,4.0
59,14.100830529580424,4.0
60,14.139834874224503,0.0
61,14.232195795101358,1.0
62,14.321666519157732,3.0
63,14.348991560883185,0.0
64,14.389836287770773,4.0
65,14.545391776720704,0.0
66,14.646226378147656,4.0
67,14.97009358291391,1.0
68,15.052124076833872,2.0
69,15.10481727367423,2.0
70,15.20114609068745,3.0
71,15.396374975412272,4.0
72,15.69293591227559,4.0
73,16.098279702377038,0.0
74,16.501933197778396,4.0
75,17.825523306032736,1.0
76,18.0889957452852,0.0
77,19.262629133339864,2.0
78,19.88612051360135,0.0
79,19.932745321287438,1.0
