,time,event
0,1.3778873936104594,4.0
1,1.4650764007280481,2.0
2,1.780529372049517,4.0
3,2.0099899690499443,4.0
4,3.0667171971640985,4.0
5,3.216562485066662,4.0
6,3.3566583087518853,0.0
7,3.5017963788546242,1.0
8,3.520563556262136,0.0
9,3.6386594512906028,0.0
10,3.759616716922431,2.0
11,3.769217557308615,2.0
12,4.1400265889148855,0.0
13,4.420275960326235,0.0
14,4.9420847269106005,4.0
15,5.210332121755188,0.0
16,5.893210960054358,1.0
17,8.055414961156195,2.0
18,10.307266651311778,4.0
19,10.838778389960378,4.0
20,10.960507576295955,0.0
21,11.111267143410096,0.0
22,11.445953134316722,4.0
23,12.271457485235196,4.0
24,12.669376316695173,2.0
25,12.855216157653897,0.0
26,12.883083089653502,0.0
27,13.081117054032955,2.0
28,13.506450813170805,4.0
29,13.516378320625602,4.0
30,13.812598644045341,4.0
31,13.847307128312146,4.0
32,14.938300605963752,2.0
33,15.881628248936345,4.0
34,15.903994098473841,4.0
35,15.911992131355708,0.0
36,16.162159524118465,4.0
37,16.690323891456526,0.0
38,17.08204860514801,2.0
39,17.342063652500336,1.0
40,17.476753869397932,2.0
41,17.543549064609348,1.0
42,17.792629213882474,2.0
43,18.45857333877929,1.0
44,18.811354873150982,0.0
