,time,event
0,0.41930096746360973,4.0
1,0.462067685291684,4.0
2,0.6262889032508857,3.0
3,0.7150416359012639,3.0
4,1.7108653217062475,4.0
5,3.516783121969488,1.0
6,6.52503679239728,4.0
7,6.866623485479561,4.0
8,6.899168330238846,3.0
9,7.136652602713372,4.0
10,7.4548427526565515,2.0
11,8.271570537602916,4.0
12,8.359003746529126,0.0
13,8.740056708947757,1.0
14,8.899921916370683,4.0
15,8.914634649766278,4.0
16,9.057587220182945,4.0
17,9.073964272298937,4.0
18,10.22679089531781,1.0
19,10.34548512949441,0.0
20,12.861798819976705,4.0
21,12.92429684442865,3.0
22,13.12541013024994,2.0
23,14.523114865698531,4.0
24,16.574057770965258,1.0
25,16.651851704635646,3.0
26,17.29157120571108,4.0
