,time,event
0,3.08308262177045,0.0
1,4.381413993721283,2.0
2,4.9092888727935895,4.0
3,5.229611387429346,4.0
4,5.460072862038823,4.0
5,5.478162628258903,4.0
6,5.513788819264805,4.0
7,6.145797964010866,0.0
8,6.828021379008372,2.0
9,8.06097947579847,2.0
10,8.364484603280554,1.0
11,8.39736474659534,2.0
12,8.439431455588037,4.0
13,8.512766949640639,0.0
14,8.532004950793658,4.0
15,8.66850989446334,2.0
16,8.717188546211245,4.0
17,8.851644857570355,3.0
18,8.875883908955593,1.0
19,8.961436926612153,1.0
20,9.215190471883624,0.0
21,9.333587433355783,4.0
22,9.736776641778812,3.0
23,10.004806719129217,2.0
24,10.017886198408323,4.0
25,10.062117908456454,4.0
26,10.120473563058304,0.0
27,10.2224270806514,2.0
28,10.477217587225022,1.0
29,10.858114866669794,0.0
30,11.453998786712033,1.0
31,11.662448220597836,0.0
32,12.198976205858886,4.0
33,12.524518696902557,4.0
34,12.688805815284384,4.0
35,12.979475182002187,2.0
36,13.990192197563019,4.0
37,14.059374002664667,0.0
38,14.127954431208053,2.0
39,14.148978977555549,4.0
40,14.234791856969162,4.0
41,14.348164491402803,3.0
42,14.551856215267586,0.0
43,14.620744426076737,2.0
44,15.919059621121962,4.0
45,15.972610754949633,4.0
46,16.105583121264477,0.0
47,16.81572074466121,4.0
48,16.8826061953389,4.0
49,16.950836435214832,2.0
50,17.03925509583014,3.0
51,17.182304629277102,0.0
52,17.304451552416573,2.0
53,17.707138548649958,0.0
54,17.912847016716395,2.0
55,18.121900481554853,2.0
56,18.243929455431214,0.0
57,18.336754671104757,2.0
58,18.434972533101185,0.0
59,18.532824551336756,3.0
60,18.877614211180653,2.0
61,19.192412221391105,0.0
62,19.431890738077172,4.0
