,time,event
0,2.131388328519136,1.0
1,2.2018729880975494,2.0
2,2.2457286410997375,1.0
3,3.6770103644217587,1.0
4,4.05449887234061,3.0
5,4.164616560034719,2.0
6,4.2931316196986735,1.0
7,4.840442682298279,2.0
8,4.849173331363613,0.0
9,5.062309676837177,2.0
10,5.088858579628305,0.0
11,5.5357236760629025,0.0
12,6.514830294651813,0.0
13,6.772665288260432,1.0
14,7.378828947455592,0.0
15,7.835710770039701,1.0
16,7.859887265785338,0.0
17,7.938891413050065,2.0
18,7.978028084520363,0.0
19,8.056947930581472,0.0
20,8.074819147262488,0.0
21,8.204392790499826,0.0
22,8.400797993784487,2.0
23,8.450940562694969,0.0
24,8.502494731805374,0.0
25,8.570888608471206,1.0
26,8.749411470024413,0.0
27,8.812458491069275,0.0
28,9.096325300467262,0.0
29,9.350773751896238,0.0
30,9.406576439758009,0.0
31,9.438711704674514,0.0
32,9.581199003573508,0.0
33,9.918603570891651,0.0
34,10.08681265307376,0.0
35,10.408456115333598,0.0
36,10.467070416407024,0.0
37,11.04104689780843,0.0
38,11.46928995193926,0.0
39,11.645451635464992,0.0
40,12.491061581348372,0.0
41,12.545574057043586,1.0
42,13.119983582040476,2.0
43,13.194141910302617,0.0
44,13.236797918312206,0.0
45,13.623979089405408,4.0
46,13.757467684730905,0.0
47,14.013143295587335,0.0
48,14.66854040849658,1.0
49,14.799014913543894,0.0
