,time,event
0,0.09173692021566178,3.0
1,0.53626192451306,2.0
2,0.7770410626961944,1.0
3,0.8083232563870997,0.0
4,0.8832292663741851,0.0
5,0.9181786570877294,0.0
6,0.9912134215916796,0.0
7,1.0661360559956183,1.0
8,1.5510734011951832,1.0
9,2.5035280083290448,0.0
10,2.756265204236718,0.0
11,3.1489862852177737,0.0
12,3.4801322160996717,0.0
13,4.926856645059178,0.0
14,5.2150488863586615,0.0
15,6.1302248752106046,0.0
16,8.902937077017732,0.0
17,10.169692715242318,0.0
18,14.211795403618048,3.0
19,14.31582242029817,3.0
20,15.899671152890491,3.0
21,17.497363724668297,0.0
22,17.961544460541425,0.0
23,19.00686952005472,0.0
24,20.669402324756298,3.0
25,22.3249213846622,2.0
26,22.686582740168372,0.0
27,24.1785309921631,3.0
28,24.280713205275482,2.0
29,24.29500598091476,0.0
30,24.295800196901805,0.0
31,24.30993122079664,0.0
32,24.348220027486907,0.0
33,24.46470807886375,1.0
34,24.4840676311038,0.0
35,24.62368415345675,1.0
36,24.685160720688145,0.0
37,24.712449756288557,0.0
38,24.725023067393536,0.0
39,24.821039846994918,0.0
40,24.85607241728906,0.0
41,25.070402741378626,0.0
42,25.48904356476014,0.0
43,25.900532805166286,0.0
44,25.91148033822676,0.0
45,25.9964440665089,0.0
46,26.127813931307756,0.0
47,26.400368165466336,0.0
48,26.874221664551392,0.0
49,27.35876275486892,0.0
