,time,event
0,0.6711385147053232,1.0
1,1.5484192772662921,1.0
2,5.69921351573843,3.0
3,6.162838764884405,2.0
4,6.66165808162309,1.0
5,6.980058825988154,2.0
6,7.4987158819237445,1.0
7,7.906054801506684,1.0
8,8.48506836254454,0.0
9,11.54215258277932,1.0
10,12.752130296500345,0.0
11,12.782823580305868,0.0
12,13.393907887779218,0.0
13,14.081920816651886,3.0
14,14.180519654936248,0.0
15,14.972414002859342,3.0
16,15.741270174955055,0.0
17,17.603936050774802,0.0
18,17.742829965684365,3.0
19,18.783605811813874,0.0
20,19.495358579057523,0.0
21,20.50879060663259,0.0
22,20.779831477471568,2.0
23,21.152037658049224,1.0
24,21.573446914705485,2.0
25,21.765564409957122,0.0
26,21.78091605808121,0.0
27,21.801673157567564,1.0
28,23.537077985822325,0.0
29,24.78574936942305,2.0
30,25.58972750329968,0.0
31,25.81854528087683,1.0
32,25.839418296752317,2.0
33,25.857077045191044,1.0
34,25.903210895283625,0.0
35,25.996263682505834,0.0
36,26.06308675764572,0.0
37,26.673982994620964,0.0
38,26.908021244070724,3.0
39,28.62131309821412,3.0
40,30.214336399087756,1.0
41,32.23723124557188,2.0
42,32.31114539011074,0.0
43,32.500555517010845,0.0
44,32.50711809525205,0.0
45,33.624874821230044,0.0
46,33.77672096841282,1.0
47,33.92647369705806,0.0
48,35.77480146493959,1.0
49,41.939720813435855,2.0
