,time,event
0,2.6054264015045083,3.0
1,3.3181573519572938,1.0
2,5.54544858791635,2.0
3,5.61976500367099,0.0
4,7.3056169107964335,1.0
5,8.196444749098815,1.0
6,13.273616230764139,3.0
7,13.73362951598218,2.0
8,13.766901618040345,1.0
9,13.87861790833867,0.0
10,14.046088107463094,0.0
11,14.12315035738386,0.0
12,14.24173760376641,2.0
13,15.568195321151185,0.0
14,15.626050954769857,1.0
15,15.95247373287205,1.0
16,18.13057750229099,1.0
17,19.268187810169387,0.0
18,20.268310973473337,0.0
19,20.768535558248278,3.0
20,20.927848334389076,1.0
21,23.770652033442037,0.0
22,24.197607220443857,0.0
23,24.346574511768523,0.0
24,24.354985833427698,4.0
25,26.32121109227346,2.0
26,26.782660476662237,1.0
27,28.319847593814604,3.0
28,30.502400902299215,0.0
29,31.237822411710187,2.0
30,31.45505137567061,0.0
31,31.6152393768282,1.0
32,31.784875203766966,2.0
33,32.163315733494954,0.0
34,32.217630994384734,0.0
35,32.236164505569725,0.0
36,33.08755530378813,0.0
37,33.652407430300855,1.0
38,34.23384771570754,1.0
39,35.266073817477874,1.0
40,37.200414425167615,3.0
41,37.208143974851026,1.0
42,38.13349527767459,3.0
43,38.14717322809741,2.0
44,38.34651176643695,0.0
45,38.46235308695923,3.0
46,38.66966695788188,0.0
47,39.298580264549024,2.0
48,39.50007203627771,0.0
49,39.50485126950318,0.0
