,time,event
0,7.691442587180839,1.0
1,12.959716273931608,1.0
2,13.107284220135297,1.0
3,14.36321175701766,3.0
4,14.506371050230818,2.0
5,14.569786289802735,0.0
6,14.686532162128772,0.0
7,14.772552774606966,0.0
8,14.835082974603411,1.0
9,15.318749024056958,1.0
10,16.32881185464289,0.0
11,17.20878204297857,0.0
12,17.244327536611628,3.0
13,17.372053537908876,2.0
14,17.39020994799865,0.0
15,17.414509060054076,0.0
16,17.489522754099507,0.0
17,17.49044418272978,0.0
18,18.24828170950195,0.0
19,18.3930150248704,1.0
20,18.49456062490541,0.0
21,19.13199207057119,3.0
22,22.609947304144328,3.0
23,24.830885719422035,3.0
24,24.96219821197215,3.0
25,25.24059167491497,1.0
26,27.221838103332587,1.0
27,27.647497836627018,2.0
28,27.74217181678998,1.0
29,28.49140269934622,1.0
30,28.933010070611452,2.0
31,29.175848841562654,2.0
32,29.17634369949143,0.0
33,29.33664672856464,0.0
34,29.621729863199818,0.0
35,29.72459367094822,0.0
36,29.7922933649164,0.0
37,30.057017122749453,0.0
38,30.142846006710155,0.0
39,30.15240367248879,0.0
40,30.182442316652708,0.0
41,30.495535926459045,1.0
42,31.066666015592286,1.0
43,31.20245938709055,0.0
44,31.88877507906759,0.0
45,32.25707117166984,0.0
46,33.077896205017595,0.0
47,33.53599755912878,0.0
48,34.22449369397722,0.0
49,34.45193263854041,0.0
