,time,event
0,2.604012125416038,2.0
1,4.534903635390548,2.0
2,4.696780405467424,0.0
3,4.729884345371916,1.0
4,5.097976609679984,4.0
5,5.188961123690063,2.0
6,5.214069162356574,0.0
7,6.025404089906913,2.0
8,8.000519521862115,1.0
9,10.806551544061463,1.0
10,11.0423878108124,2.0
11,11.686923887010273,0.0
12,13.062997109879786,1.0
13,13.975553819170381,1.0
14,14.217717200978141,0.0
15,17.16457478417353,1.0
16,18.130256167601907,4.0
17,18.22556243012566,2.0
18,18.239108020000096,2.0
19,18.347732917869788,4.0
20,18.351691665359844,4.0
21,18.429689067340853,0.0
22,18.58908411385911,4.0
23,18.646461683057595,0.0
24,18.904996178408528,2.0
25,19.045396688910774,2.0
26,19.334830318676815,1.0
27,19.566270609972964,4.0
28,19.592102512987317,2.0
29,19.618212678426822,0.0
30,19.70194279726189,2.0
31,19.78442307173438,4.0
32,19.802472162396217,4.0
33,19.993922090406734,0.0
34,19.994838301747123,2.0
35,20.120026541132855,2.0
36,20.12205157591829,0.0
37,20.645559471354694,2.0
38,20.664437356160825,4.0
39,20.840042417518234,0.0
40,20.910817739113863,2.0
41,21.471111216205873,2.0
42,21.553352367735343,2.0
43,21.579393383905565,4.0
44,21.607448503820745,0.0
45,21.6077221742666,1.0
46,21.619607041668598,2.0
47,21.737576758275065,0.0
48,21.744150153291727,2.0
49,21.782800471050834,4.0
