,time,event
0,1.0911693434363963,2.0
1,1.0939674557479058,3.0
2,1.122450502135645,0.0
3,1.6513125681396603,1.0
4,1.6749843609594506,3.0
5,1.7133425748269246,3.0
6,2.4080225799264934,3.0
7,2.9318031961380604,4.0
8,2.9458212328594215,0.0
9,3.0860048838295553,4.0
10,3.8584433985586615,4.0
11,3.9602621721069937,0.0
12,4.1611262440075505,0.0
13,5.089517464535879,1.0
14,8.437521600396904,2.0
15,8.462195996842572,0.0
16,8.5139510689423,0.0
17,8.517788590353831,0.0
18,8.526756156947991,0.0
19,9.054940897393331,1.0
20,9.068185741546545,0.0
21,9.185211856089929,1.0
22,9.446059264150461,3.0
23,9.469090156969951,2.0
24,9.939022078527886,4.0
25,10.012733855865035,0.0
26,11.271384108500579,2.0
27,11.591646625007606,0.0
28,11.90282935813795,4.0
29,12.06900247319088,0.0
30,12.327752265174396,3.0
31,12.37236400444591,2.0
32,12.385342297076534,0.0
33,12.979098729423232,2.0
34,13.266319089647098,2.0
35,13.27673787192014,0.0
36,13.958246405873428,0.0
37,15.995705928408174,2.0
38,16.403237873015453,0.0
39,17.91677730980762,4.0
40,18.038265060685415,2.0
41,18.643465762986587,3.0
42,19.789112219462186,2.0
43,19.793194648176645,0.0
44,19.907254543061804,0.0
45,20.572583006456302,3.0
46,20.718718465208045,0.0
47,21.46744273150332,1.0
48,21.49379155248528,3.0
49,21.52270709664849,2.0
