,time,event
0,2.639880369795346,4.0
1,2.9011828415410155,0.0
2,4.873560762385921,2.0
3,4.876136224033427,0.0
4,5.850363600078043,4.0
5,5.850404643817973,0.0
6,5.893160829268103,3.0
7,6.279758280985154,0.0
8,6.3633050879888735,3.0
9,7.0763455335548135,4.0
10,7.098368189693174,0.0
11,7.441041792270791,0.0
12,7.512094213177651,2.0
13,7.762716564181192,3.0
14,7.882717666755483,0.0
15,8.628813054197163,2.0
16,8.63551452146582,0.0
17,8.799970450210004,3.0
18,8.905939529296669,2.0
19,9.28734510404772,0.0
20,9.423759991916882,2.0
21,9.493049949944831,0.0
22,9.56278252449362,0.0
23,10.389699797380054,2.0
24,10.490899623136203,0.0
25,10.536260851768045,3.0
26,10.630291012630346,4.0
27,10.752970671600277,0.0
28,11.08058530747611,0.0
29,11.704970992910118,4.0
30,12.153680492284034,0.0
31,12.282173835298982,0.0
32,12.476562259682918,0.0
33,14.09105858223323,1.0
34,14.32065852016267,2.0
35,14.4001712220566,0.0
36,14.417074055033945,0.0
37,14.729792775252198,3.0
38,15.06892178360237,3.0
39,15.8631840616322,2.0
40,15.931814028776133,0.0
41,16.067893663505703,0.0
42,16.763218669840832,3.0
43,17.069901728592225,3.0
44,18.294843318908704,2.0
45,20.225094341146253,2.0
46,21.655830318974505,1.0
47,21.885088093714707,3.0
48,21.900772095536684,3.0
49,29.67518856079773,2.0
