,time,event
0,0.17060613747439374,2.0
1,0.19493567529989067,3.0
2,0.1991469257772063,3.0
3,1.696639910003909,3.0
4,2.8277988910756187,4.0
5,6.472982897880678,4.0
6,6.5189172754045535,0.0
7,7.031053882302173,0.0
8,7.332630230414723,1.0
9,7.664435567357277,1.0
10,11.723019700149356,0.0
11,12.467219948877009,0.0
12,12.949098800513251,1.0
13,14.57930638421944,2.0
14,14.856841312928179,3.0
15,18.625232849527745,4.0
16,18.72692729103062,0.0
17,19.892192856096685,4.0
18,20.209503145684394,0.0
19,20.378319510965497,3.0
20,22.188614223112182,4.0
21,22.312651970863534,0.0
22,22.325955750826775,0.0
23,22.467306893738463,1.0
24,22.508813093656947,0.0
25,22.784160938595374,0.0
26,23.24067875264305,3.0
27,25.256241641998223,1.0
28,25.257755255266108,3.0
29,25.569350337452736,0.0
30,25.634097411482973,3.0
31,26.681429798352678,2.0
32,27.22463754449699,0.0
33,27.600140995710653,4.0
34,27.608732377977905,2.0
35,27.913122240217067,0.0
36,28.157719175805052,0.0
37,28.384288075668,0.0
38,28.605679398200703,2.0
39,28.83386888647149,0.0
40,30.007876759080983,3.0
41,32.857920862444004,0.0
42,33.05620489337492,2.0
43,33.24108037286767,0.0
44,33.692774287658324,0.0
45,37.54157665977967,2.0
46,38.01994009642013,2.0
47,40.353738658057374,3.0
48,40.65200668208985,2.0
49,40.810457078708104,0.0
