,time,event
0,1.1441951617980166,0.0
1,1.643580239160757,3.0
2,2.437569938325245,2.0
3,2.4703963047347326,0.0
4,2.8691884684598756,4.0
5,3.7464308357869442,0.0
6,4.0405062081239365,0.0
7,4.302588389058217,1.0
8,4.461790262890015,3.0
9,4.800761514335647,2.0
10,4.813360810713088,0.0
11,4.975242030282015,3.0
12,4.9804350752550235,0.0
13,5.081899533839219,0.0
14,6.225794719461371,2.0
15,6.295295731673868,0.0
16,6.443783987839296,2.0
17,8.202977458260367,3.0
18,11.769135175429751,2.0
19,11.841989495180497,0.0
20,12.020566136813835,1.0
21,15.496160117037956,4.0
22,15.497247602783057,0.0
23,16.267290820812303,3.0
24,16.6603441939355,1.0
25,17.8419635239237,1.0
26,18.251484361587394,4.0
27,18.641489371388428,0.0
28,20.65911513311765,0.0
29,20.946677968660303,2.0
30,21.004260860675913,0.0
31,22.255508915483126,4.0
32,22.331936777829533,0.0
33,22.3892810085383,4.0
34,22.677611572854172,0.0
35,22.776531470628175,2.0
36,22.83775833492795,0.0
37,23.427560291252846,4.0
38,23.544457639403145,0.0
39,23.866924336757148,0.0
40,24.18263558946333,4.0
41,24.25205248115735,0.0
42,26.079379398144713,4.0
43,26.40265213927659,2.0
44,26.716332926529088,3.0
45,26.89154336435079,0.0
46,27.204890294586605,1.0
47,27.248978236390627,3.0
48,28.56192480832246,3.0
49,29.53806296093857,2.0
