,time,event
0,1.0786524070307186,2.0
1,1.4363774914602017,4.0
2,1.847970485209784,2.0
3,4.171694732097811,4.0
4,4.2609237794185315,2.0
5,4.995260228690763,2.0
6,5.2166779082702694,4.0
7,5.219100539955005,0.0
8,5.572425420972762,4.0
9,5.582556316314363,0.0
10,5.589880538137954,2.0
11,5.669856123994933,0.0
12,5.717339363293903,0.0
13,9.028553602590518,4.0
14,9.527657762185733,2.0
15,9.672786124171852,0.0
16,10.173092874819561,4.0
17,10.19163817830184,2.0
18,10.84369030086729,2.0
19,10.958411850802548,4.0
20,11.012017479208312,2.0
21,11.134311926810796,4.0
22,11.268161048765435,0.0
23,11.474765302993585,0.0
24,11.579382665883992,2.0
25,12.873298254427054,2.0
26,14.998734763200835,1.0
27,16.939963967694965,1.0
28,20.743481957326832,1.0
29,23.28614057649999,1.0
30,23.288718817312052,1.0
31,25.17649292582419,4.0
32,25.590602303354164,2.0
33,25.63503259814237,4.0
34,25.655934775272485,2.0
35,25.69240236481304,2.0
36,25.700291046663978,0.0
37,25.886125106771544,0.0
38,26.098318257413286,1.0
39,26.47397159988534,0.0
40,26.576444571904926,4.0
41,26.581314431239626,2.0
42,26.91428561867024,2.0
43,26.92347010963522,4.0
44,26.995741909096747,2.0
45,27.16270661719103,2.0
46,27.192989337400988,0.0
47,27.231468068893598,2.0
48,27.361077735194502,0.0
49,28.0405909454195,0.0
