,time,event
0,1.3165708857676917,2.0
1,1.3318484928650844,0.0
2,1.8668728914159756,0.0
3,2.0527040926884257,0.0
4,2.207736647757664,1.0
5,3.1302550659063417,1.0
6,4.788175344922927,0.0
7,4.9682044906417975,0.0
8,5.103055686412011,0.0
9,6.020145348154944,0.0
10,6.331914290991741,0.0
11,6.588629505835677,4.0
12,6.606137791453905,0.0
13,6.617613891891677,0.0
14,7.128327736870478,2.0
15,7.341304397086246,0.0
16,7.582525930925655,0.0
17,7.7898740536772415,0.0
18,7.913900664035496,0.0
19,8.120933079860098,0.0
20,8.687191017386834,0.0
21,9.182911591971031,0.0
22,9.623140901559285,0.0
23,9.723643748017583,0.0
24,9.789099873645673,0.0
25,10.775528482087857,0.0
26,11.205277474359555,0.0
27,11.339059071698365,0.0
28,11.416690256944783,0.0
29,11.73704675553808,0.0
30,11.772794036517139,0.0
31,12.330839139849003,0.0
32,12.683531580551811,0.0
33,12.906401766508834,0.0
34,12.978742482885067,0.0
35,13.348231457110943,0.0
36,13.353671309614183,0.0
37,13.416302457966527,0.0
38,13.447992821522611,0.0
39,13.461015922350382,0.0
40,13.602181546396851,0.0
41,13.827722247976661,4.0
42,13.886414595846755,1.0
43,14.040065081579232,0.0
44,14.252803229146277,0.0
45,14.481469279352247,0.0
46,14.628232584603104,0.0
47,14.714066252938887,0.0
48,14.84885811895453,0.0
49,15.479451711051473,0.0
