,time,event
0,1.5731626676798134,4.0
1,2.1675590585051197,3.0
2,2.876799670952099,2.0
3,3.056363893985461,0.0
4,3.289618749736578,0.0
5,3.382948703515098,1.0
6,4.833400940280095,1.0
7,4.9291217243740935,0.0
8,5.494746404452251,3.0
9,7.334103251172371,2.0
10,7.480392334177927,2.0
11,7.572680513176956,0.0
12,7.718586171580087,0.0
13,7.786480109630917,4.0
14,7.972633980891574,0.0
15,7.984681467288912,3.0
16,8.150698728278007,0.0
17,9.475216450385984,1.0
18,9.491595085558048,0.0
19,9.77316815065805,1.0
20,9.808734894472513,0.0
21,9.920778712346019,2.0
22,10.351386269243699,2.0
23,10.422013641115688,0.0
24,11.267732537132376,1.0
25,12.33764220488878,0.0
26,13.12830039204734,1.0
27,13.96461322645578,1.0
28,13.977903384811393,0.0
29,14.537282676787914,1.0
30,16.27834589021412,0.0
31,17.8603589540074,3.0
32,19.453965561552486,0.0
33,19.58273690925855,0.0
34,19.660204409760585,0.0
35,19.748168767749547,2.0
36,19.84028254611969,0.0
37,19.883922520601363,0.0
38,20.111157978472395,0.0
39,20.20309585923402,0.0
40,20.229510547467523,0.0
41,20.265630934846087,1.0
42,20.277941317453852,0.0
43,20.45501718855948,0.0
44,20.626845108237013,1.0
45,20.751503228924108,1.0
46,20.755440803148403,0.0
47,21.352091330374726,0.0
48,21.404087486360925,0.0
49,21.565914575957294,0.0
