,time,event
0,1.1302478207333668,2.0
1,1.2431941855153719,0.0
2,1.8460922441152237,0.0
3,1.8756025722841767,1.0
4,3.140305957925058,0.0
5,3.1420782651043657,0.0
6,3.342597041860758,1.0
7,4.361468087417713,0.0
8,4.825864318200967,0.0
9,5.756797553292774,0.0
10,5.888593881068442,0.0
11,6.03326259493383,0.0
12,6.75732510860308,1.0
13,8.142275991763434,0.0
14,8.950041620891877,1.0
15,9.49721860700824,0.0
16,11.299064719307932,1.0
17,11.365648214455451,3.0
18,11.686990789578438,0.0
19,12.412033304328624,2.0
20,12.674904045934365,0.0
21,12.823888549246117,0.0
22,13.248830545565697,0.0
23,15.145553031013959,3.0
24,15.61521542786244,1.0
25,15.787462344920206,4.0
26,16.763248022006408,3.0
27,17.688831846975383,2.0
28,17.879202236869677,2.0
29,17.969299570765656,0.0
30,18.25400647969806,1.0
31,18.38588903687936,1.0
32,18.848928571995554,2.0
33,18.924195769717375,0.0
34,19.09324713493212,0.0
35,19.204601655818216,0.0
36,19.444393641185403,0.0
37,19.597017679054943,0.0
38,19.900636000422494,1.0
39,20.487902983858337,0.0
40,20.53066840837967,1.0
41,20.763723310390876,2.0
42,20.845459776211232,0.0
43,20.909413841607158,0.0
44,20.955825868075333,3.0
45,21.526627407898978,1.0
46,21.728154335975706,2.0
47,21.73147135850366,1.0
48,21.90329060964573,0.0
49,22.650819330553567,0.0
