,time,event
0,0.4939131346362574,1.0
1,1.9528109682604868,1.0
2,7.330892632526867,2.0
3,8.602482181583431,2.0
4,8.637927486165273,0.0
5,10.115758846789559,3.0
6,11.837741423586825,0.0
7,12.010440439461835,1.0
8,12.668352744466608,1.0
9,13.370012052046798,0.0
10,15.825868121836312,1.0
11,16.162529675448965,3.0
12,16.19877116440838,2.0
13,16.200734730448946,0.0
14,16.280599532980286,2.0
15,16.47879645110231,2.0
16,16.48056180061111,1.0
17,16.636843660057938,0.0
18,16.744882326813173,1.0
19,16.774442252668248,0.0
20,16.970460937590335,0.0
21,18.58873596703094,1.0
22,19.167513839873262,1.0
23,20.551609829636554,2.0
24,21.589633780873406,1.0
25,21.7539258561514,1.0
26,21.832145878729715,3.0
27,22.660695365333552,3.0
28,22.736748303119032,2.0
29,22.81635912365251,0.0
30,22.82019074496797,0.0
31,23.168457335904204,0.0
32,23.3343525696592,0.0
33,23.81029180057421,1.0
34,24.13080235640496,1.0
35,24.180783273938758,4.0
36,25.637097029217845,3.0
37,25.731384512885967,0.0
38,26.249067413588367,0.0
39,26.29481703921483,2.0
40,26.29724895556313,0.0
41,26.54116417588988,0.0
42,26.971768886662534,0.0
43,27.329075336672894,0.0
44,28.203342163694522,0.0
45,28.236283039677648,1.0
46,28.549971215183554,3.0
47,28.9049401210015,0.0
48,29.501571757580766,1.0
49,29.533521199862957,3.0
