,time,event
0,1.0799892025698683,0.0
1,2.4226710520363617,0.0
2,2.490648431751332,0.0
3,3.827342389115527,0.0
4,4.137258209423845,0.0
5,4.607210145584392,0.0
6,4.611283213526489,2.0
7,4.8487107185048695,0.0
8,5.3927045107927905,0.0
9,5.761778800126367,0.0
10,6.3602251704166965,2.0
11,7.133028553956011,2.0
12,7.314235777511835,1.0
13,7.475340717865984,1.0
14,7.738975199624426,0.0
15,7.890259668732522,1.0
16,8.326457788758962,0.0
17,8.564411530343923,1.0
18,8.670343809984951,0.0
19,8.684257105450442,0.0
20,8.92214851277596,1.0
21,9.486291042710628,0.0
22,10.154242983058019,0.0
23,10.201306366742312,0.0
24,11.201685388671319,1.0
25,11.223114102780047,2.0
26,11.443728053041323,0.0
27,11.493236430125625,0.0
28,11.503532892470611,0.0
29,11.655073988920567,0.0
30,11.655581222038238,1.0
31,11.748928144067111,0.0
32,12.102430835710742,1.0
33,12.58010226874961,0.0
34,12.689369237545895,2.0
35,12.806782180183882,0.0
36,12.932547029628784,0.0
37,13.842994743510351,1.0
38,13.957325415682762,1.0
39,14.47049233010366,0.0
40,14.647469698947962,0.0
41,15.002231720484485,0.0
42,15.054185944410444,0.0
43,16.16552734220586,0.0
44,16.650626900514055,0.0
45,16.65318943276806,1.0
46,19.017504920186326,1.0
47,19.344187474469884,1.0
48,19.768536242228535,3.0
49,21.441166884509148,1.0
