,time,event0,event1,event2
0,0,0.6792126,3.4059946537017822,0.04905898496508598
1,1,0.12477856,3.4059946537017822,0.04905898496508598
2,2,-0.027173214,3.4059946537017822,0.04905898496508598
3,3,-0.69734144,3.4059946537017822,0.04905898496508598
4,4,0.26780662,3.4059946537017822,0.04905898496508598
5,5,0.12252905,3.4059946537017822,0.04905898496508598
6,6,0.37691796,3.4059946537017822,0.04905898496508598
7,7,-0.5157306,3.4059946537017822,0.04905898496508598
8,8,-0.5463282,3.4059946537017822,0.04905898496508598
9,9,-0.73057646,3.4059946537017822,0.04905898496508598
