,time,event0,event1,event2
0,0,-0.79871374,3.4059946537017822,-0.6834730505943298
1,1,-0.8441233,3.4059946537017822,-0.6834730505943298
2,2,0.10443455,3.4059946537017822,-0.6834730505943298
3,3,0.80844367,3.4059946537017822,-0.6834730505943298
4,4,0.3770597,3.4059946537017822,-0.6834730505943298
5,5,-0.43868425,3.4059946537017822,-0.6834730505943298
6,6,-0.93974775,3.4059946537017822,-0.6834730505943298
7,7,-0.21486627,3.4059946537017822,-0.6834730505943298
8,8,-0.6749326,3.4059946537017822,-0.6834730505943298
9,9,-0.3522805,3.4059946537017822,-0.6834730505943298
