,time,event0,event1,event2
0,0,-0.8218329,3.4059946537017822,-0.44835713505744934
1,1,-0.46128222,3.4059946537017822,-0.44835713505744934
2,2,-0.8399777,3.4059946537017822,-0.44835713505744934
3,3,-0.032667276,3.4059946537017822,-0.44835713505744934
4,4,0.93724585,3.4059946537017822,-0.44835713505744934
5,5,0.3141924,3.4059946537017822,-0.44835713505744934
6,6,-0.26471817,3.4059946537017822,-0.44835713505744934
7,7,0.53467494,3.4059946537017822,-0.44835713505744934
8,8,-0.26663733,3.4059946537017822,-0.44835713505744934
9,9,-0.7910769,3.4059946537017822,-0.44835713505744934
