,time,event0,event1,event2
0,0,0.17348611,2.596935987472534,1.2662568092346191
1,1,0.12215296,2.596935987472534,1.2662568092346191
2,2,0.21165144,2.596935987472534,1.2662568092346191
3,3,0.35699415,2.596935987472534,1.2662568092346191
4,4,0.012677104,2.596935987472534,1.2662568092346191
5,5,0.24875776,2.596935987472534,1.2662568092346191
6,6,-0.46002606,2.596935987472534,1.2662568092346191
7,7,-0.17484011,2.596935987472534,1.2662568092346191
8,8,-0.66551656,2.596935987472534,1.2662568092346191
9,9,-0.12674522,2.596935987472534,1.2662568092346191
