,time,event0,event1,event2
0,0,0.24706659,0.04009808227419853,0.8659706115722656
1,1,0.2991214,0.04009808227419853,0.8659706115722656
2,2,0.53472424,0.04009808227419853,0.8659706115722656
3,3,0.9135833,0.04009808227419853,0.8659706115722656
4,4,0.064458,0.04009808227419853,0.8659706115722656
5,5,0.26585168,0.04009808227419853,0.8659706115722656
6,6,-0.22559682,0.04009808227419853,0.8659706115722656
7,7,0.41177225,0.04009808227419853,0.8659706115722656
8,8,-0.53169394,0.04009808227419853,0.8659706115722656
9,9,-0.61305773,0.04009808227419853,0.8659706115722656
