,time,event0,event1,event2
0,0,0.8776652,3.4059946537017822,-0.4417914152145386
1,1,0.33096933,3.4059946537017822,-0.4417914152145386
2,2,0.35688612,3.4059946537017822,-0.4417914152145386
3,3,-0.6437076,3.4059946537017822,-0.4417914152145386
4,4,0.9093453,3.4059946537017822,-0.4417914152145386
5,5,-0.9750526,3.4059946537017822,-0.4417914152145386
6,6,0.6661968,3.4059946537017822,-0.4417914152145386
7,7,-0.6694387,3.4059946537017822,-0.4417914152145386
8,8,-0.86391586,3.4059946537017822,-0.4417914152145386
9,9,-0.29354528,3.4059946537017822,-0.4417914152145386
