,time,event0,event1,event2
0,0,0.766879,3.4059946537017822,-0.15106512606143951
1,1,-0.12892172,3.4059946537017822,-0.15106512606143951
2,2,0.59960467,3.4059946537017822,-0.15106512606143951
3,3,0.113180414,3.4059946537017822,-0.15106512606143951
4,4,-0.28842205,3.4059946537017822,-0.15106512606143951
5,5,-0.50275797,3.4059946537017822,-0.15106512606143951
6,6,-0.0010920495,3.4059946537017822,-0.15106512606143951
7,7,0.25733027,3.4059946537017822,-0.15106512606143951
8,8,0.93005335,3.4059946537017822,-0.15106512606143951
9,9,0.38707206,3.4059946537017822,-0.15106512606143951
