,time,event0,event1,event2
0,0,0.8242267,0.3755524158477783,-0.5002399682998657
1,1,-0.52941,0.3755524158477783,-0.5002399682998657
2,2,0.5484327,0.3755524158477783,-0.5002399682998657
3,3,0.22473902,0.3755524158477783,-0.5002399682998657
4,4,0.0602277,0.3755524158477783,-0.5002399682998657
5,5,0.21195894,0.3755524158477783,-0.5002399682998657
6,6,-0.75231725,0.3755524158477783,-0.5002399682998657
7,7,-0.2940924,0.3755524158477783,-0.5002399682998657
8,8,-0.33079484,0.3755524158477783,-0.5002399682998657
9,9,0.17844708,0.3755524158477783,-0.5002399682998657
