,time,event0,event1,event2
0,0,-0.83659995,3.4059946537017822,-0.31065335869789124
1,1,-0.19235468,3.4059946537017822,-0.31065335869789124
2,2,-0.20105219,3.4059946537017822,-0.31065335869789124
3,3,0.4185134,3.4059946537017822,-0.31065335869789124
4,4,0.17398433,3.4059946537017822,-0.31065335869789124
5,5,-0.762228,3.4059946537017822,-0.31065335869789124
6,6,-0.78739417,3.4059946537017822,-0.31065335869789124
7,7,-0.14267476,3.4059946537017822,-0.31065335869789124
8,8,0.93507177,3.4059946537017822,-0.31065335869789124
9,9,0.27988923,3.4059946537017822,-0.31065335869789124
