,time,event0,event1,event2
0,0,-0.33765963,3.4059946537017822,0.669154942035675
1,1,-0.312838,3.4059946537017822,0.669154942035675
2,2,-0.0646692,3.4059946537017822,0.669154942035675
3,3,0.6230409,3.4059946537017822,0.669154942035675
4,4,-0.07152574,3.4059946537017822,0.669154942035675
5,5,-0.12820622,3.4059946537017822,0.669154942035675
6,6,0.7681286,3.4059946537017822,0.669154942035675
7,7,0.02884096,3.4059946537017822,0.669154942035675
8,8,-0.847541,3.4059946537017822,0.669154942035675
9,9,-0.14085668,3.4059946537017822,0.669154942035675
