,time,event0,event1,event2
0,0,0.05061152,0.3895634114742279,-0.4139801263809204
1,1,0.91834706,0.3895634114742279,-0.4139801263809204
2,2,0.41634881,0.3895634114742279,-0.4139801263809204
3,3,0.5015728,0.3895634114742279,-0.4139801263809204
4,4,-0.54130363,0.3895634114742279,-0.4139801263809204
5,5,0.3832617,0.3895634114742279,-0.4139801263809204
6,6,-0.78780574,0.3895634114742279,-0.4139801263809204
7,7,0.21691157,0.3895634114742279,-0.4139801263809204
8,8,0.7166627,0.3895634114742279,-0.4139801263809204
9,9,0.45268333,0.3895634114742279,-0.4139801263809204
