,time,event0,event1,event2
0,0,0.23398165,3.4059946537017822,-0.2878928780555725
1,1,0.8130361,3.4059946537017822,-0.2878928780555725
2,2,-0.48383367,3.4059946537017822,-0.2878928780555725
3,3,-0.6697633,3.4059946537017822,-0.2878928780555725
4,4,0.8647132,3.4059946537017822,-0.2878928780555725
5,5,0.049675927,3.4059946537017822,-0.2878928780555725
6,6,-0.52640724,3.4059946537017822,-0.2878928780555725
7,7,0.91477984,3.4059946537017822,-0.2878928780555725
8,8,-0.5536696,3.4059946537017822,-0.2878928780555725
9,9,-0.6249677,3.4059946537017822,-0.2878928780555725
