,time,event0,event1,event2
0,0,-0.84512466,1.5948926210403442,-0.6995815634727478
1,1,0.8314265,1.5948926210403442,-0.6995815634727478
2,2,0.9690596,1.5948926210403442,-0.6995815634727478
3,3,-0.019549314,1.5948926210403442,-0.6995815634727478
4,4,-0.45864585,1.5948926210403442,-0.6995815634727478
5,5,0.310507,1.5948926210403442,-0.6995815634727478
6,6,-0.14998041,1.5948926210403442,-0.6995815634727478
7,7,-0.8566375,1.5948926210403442,-0.6995815634727478
8,8,-0.85925436,1.5948926210403442,-0.6995815634727478
9,9,0.09255472,1.5948926210403442,-0.6995815634727478
