,time,event0,event1,event2
0,0,0.7422959,3.4059946537017822,-0.10008624196052551
1,1,-0.13390571,3.4059946537017822,-0.10008624196052551
2,2,0.004641314,3.4059946537017822,-0.10008624196052551
3,3,0.14598931,3.4059946537017822,-0.10008624196052551
4,4,0.14448203,3.4059946537017822,-0.10008624196052551
5,5,0.84505373,3.4059946537017822,-0.10008624196052551
6,6,0.5082078,3.4059946537017822,-0.10008624196052551
7,7,-0.50875914,3.4059946537017822,-0.10008624196052551
8,8,0.58016235,3.4059946537017822,-0.10008624196052551
9,9,-0.30691618,3.4059946537017822,-0.10008624196052551
