,time,event0,event1,event2
0,0,0.8224857,3.4059946537017822,-0.4209235608577728
1,1,-0.421538,3.4059946537017822,-0.4209235608577728
2,2,0.37309337,3.4059946537017822,-0.4209235608577728
3,3,-0.9391508,3.4059946537017822,-0.4209235608577728
4,4,-0.7431759,3.4059946537017822,-0.4209235608577728
5,5,-0.107789956,3.4059946537017822,-0.4209235608577728
6,6,-0.8400564,3.4059946537017822,-0.4209235608577728
7,7,0.52519506,3.4059946537017822,-0.4209235608577728
8,8,-0.16507529,3.4059946537017822,-0.4209235608577728
9,9,0.9059624,3.4059946537017822,-0.4209235608577728
