,time,event0,event1,event2
0,0,0.9579453,3.4059946537017822,-0.4734879732131958
1,1,-0.062136468,3.4059946537017822,-0.4734879732131958
2,2,-0.019464217,3.4059946537017822,-0.4734879732131958
3,3,0.9689923,3.4059946537017822,-0.4734879732131958
4,4,0.13224885,3.4059946537017822,-0.4734879732131958
5,5,-0.88155204,3.4059946537017822,-0.4734879732131958
6,6,0.278578,3.4059946537017822,-0.4734879732131958
7,7,0.41977963,3.4059946537017822,-0.4734879732131958
8,8,-0.5210561,3.4059946537017822,-0.4734879732131958
9,9,-0.30984014,3.4059946537017822,-0.4734879732131958
