,time,event0,event1,event2
0,0,-0.8405534,3.4059946537017822,-0.6138186454772949
1,1,0.6767447,3.4059946537017822,-0.6138186454772949
2,2,0.90553564,3.4059946537017822,-0.6138186454772949
3,3,-0.52979326,3.4059946537017822,-0.6138186454772949
4,4,-0.68600166,3.4059946537017822,-0.6138186454772949
5,5,0.8980365,3.4059946537017822,-0.6138186454772949
6,6,-0.44184318,3.4059946537017822,-0.6138186454772949
7,7,-0.38457188,3.4059946537017822,-0.6138186454772949
8,8,0.4272031,3.4059946537017822,-0.6138186454772949
9,9,-0.13015057,3.4059946537017822,-0.6138186454772949
