,time,event0,event1,event2
0,0,0.9753898,3.4059946537017822,-0.7387385368347168
1,1,-0.78758156,3.4059946537017822,-0.7387385368347168
2,2,-0.106608115,3.4059946537017822,-0.7387385368347168
3,3,0.69031996,3.4059946537017822,-0.7387385368347168
4,4,-0.6883984,3.4059946537017822,-0.7387385368347168
5,5,-0.87897277,3.4059946537017822,-0.7387385368347168
6,6,-0.37274867,3.4059946537017822,-0.7387385368347168
7,7,-0.48343012,3.4059946537017822,-0.7387385368347168
8,8,-0.80495286,3.4059946537017822,-0.7387385368347168
9,9,0.36263427,3.4059946537017822,-0.7387385368347168
