,time,event0,event1,event2
0,0,-0.24882987,3.4059946537017822,0.3950898349285126
1,1,0.5003105,3.4059946537017822,0.3950898349285126
2,2,-0.2417202,3.4059946537017822,0.3950898349285126
3,3,-0.5817523,3.4059946537017822,0.3950898349285126
4,4,-0.3533629,3.4059946537017822,0.3950898349285126
5,5,-0.4572271,3.4059946537017822,0.3950898349285126
6,6,0.66869515,3.4059946537017822,0.3950898349285126
7,7,-0.7049753,3.4059946537017822,0.3950898349285126
8,8,-0.72227764,3.4059946537017822,0.3950898349285126
9,9,0.3829719,3.4059946537017822,0.3950898349285126
