,time,event0,event1,event2
0,0,0.96986777,3.4059946537017822,-0.48825955390930176
1,1,-0.039456178,3.4059946537017822,-0.48825955390930176
2,2,0.5784893,3.4059946537017822,-0.48825955390930176
3,3,0.040340114,3.4059946537017822,-0.48825955390930176
4,4,0.8358489,3.4059946537017822,-0.48825955390930176
5,5,0.44522005,3.4059946537017822,-0.48825955390930176
6,6,0.29645824,3.4059946537017822,-0.48825955390930176
7,7,-0.4464189,3.4059946537017822,-0.48825955390930176
8,8,-0.60324514,3.4059946537017822,-0.48825955390930176
9,9,0.5594335,3.4059946537017822,-0.48825955390930176
