,time,event0,event1,event2
0,0,-0.011053821,0.2889200747013092,0.1229109913110733
1,1,-0.66090477,0.2889200747013092,0.1229109913110733
2,2,0.38376766,0.2889200747013092,0.1229109913110733
3,3,0.4680115,0.2889200747013092,0.1229109913110733
4,4,0.04782099,0.2889200747013092,0.1229109913110733
5,5,0.36417812,0.2889200747013092,0.1229109913110733
6,6,0.37387344,0.2889200747013092,0.1229109913110733
7,7,0.9969398,0.2889200747013092,0.1229109913110733
8,8,0.18041408,0.2889200747013092,0.1229109913110733
9,9,0.9293974,0.2889200747013092,0.1229109913110733
