,time,event0,event1,event2
0,0,-0.69948095,3.4059946537017822,-0.01859014667570591
1,1,0.1651855,3.4059946537017822,-0.01859014667570591
2,2,-0.6584452,3.4059946537017822,-0.01859014667570591
3,3,-0.27846414,3.4059946537017822,-0.01859014667570591
4,4,0.7242477,3.4059946537017822,-0.01859014667570591
5,5,0.73989874,3.4059946537017822,-0.01859014667570591
6,6,-0.3211831,3.4059946537017822,-0.01859014667570591
7,7,-0.6218414,3.4059946537017822,-0.01859014667570591
8,8,0.86230004,3.4059946537017822,-0.01859014667570591
9,9,-0.6297043,3.4059946537017822,-0.01859014667570591
