,time,event0,event1,event2
0,0,-0.5182046,3.4059946537017822,-0.2339867204427719
1,1,-0.63285303,3.4059946537017822,-0.2339867204427719
2,2,0.295523,3.4059946537017822,-0.2339867204427719
3,3,0.902976,3.4059946537017822,-0.2339867204427719
4,4,-0.07363263,3.4059946537017822,-0.2339867204427719
5,5,0.9041026,3.4059946537017822,-0.2339867204427719
6,6,-0.98043597,3.4059946537017822,-0.2339867204427719
7,7,-0.30810034,3.4059946537017822,-0.2339867204427719
8,8,-0.15458578,3.4059946537017822,-0.2339867204427719
9,9,0.27486664,3.4059946537017822,-0.2339867204427719
