,time,event0,event1,event2
0,0,-0.7795066,3.4059946537017822,-0.22762461006641388
1,1,0.23700228,3.4059946537017822,-0.22762461006641388
2,2,0.9591211,3.4059946537017822,-0.22762461006641388
3,3,-0.95293635,3.4059946537017822,-0.22762461006641388
4,4,0.3454546,3.4059946537017822,-0.22762461006641388
5,5,-0.5849549,3.4059946537017822,-0.22762461006641388
6,6,-0.1743993,3.4059946537017822,-0.22762461006641388
7,7,-0.23949812,3.4059946537017822,-0.22762461006641388
8,8,-0.078517325,3.4059946537017822,-0.22762461006641388
9,9,-0.5596258,3.4059946537017822,-0.22762461006641388
