,time,event0,event1,event2
0,0,-0.17627503,1.3714303970336914,0.5571814775466919
1,1,-0.4684085,1.3714303970336914,0.5571814775466919
2,2,-0.41786018,1.3714303970336914,0.5571814775466919
3,3,0.49667183,1.3714303970336914,0.5571814775466919
4,4,-0.46702412,1.3714303970336914,0.5571814775466919
5,5,0.4830311,1.3714303970336914,0.5571814775466919
6,6,-0.44034073,1.3714303970336914,0.5571814775466919
7,7,0.30896148,1.3714303970336914,0.5571814775466919
8,8,0.59972435,1.3714303970336914,0.5571814775466919
9,9,-0.5142121,1.3714303970336914,0.5571814775466919
