,time,event0,event1,event2
0,0,-0.94117606,3.4059946537017822,-0.46413716673851013
1,1,0.15180707,3.4059946537017822,-0.46413716673851013
2,2,0.6214006,3.4059946537017822,-0.46413716673851013
3,3,-0.062002312,3.4059946537017822,-0.46413716673851013
4,4,-0.29687682,3.4059946537017822,-0.46413716673851013
5,5,-0.17386875,3.4059946537017822,-0.46413716673851013
6,6,0.34301808,3.4059946537017822,-0.46413716673851013
7,7,-0.36020908,3.4059946537017822,-0.46413716673851013
8,8,0.79514307,3.4059946537017822,-0.46413716673851013
9,9,0.14065929,3.4059946537017822,-0.46413716673851013
