,time,event0,event1,event2
0,0,-0.24477676,3.4059946537017822,0.19183771312236786
1,1,-0.5851211,3.4059946537017822,0.19183771312236786
2,2,0.7813093,3.4059946537017822,0.19183771312236786
3,3,0.041235298,3.4059946537017822,0.19183771312236786
4,4,-0.7283529,3.4059946537017822,0.19183771312236786
5,5,-0.39600918,3.4059946537017822,0.19183771312236786
6,6,0.6663848,3.4059946537017822,0.19183771312236786
7,7,0.6597763,3.4059946537017822,0.19183771312236786
8,8,0.9252068,3.4059946537017822,0.19183771312236786
9,9,-0.63066316,3.4059946537017822,0.19183771312236786
