,time,event0,event1,event2
0,0,0.23238052,2.111069917678833,-0.4995271563529968
1,1,0.95108885,2.111069917678833,-0.4995271563529968
2,2,0.69374824,2.111069917678833,-0.4995271563529968
3,3,0.301587,2.111069917678833,-0.4995271563529968
4,4,-0.6561173,2.111069917678833,-0.4995271563529968
5,5,-0.995147,2.111069917678833,-0.4995271563529968
6,6,0.8668145,2.111069917678833,-0.4995271563529968
7,7,-0.68237394,2.111069917678833,-0.4995271563529968
8,8,0.55372983,2.111069917678833,-0.4995271563529968
9,9,0.24720259,2.111069917678833,-0.4995271563529968
