,time,event0,event1,event2
0,0,-0.3617996,3.4059946537017822,-0.5861478447914124
1,1,0.9876425,3.4059946537017822,-0.5861478447914124
2,2,-0.630287,3.4059946537017822,-0.5861478447914124
3,3,-0.7313939,3.4059946537017822,-0.5861478447914124
4,4,0.9676868,3.4059946537017822,-0.5861478447914124
5,5,0.7823347,3.4059946537017822,-0.5861478447914124
6,6,0.2945418,3.4059946537017822,-0.5861478447914124
7,7,-0.06898619,3.4059946537017822,-0.5861478447914124
8,8,0.6709928,3.4059946537017822,-0.5861478447914124
9,9,0.6743982,3.4059946537017822,-0.5861478447914124
