,time,event0,event1,event2
0,0,-0.883843,3.4059946537017822,-0.611319899559021
1,1,0.6146498,3.4059946537017822,-0.611319899559021
2,2,0.2034982,3.4059946537017822,-0.611319899559021
3,3,0.8698637,3.4059946537017822,-0.611319899559021
4,4,-0.6192969,3.4059946537017822,-0.611319899559021
5,5,0.20788613,3.4059946537017822,-0.611319899559021
6,6,0.59350115,3.4059946537017822,-0.611319899559021
7,7,0.21973373,3.4059946537017822,-0.611319899559021
8,8,0.8051054,3.4059946537017822,-0.611319899559021
9,9,-0.5467826,3.4059946537017822,-0.611319899559021
