,time,event0,event1,event2
0,0,0.9922275,3.4059946537017822,-0.7915524840354919
1,1,-0.9830971,3.4059946537017822,-0.7915524840354919
2,2,-0.2340762,3.4059946537017822,-0.7915524840354919
3,3,0.14262982,3.4059946537017822,-0.7915524840354919
4,4,-0.56803524,3.4059946537017822,-0.7915524840354919
5,5,0.0048473477,3.4059946537017822,-0.7915524840354919
6,6,-0.8382041,3.4059946537017822,-0.7915524840354919
7,7,0.41298014,3.4059946537017822,-0.7915524840354919
8,8,-0.020565333,3.4059946537017822,-0.7915524840354919
9,9,-0.797919,3.4059946537017822,-0.7915524840354919
