,time,event0,event1,event2
0,0,-0.68846333,3.4059946537017822,-0.7157444357872009
1,1,0.9967823,3.4059946537017822,-0.7157444357872009
2,2,0.8925987,3.4059946537017822,-0.7157444357872009
3,3,-0.10326802,3.4059946537017822,-0.7157444357872009
4,4,-0.06070203,3.4059946537017822,-0.7157444357872009
5,5,-0.6483425,3.4059946537017822,-0.7157444357872009
6,6,-0.49463588,3.4059946537017822,-0.7157444357872009
7,7,0.70671016,3.4059946537017822,-0.7157444357872009
8,8,-0.17059435,3.4059946537017822,-0.7157444357872009
9,9,0.3155777,3.4059946537017822,-0.7157444357872009
