,time,event0,event1,event2
0,0,0.123637825,3.4059946537017822,-0.37658944725990295
1,1,0.8879128,3.4059946537017822,-0.37658944725990295
2,2,0.77207893,3.4059946537017822,-0.37658944725990295
3,3,0.6260802,3.4059946537017822,-0.37658944725990295
4,4,0.830987,3.4059946537017822,-0.37658944725990295
5,5,0.5274197,3.4059946537017822,-0.37658944725990295
6,6,-0.8563917,3.4059946537017822,-0.37658944725990295
7,7,-0.12207282,3.4059946537017822,-0.37658944725990295
8,8,0.008619006,3.4059946537017822,-0.37658944725990295
9,9,-0.6521721,3.4059946537017822,-0.37658944725990295
