,time,event0,event1,event2
0,0,0.49865967,3.4059946537017822,0.3579465448856354
1,1,0.2808151,3.4059946537017822,0.3579465448856354
2,2,-0.3736281,3.4059946537017822,0.3579465448856354
3,3,-0.09054215,3.4059946537017822,0.3579465448856354
4,4,-0.79571223,3.4059946537017822,0.3579465448856354
5,5,-0.47506386,3.4059946537017822,0.3579465448856354
6,6,-0.43398216,3.4059946537017822,0.3579465448856354
7,7,0.6637475,3.4059946537017822,0.3579465448856354
8,8,0.8950892,3.4059946537017822,0.3579465448856354
9,9,-0.59980077,3.4059946537017822,0.3579465448856354
