,time,event0,event1,event2
0,0,-0.22179359,3.4059946537017822,0.1871105581521988
1,1,0.5961461,3.4059946537017822,0.1871105581521988
2,2,-0.7594165,3.4059946537017822,0.1871105581521988
3,3,-0.15991278,3.4059946537017822,0.1871105581521988
4,4,0.24385534,3.4059946537017822,0.1871105581521988
5,5,0.3953643,3.4059946537017822,0.1871105581521988
6,6,-0.7444327,3.4059946537017822,0.1871105581521988
7,7,0.9209668,3.4059946537017822,0.1871105581521988
8,8,-0.976997,3.4059946537017822,0.1871105581521988
9,9,-0.96625733,3.4059946537017822,0.1871105581521988
