,time,event0,event1,event2
0,0,-0.8816188,3.4059946537017822,-0.5524387359619141
1,1,-0.5160367,3.4059946537017822,-0.5524387359619141
2,2,-0.9917377,3.4059946537017822,-0.5524387359619141
3,3,-0.8731517,3.4059946537017822,-0.5524387359619141
4,4,0.47910282,3.4059946537017822,-0.5524387359619141
5,5,-0.7471769,3.4059946537017822,-0.5524387359619141
6,6,-0.0336605,3.4059946537017822,-0.5524387359619141
7,7,0.801335,3.4059946537017822,-0.5524387359619141
8,8,-0.32579413,3.4059946537017822,-0.5524387359619141
9,9,0.400211,3.4059946537017822,-0.5524387359619141
