,time,event0,event1,event2
0,0,-0.45709294,3.4059946537017822,0.5293932557106018
1,1,-0.22716534,3.4059946537017822,0.5293932557106018
2,2,-0.7593284,3.4059946537017822,0.5293932557106018
3,3,0.525751,3.4059946537017822,0.5293932557106018
4,4,-0.92500764,3.4059946537017822,0.5293932557106018
5,5,0.95463663,3.4059946537017822,0.5293932557106018
6,6,-0.28450376,3.4059946537017822,0.5293932557106018
7,7,0.35710302,3.4059946537017822,0.5293932557106018
8,8,-0.07191914,3.4059946537017822,0.5293932557106018
9,9,-0.7270119,3.4059946537017822,0.5293932557106018
