,time,event0,event1,event2
0,0,-0.5349574,3.4059946537017822,-0.64007967710495
1,1,0.96985006,3.4059946537017822,-0.64007967710495
2,2,-0.34096238,3.4059946537017822,-0.64007967710495
3,3,-0.26811883,3.4059946537017822,-0.64007967710495
4,4,0.12872869,3.4059946537017822,-0.64007967710495
5,5,0.56806237,3.4059946537017822,-0.64007967710495
6,6,0.05210414,3.4059946537017822,-0.64007967710495
7,7,-0.36868817,3.4059946537017822,-0.64007967710495
8,8,-0.88628167,3.4059946537017822,-0.64007967710495
9,9,-0.4770155,3.4059946537017822,-0.64007967710495
