,time,event0,event1,event2
0,0,-0.7951738,3.4059946537017822,-0.6975025534629822
1,1,0.87507373,3.4059946537017822,-0.6975025534629822
2,2,0.5865704,3.4059946537017822,-0.6975025534629822
3,3,-0.5030863,3.4059946537017822,-0.6975025534629822
4,4,0.7610008,3.4059946537017822,-0.6975025534629822
5,5,-0.052585553,3.4059946537017822,-0.6975025534629822
6,6,-0.716624,3.4059946537017822,-0.6975025534629822
7,7,-0.4615536,3.4059946537017822,-0.6975025534629822
8,8,0.19252563,3.4059946537017822,-0.6975025534629822
9,9,0.71542037,3.4059946537017822,-0.6975025534629822
