,time,event0,event1,event2
0,0,0.49397007,3.4059946537017822,-0.2996993958950043
1,1,0.6947051,3.4059946537017822,-0.2996993958950043
2,2,0.6552776,3.4059946537017822,-0.2996993958950043
3,3,-0.4042176,3.4059946537017822,-0.2996993958950043
4,4,-0.25269574,3.4059946537017822,-0.2996993958950043
5,5,-0.6692783,3.4059946537017822,-0.2996993958950043
6,6,0.5278653,3.4059946537017822,-0.2996993958950043
7,7,0.7338195,3.4059946537017822,-0.2996993958950043
8,8,-0.052006263,3.4059946537017822,-0.2996993958950043
9,9,0.58667666,3.4059946537017822,-0.2996993958950043
