,time,event0,event1,event2
0,0,-0.7590947,3.4059946537017822,-0.3515401780605316
1,1,0.4483542,3.4059946537017822,-0.3515401780605316
2,2,0.015379014,3.4059946537017822,-0.3515401780605316
3,3,-0.87162215,3.4059946537017822,-0.3515401780605316
4,4,-0.6538683,3.4059946537017822,-0.3515401780605316
5,5,0.6378452,3.4059946537017822,-0.3515401780605316
6,6,0.73855275,3.4059946537017822,-0.3515401780605316
7,7,0.07220727,3.4059946537017822,-0.3515401780605316
8,8,-0.33615777,3.4059946537017822,-0.3515401780605316
9,9,0.07658575,3.4059946537017822,-0.3515401780605316
