,time,event0,event1,event2
0,0,-0.36027214,2.13566517829895,0.025212954729795456
1,1,-0.6006059,2.13566517829895,0.025212954729795456
2,2,-0.22183004,2.13566517829895,0.025212954729795456
3,3,0.30420545,2.13566517829895,0.025212954729795456
4,4,0.24655536,2.13566517829895,0.025212954729795456
5,5,0.72273135,2.13566517829895,0.025212954729795456
6,6,0.2743128,2.13566517829895,0.025212954729795456
7,7,-0.6943776,2.13566517829895,0.025212954729795456
8,8,0.020395074,2.13566517829895,0.025212954729795456
9,9,0.8637448,2.13566517829895,0.025212954729795456
