,time,event0,event1,event2
0,0,0.98532706,3.4059946537017822,-0.5140003561973572
1,1,-0.097711384,3.4059946537017822,-0.5140003561973572
2,2,-0.20799598,3.4059946537017822,-0.5140003561973572
3,3,-0.7084627,3.4059946537017822,-0.5140003561973572
4,4,0.6695881,3.4059946537017822,-0.5140003561973572
5,5,0.53512293,3.4059946537017822,-0.5140003561973572
6,6,-0.47411472,3.4059946537017822,-0.5140003561973572
7,7,0.9265085,3.4059946537017822,-0.5140003561973572
8,8,0.9376265,3.4059946537017822,-0.5140003561973572
9,9,-0.9244276,3.4059946537017822,-0.5140003561973572
