,time,event0,event1,event2
0,0,-0.42961746,2.5443332195281982,-0.21036379039287567
1,1,0.68212,2.5443332195281982,-0.21036379039287567
2,2,-0.15787806,2.5443332195281982,-0.21036379039287567
3,3,0.4733412,2.5443332195281982,-0.21036379039287567
4,4,-0.695879,2.5443332195281982,-0.21036379039287567
5,5,0.3005756,2.5443332195281982,-0.21036379039287567
6,6,-0.347565,2.5443332195281982,-0.21036379039287567
7,7,-0.24073552,2.5443332195281982,-0.21036379039287567
8,8,-0.7934469,2.5443332195281982,-0.21036379039287567
9,9,0.900067,2.5443332195281982,-0.21036379039287567
