,time,event
0,16364.105601851854,4
1,16364.105810185183,4
2,16364.169942129629,3
3,16364.170081018518,0
4,16364.17023148148,4
5,16364.170659722222,4
6,16364.17077546296,4
7,16364.171458333334,3
8,16364.171458333334,0
9,16364.172476851852,3
10,16364.172592592593,0
11,16364.189444444444,0
12,16395.120833333334,6
13,16407.25896990741,3
14,16407.25949074074,3
15,16426.487106481483,1
16,16427.043252314816,1
17,16451.11934027778,1
18,16473.300902777777,3
19,16473.301296296297,3
