,time,event
0,16318.0234375,1
1,16344.082881944443,0
2,16351.233287037036,1
3,16351.233310185184,1
4,16352.525069444444,1
5,16352.929675925923,1
6,16352.929675925923,5
7,16353.020555555557,1
8,16353.020694444444,1
9,16353.020694444444,5
10,16353.021111111111,1
11,16353.021377314817,1
12,16353.021377314817,5
13,16354.222280092592,1
14,16354.222280092592,5
15,16355.075393518518,1
16,16355.075393518518,1
17,16355.075393518518,1
18,16355.075393518518,1
19,16355.075393518518,1
20,16355.075416666668,1
21,16355.075416666668,1
22,16355.075416666668,1
23,16355.075416666668,1
24,16355.075416666668,1
25,16358.049826388891,1
26,16358.08273148148,1
27,16358.08273148148,5
28,16358.174814814814,3
29,16358.175300925925,1
30,16358.175300925925,1
31,16358.175300925925,1
32,16358.182743055557,1
33,16358.189583333333,6
34,16360.17241898148,3
35,16363.099270833334,0
36,16363.248472222222,1
37,16363.297777777778,3
38,16363.297777777778,3
39,16364.027650462964,3
40,16373.941423611112,0
41,16378.08170138889,2
42,16387.32519675926,1
43,16387.326307870368,1
44,16404.339305555557,2
45,16431.18215277778,0
46,16431.394537037042,0
47,16441.08365740741,2
48,16441.08365740741,5
49,16441.083668981482,5
50,16441.08423611111,2
51,16441.08423611111,5
52,16441.085277777776,2
53,16441.085277777776,5
54,16441.085300925926,5
55,16460.182569444445,3
56,16460.182569444445,3
57,16471.90375,1
58,16472.023252314815,1
59,16472.12746527778,5
60,16472.12800925926,5
61,16472.12869212963,5
62,16485.0484375,5
63,16485.0484375,5
64,16485.0484375,5
65,16485.04915509259,5
66,16485.049444444445,1
67,16485.054131944446,5
68,16485.083506944444,5
69,16485.084409722218,5
70,16485.084722222222,5
71,16485.084872685184,5
72,16485.085925925927,5
73,16485.08625,5
74,16485.08625,1
75,16507.41204861111,0
76,16511.05752314815,4
77,16511.05752314815,4
78,16511.058101851853,4
79,16511.06048611111,4
80,16511.06076388889,4
81,16511.062569444446,4
82,16511.062696759258,4
83,16511.062835648147,4
84,16513.017430555556,1
85,16516.130277777782,1
86,16516.130300925925,1
87,16516.18613425926,1
