,time,event
366280,16330.028622685186,4
366281,16330.029004629632,4
366282,16330.029305555556,3
366283,16330.029305555556,3
366284,16330.029560185183,4
366285,16330.030011574076,4
366286,16330.030011574076,4
366287,16330.030011574076,4
366289,16330.030289351853,4
366288,16330.030289351853,4
366290,16330.030567129632,4
366291,16330.030729166667,4
366292,16330.031388888889,4
366293,16330.036145833335,4
366294,16330.036504629632,3
366295,16343.030173611109,2
366296,16366.315891203703,0
366297,16370.257557870369,3
366298,16370.259097222222,3
366299,16379.299710648147,0
366300,16380.029976851853,0
366301,16380.03332175926,0
366302,16394.090300925927,4
366303,16394.09056712963,4
366304,16394.09056712963,4
366305,16394.140868055554,4
366306,16405.385844907407,0
366307,16407.469444444443,6
366308,16417.10386574074,0
366309,16472.079965277782,0
366310,16477.477569444443,2
366311,16477.976006944446,4
366312,16477.97633101852,4
366313,16477.97633101852,4
366314,16478.074826388893,4
366315,16478.074849537035,4
