,time,event
0,16316.124097222222,5
1,16384.106493055555,5
2,16384.109270833334,3
3,16384.109953703704,3
4,16406.948576388888,2
5,16436.04710648148,2
6,16468.411585648148,1
7,16492.939293981482,1
8,16497.223622685186,1
9,16510.210451388888,2
