,time,event
28900,16326.179942129631,1
28901,16330.993703703703,4
28902,16330.993703703703,4
28903,16330.994166666667,4
28904,16330.99454861111,4
28905,16330.994722222222,4
28906,16330.99667824074,4
28907,16350.1834375,0
28908,16358.3065625,0
28909,16359.965914351853,0
28910,16359.986504629629,3
28911,16359.986504629629,0
28912,16359.989791666667,0
28913,16366.432037037037,1
28914,16366.432291666664,1
28915,16381.102766203703,1
28916,16381.226898148147,2
28917,16382.315578703703,0
28918,16401.281064814815,0
28919,16412.623969907407,2
28920,16443.204375,2
28921,16464.21585648148,0
28922,16471.09375,6
28923,16471.151377314814,3
28924,16471.157175925928,3
28925,16476.068692129633,0
28926,16480.50429398148,1
28927,16481.967962962965,1
28929,16481.967986111107,1
28928,16481.967986111107,1
28930,16481.96800925926,1
28931,16481.968553240742,1
28932,16481.968969907408,1
28933,16481.983298611107,5
28934,16481.98851851852,5
28935,16481.988541666666,5
28936,16481.98869212963,5
28937,16481.989074074074,5
28939,16481.991782407407,5
28938,16481.991782407407,5
28940,16481.99195601852,1
28941,16481.992777777778,1
28942,16481.99303240741,1
28943,16481.993854166667,1
28944,16482.08011574074,1
28945,16482.080393518518,1
28946,16482.08064814815,1
28947,16482.080671296295,1
28948,16482.08271990741,1
28949,16482.08303240741,1
28950,16482.083206018517,1
28951,16482.083599537036,1
28952,16482.084131944444,1
28953,16482.084432870368,1
28954,16486.203796296297,1
28957,16486.20519675926,1
28958,16486.20519675926,1
28955,16486.20519675926,1
28956,16486.20519675926,1
28959,16486.22152777778,6
28968,16488.966956018518,1
28967,16488.966956018518,1
28965,16488.966956018518,1
28964,16488.966956018518,1
28966,16488.966956018518,1
28962,16488.966956018518,1
28961,16488.966956018518,1
28960,16488.966956018518,1
28963,16488.966956018518,1
28969,16489.105347222223,3
28970,16489.122604166667,1
28971,16489.124791666665,3
28972,16498.223090277777,2
28973,16503.637083333335,2
28974,16503.637083333335,5
28975,16506.977881944444,1
28976,16517.143113425926,0
