,time,event
0,16328.169074074074,2
1,16331.314328703704,0
2,16342.977557870368,2
3,16369.756701388891,2
4,16369.757013888891,5
5,16369.757013888891,5
6,16369.758935185186,5
7,16370.695960648147,3
8,16370.696516203703,3
9,16393.29844907408,0
10,16400.359791666666,0
11,16402.05,4
12,16402.39912037037,4
13,16402.399537037036,4
14,16402.399537037036,4
15,16402.39980324074,4
16,16406.32380787037,0
17,16415.308240740742,1
18,16415.762256944443,1
19,16415.762939814816,1
20,16416.138819444444,1
21,16416.208020833332,1
22,16416.216215277782,1
23,16416.218055555557,6
24,16417.06096064815,3
25,16417.089097222222,1
26,16417.089907407408,1
27,16417.093946759258,3
28,16417.09935185185,3
29,16417.306527777782,1
30,16418.430659722224,1
31,16418.430659722224,1
32,16418.430659722224,1
33,16419.058171296296,1
34,16419.058171296296,1
35,16419.058171296296,1
36,16421.336527777778,1
37,16421.726365740742,1
38,16421.726365740742,1
39,16421.726365740742,1
40,16422.043912037036,1
41,16422.043912037036,1
42,16422.04394675926,1
43,16422.04394675926,1
44,16422.04394675926,1
45,16422.04394675926,1
46,16422.106944444444,6
47,16422.300289351853,3
48,16422.303356481483,3
49,16447.723402777778,3
50,16449.175,6
51,16449.21321759259,4
52,16449.214178240738,3
53,16449.261840277777,3
54,16449.265185185184,3
55,16457.304699074073,1
56,16457.305138888893,1
57,16518.08144675926,2
58,16519.1928125,2
59,16519.1928125,5
60,16519.193078703705,5
61,16519.397314814814,2
62,16520.98665509259,2
63,16520.98665509259,5
64,16520.98667824074,5
65,16523.615729166668,2
