,time,event
15617,16317.187870370368,5
15618,16317.18800925926,5
15619,16342.260578703703,4
15620,16342.260729166665,4
15621,16342.260729166665,4
15622,16342.587546296296,4
15623,16342.5878125,4
15624,16345.5609375,1
15625,16345.563680555557,1
15626,16345.563993055557,1
15627,16378.285474537037,2
15628,16394.067314814816,2
15629,16394.410243055554,0
15630,16403.544085648147,0
15631,16410.256481481483,1
15632,16413.507905092592,2
15633,16424.275694444445,6
15634,16426.15268518518,1
15635,16426.527696759258,0
15636,16434.165706018517,0
15637,16434.36435185185,0
15638,16435.317233796297,0
15639,16437.647777777776,0
15640,16438.08525462963,0
15641,16438.268414351853,1
15642,16440.279641203702,0
15643,16441.590196759258,2
15644,16441.61113425926,2
15645,16441.615162037036,2
15646,16441.63740740741,2
15647,16442.15,6
15648,16442.24,5
15649,16442.571712962963,0
15650,16442.898703703704,0
15651,16442.89898148148,0
15652,16442.936354166668,0
15653,16443.124837962958,3
15654,16443.125416666666,3
15655,16443.127233796295,0
15656,16443.170289351852,0
15657,16443.213055555556,0
15658,16443.293923611112,0
15659,16443.330868055556,0
15660,16443.33125,6
15661,16443.36226851852,0
15662,16443.383923611113,0
15663,16443.957951388893,0
15664,16443.958067129628,0
15665,16444.400104166667,3
15666,16444.400243055556,3
15667,16445.115416666667,0
15668,16447.324039351854,0
15669,16447.99943287037,0
15670,16449.55684027778,0
15671,16449.567361111112,6
15672,16450.1459375,3
15673,16450.174895833334,3
15674,16450.17509259259,0
15675,16450.176157407408,0
15676,16470.230486111108,1
15677,16477.245983796296,1
15678,16478.306944444445,6
15679,16499.28261574074,5
15680,16499.319328703703,5
15681,16499.330868055556,5
15682,16499.342361111107,5
