,time,event
57689,16326.176377314814,1
57690,16326.265127314817,3
57691,16326.277847222222,3
57692,16326.280034722222,3
57693,16335.410787037035,4
57694,16335.410787037035,4
57695,16335.484039351853,4
57696,16335.4840625,4
57697,16335.4840625,4
57698,16335.4840625,4
57699,16336.581192129632,4
57700,16336.581192129632,4
57702,16336.581469907407,4
57701,16336.581469907407,4
57703,16338.181122685186,4
57704,16338.181504629629,4
57705,16338.224467592592,4
57706,16342.133472222222,1
57707,16342.193356481483,3
57708,16342.193599537037,1
57709,16342.193622685183,1
57710,16344.501284722222,1
57711,16366.141053240739,1
57712,16368.084317129631,5
57713,16372.393263888891,1
57714,16372.393564814814,1
57715,16400.195844907408,1
57716,16401.006064814814,1
57717,16401.018055555556,6
57718,16413.335138888888,5
57719,16413.337118055555,5
57720,16413.34375,6
57721,16413.41445601852,5
57722,16413.46958333333,5
57723,16413.472083333334,3
57724,16413.472233796296,3
57725,16456.400104166667,1
57726,16456.400231481482,1
57727,16456.406944444443,6
57728,16456.544872685186,1
57729,16456.545046296298,1
57730,16456.545439814814,1
57731,16456.545856481483,1
57732,16456.546678240742,1
57733,16456.54685185185,1
57734,16456.548356481482,1
57735,16456.55002314815,3
57736,16456.551805555555,3
57737,16468.387824074074,2
57738,16480.167060185184,1
57739,16506.381041666667,1
57740,16526.276886574073,2
57741,16526.276886574073,5
