,time,event
74929,16325.218321759261,1
74930,16388.51777777778,0
74931,16416.238888888893,6
74932,16416.430949074074,3
74933,16416.465243055554,3
74934,16433.58795138889,5
74935,16479.070381944446,4
74936,16479.070509259258,4
74937,16479.073414351853,2
74938,16479.11053240741,2
74939,16479.125694444443,4
74940,16479.125694444443,4
74941,16479.125694444443,4
74942,16479.125960648147,4
74943,16479.125960648147,4
74944,16479.125960648147,4
74945,16492.207569444443,0
74946,16492.207835648147,0
74947,16493.168217592593,0
74948,16504.100057870368,0
