,time,event
75876,16315.043680555556,0
75877,16341.008888888891,1
75878,16358.060555555556,0
75879,16359.10105324074,0
75880,16361.129421296297,0
75881,16380.366620370369,1
75882,16396.288287037038,0
75883,16424.167708333334,2
75884,16424.16851851852,2
75885,16428.652465277777,1
75886,16429.104895833334,1
75887,16482.042025462964,1
75888,16496.03746527778,0
75889,16496.04050925926,3
75890,16496.04053240741,3
75891,16496.042986111108,3
