,time,event
134635,16314.248692129631,1
134636,16323.432430555556,1
134637,16345.979560185186,2
134638,16346.00792824074,0
134639,16346.040972222225,4
134640,16346.040972222225,4
134641,16346.041111111112,4
134642,16346.045810185184,4
134643,16346.045810185184,4
134644,16346.045960648147,4
134645,16352.96414351852,4
134646,16352.964282407407,4
134647,16353.01875,2
134648,16353.019548611112,2
134649,16353.020254629631,2
134650,16353.020949074074,2
134651,16353.021527777775,2
134652,16353.022210648147,2
134653,16353.022881944444,2
134654,16353.023460648146,2
134655,16353.024143518518,2
134656,16353.024872685186,2
134657,16353.025405092592,2
134658,16353.025960648147,2
134659,16353.02675925926,2
134660,16353.027453703704,2
134661,16353.02804398148,2
134662,16353.028715277778,2
134663,16353.02940972222,2
134664,16353.029976851853,2
134665,16353.030671296296,2
134666,16353.03125,2
134667,16353.032037037035,2
134668,16353.033587962964,4
134669,16357.428344907406,0
134670,16359.723078703704,2
134671,16359.941134259261,4
134672,16359.941284722225,4
134673,16359.941284722225,4
134674,16360.026157407407,4
134675,16371.633125,3
134676,16386.327164351853,2
134677,16402.104872685184,0
134678,16406.49224537037,0
134679,16434.16909722222,3
134680,16434.170833333334,3
134681,16453.21116898148,0
134682,16477.045057870368,4
134683,16477.045057870368,4
134684,16477.045358796295,4
134685,16477.045358796295,4
134686,16477.045902777776,4
134687,16477.04605324074,4
134688,16478.942256944443,4
134689,16478.942280092593,4
134690,16479.027118055557,4
134691,16484.0234375,4
134692,16484.023587962958,4
134693,16484.023587962958,4
134694,16484.031087962958,4
134695,16490.986435185187,4
134696,16490.986597222218,4
134697,16511.146122685186,3
134698,16511.14625,0
134699,16511.16186342592,0
134700,16513.34986111111,3
134701,16514.426412037035,1
134702,16514.42643518518,1
134703,16521.218472222223,0
