,time,event
0,16315.976388888888,1
1,16321.253530092592,0
2,16328.142766203704,1
3,16330.019895833333,1
4,16330.01991898148,1
5,16330.029108796296,1
6,16330.029895833333,1
7,16342.396574074071,2
8,16346.05826388889,1
9,16370.226388888888,6
10,16380.154282407408,1
11,16387.135381944445,1
12,16391.027233796296,2
13,16400.042824074073,1
14,16404.152488425927,2
15,16416.062546296296,0
16,16418.27173611111,0
17,16423.334166666667,1
18,16423.381666666668,1
19,16435.123611111107,6
20,16435.13920138889,4
21,16435.13920138889,4
22,16435.139328703703,4
23,16435.139328703703,4
24,16435.139479166668,4
25,16435.139618055557,4
26,16436.134502314813,1
27,16436.28914351852,1
28,16446.036805555555,6
29,16450.198298611107,0
30,16453.09652777778,6
31,16482.10315972222,2
32,16490.226006944446,1
33,16491.282337962963,0
34,16491.28253472222,0
35,16492.113263888892,3
36,16492.113402777777,3
37,16496.2278125,0
38,16524.034421296295,3
39,16524.034872685184,3
