,time,event
42866,16435.197280092594,5
42867,16435.317627314816,1
42868,16440.272395833334,2
42869,16448.2190625,0
42870,16448.224768518518,3
42871,16448.227777777778,6
42872,16449.032604166667,3
42873,16482.068252314813,0
42874,16494.251377314813,0
42875,16496.338194444445,6
42876,16496.501180555555,3
42877,16521.283738425926,0
