,time,event
161033,16315.041875,0
161034,16318.63704861111,0
161035,16324.320682870368,0
161036,16328.271180555557,0
161037,16331.43949074074,1
161038,16350.184270833333,0
161039,16354.02476851852,0
161040,16365.141157407406,0
161041,16418.37177083333,1
161042,16459.193622685187,0
161043,16475.140277777777,6
161044,16484.364305555555,0
161045,16486.095833333333,6
161046,16492.382465277777,0
161047,16499.17662037037,0
161048,16513.139421296295,4
161049,16513.140972222223,4
161050,16513.141111111112,4
161051,16513.14167824074,4
