,time,event
162918,16317.22414351852,1
162919,16318.190625,1
162920,16318.19107638889,1
162921,16318.191354166667,1
162922,16329.19667824074,2
162923,16335.011458333332,1
162924,16335.011643518517,1
162925,16335.012060185183,1
162926,16380.310486111111,2
162927,16455.244444444445,6
