,time,event
166950,16357.077569444444,4
166951,16357.078912037035,4
166952,16357.0790625,4
166953,16384.10085648148,3
166954,16391.001828703702,1
166955,16392.091585648148,1
166956,16392.091585648148,1
