,time,event
44385,16318.041157407408,3
44386,16318.206284722222,2
44387,16409.229305555556,2
44388,16413.32605324074,5
44389,16413.368425925924,5
44390,16433.115891203703,1
44391,16435.185185185186,2
44392,16435.351446759258,2
44393,16435.402835648147,2
44394,16435.41319444444,6
44395,16444.28615740741,3
44396,16444.28615740741,3
44397,16444.286296296297,3
44398,16495.215115740742,2
44399,16498.116041666668,2
44400,16504.42270833333,2
44401,16504.42270833333,5
