,time,event
0,16315.053240740739,1
1,16317.116724537036,1
2,16345.140636574077,1
3,16360.155451388891,2
4,16360.15547453704,2
5,16360.15550925926,5
6,16360.155543981482,5
7,16373.127037037037,1
8,16374.261539351854,1
9,16395.529456018518,1
10,16415.11255787037,1
11,16415.370868055557,1
12,16420.472303240742,1
13,16422.276307870372,1
14,16422.294444444444,6
15,16422.33767361111,3
16,16422.369930555556,3
17,16422.37143518518,3
18,16422.37574074074,3
19,16422.377314814814,3
20,16428.101400462958,1
21,16428.101435185185,1
22,16428.1015625,1
23,16428.228645833333,3
24,16428.23594907408,3
25,16428.249097222222,3
26,16428.25,3
27,16437.1609375,1
28,16443.162962962964,2
29,16447.507638888892,6
30,16454.158101851852,2
31,16454.158101851852,5
32,16454.15813657408,5
33,16454.158333333333,5
34,16454.158993055556,5
35,16454.15902777778,2
36,16454.159131944445,5
37,16454.159166666668,5
38,16471.179375,2
39,16485.783020833333,2
40,16519.468020833334,1
41,16519.468055555557,1
42,16519.468113425926,1
43,16519.533101851852,3
