,time,event
46454,16352.220069444444,2
46455,16360.034351851853,4
46456,16360.035983796297,4
46457,16360.036006944443,4
46458,16360.036006944443,4
46459,16360.038784722225,4
46460,16368.233680555557,2
46461,16374.067361111109,6
46462,16384.07173611111,1
46463,16384.07173611111,1
46464,16384.077326388888,1
46465,16386.052685185186,1
46466,16405.1478125,1
46467,16413.04834490741,0
46468,16458.01332175926,4
46469,16458.01347222222,4
46470,16458.014317129633,4
46471,16471.401944444446,5
46472,16471.40388888889,5
46473,16478.20550925926,1
46474,16478.205532407406,1
46475,16478.2246875,3
46476,16524.24674768518,1
