,time,event
0,16325.26773148148,0
1,16336.177291666667,0
2,16350.319282407407,0
3,16354.095787037037,2
4,16354.095787037037,5
5,16354.09636574074,2
6,16354.09636574074,5
7,16405.09375,6
8,16405.25113425926,3
9,16405.29409722222,3
10,16406.38627314815,2
11,16428.080601851852,1
12,16448.021631944444,0
13,16456.433796296296,0
14,16456.434224537035,0
15,16457.04662037037,0
16,16491.425983796296,2
17,16505.207337962962,2
18,16514.04962962963,1
