,time,event
0,16344.394270833332,0
1,16367.035381944443,4
2,16367.036377314816,4
3,16367.037650462962,4
4,16442.100289351853,2
5,16490.032743055555,1
6,16490.032743055555,1
7,16514.032870370367,4
8,16514.033252314814,3
9,16514.041932870372,3
10,16514.0421875,4
