,time,event
0,16416.157754629632,2
1,16520.13017361111,0
