,time,event
0,16315.036041666664,1
1,16315.191886574075,3
2,16316.331736111111,1
3,16316.549606481482,1
4,16317.055,1
5,16317.162789351853,3
6,16317.175694444444,3
7,16317.176944444444,3
8,16317.207696759258,3
9,16317.207974537036,1
10,16317.208113425926,1
11,16317.209768518518,1
12,16317.210277777778,1
13,16317.210590277778,1
14,16317.210613425928,1
15,16317.216666666667,5
16,16317.216805555556,5
17,16317.218333333334,3
18,16317.22059027778,5
19,16317.24886574074,1
20,16334.027222222225,2
21,16337.115729166666,0
22,16370.426516203703,2
23,16370.426516203703,5
24,16373.047245370368,1
25,16374.169247685186,2
26,16395.080682870368,1
27,16395.088784722222,1
28,16423.103622685187,1
29,16423.247997685186,1
30,16423.274942129632,1
31,16423.275208333333,1
32,16423.275497685187,1
33,16423.275520833333,1
34,16423.276597222222,3
35,16423.276597222222,1
36,16423.276886574073,1
37,16426.05263888889,1
38,16426.19474537037,1
39,16426.269212962958,1
40,16426.2853125,1
41,16426.307997685184,1
42,16426.307997685184,1
43,16426.308020833334,1
44,16426.308298611108,1
45,16426.309108796297,1
46,16426.309421296297,1
47,16426.30972222222,1
48,16426.373993055557,1
49,16426.40625,6
50,16427.037789351853,1
51,16427.068657407406,1
52,16428.043032407408,1
53,16428.156458333335,1
54,16428.215104166666,1
55,16433.046284722222,1
56,16433.051157407408,3
57,16433.23494212963,3
58,16433.285115740742,3
59,16433.302060185186,3
60,16435.0734375,1
61,16435.086064814815,1
62,16435.086064814815,1
63,16438.428611111107,1
64,16438.44375,6
65,16440.037650462964,1
66,16441.034618055557,3
67,16443.09928240741,1
68,16450.131296296295,4
69,16450.131435185187,4
70,16450.131435185187,4
71,16450.15601851852,4
72,16450.156157407408,4
73,16450.156157407408,4
74,16459.156180555554,2
75,16459.157037037035,2
76,16459.157581018517,2
77,16469.264606481483,2
78,16478.26800925926,1
79,16479.067592592593,1
80,16479.06815972222,1
81,16479.068402777782,1
82,16479.068692129633,1
83,16479.068993055556,1
84,16479.31502314815,1
85,16486.292766203704,1
86,16492.10994212963,2
87,16499.104907407407,1
88,16516.195578703704,0
89,16526.047199074073,1
