,time,event
0,16330.371805555556,1
1,16330.371967592593,1
2,16330.390127314817,1
3,16330.391145833333,1
4,16330.39625,1
5,16330.404768518518,1
6,16330.405277777778,1
7,16330.405405092593,1
8,16330.411828703704,1
9,16330.41238425926,1
10,16330.412650462962,1
11,16330.413900462963,1
12,16330.414027777775,1
13,16330.414421296296,1
14,16331.056423611111,1
15,16331.058055555557,1
16,16331.059594907407,3
17,16331.092268518518,3
18,16335.242766203704,0
19,16381.064270833333,4
20,16381.064398148146,4
21,16381.064398148146,4
22,16381.064421296296,4
23,16381.283923611109,2
24,16381.283923611109,5
25,16381.285752314814,5
26,16381.286168981482,5
27,16381.34730324074,2
28,16381.347685185183,5
29,16381.347685185183,5
30,16381.639895833336,5
31,16382.03105324074,5
32,16382.544016203703,2
33,16387.18155092592,2
34,16392.373564814814,2
35,16392.373692129633,5
36,16392.373692129633,5
37,16392.400659722218,5
38,16392.424965277776,5
39,16392.436805555557,6
40,16393.15064814815,3
41,16398.05445601852,4
42,16398.113819444443,4
43,16398.947453703702,4
44,16398.94759259259,4
45,16398.98412037037,4
46,16398.98412037037,4
47,16398.984259259258,4
48,16399.00424768518,4
49,16399.053252314814,4
50,16399.053275462964,4
51,16399.054236111107,4
52,16399.05425925926,4
53,16399.056145833332,4
54,16399.056145833332,4
55,16399.056145833332,4
56,16399.05655092592,4
57,16399.05670138889,4
58,16399.05684027778,4
59,16399.057962962965,4
60,16399.057962962965,4
61,16454.47994212963,1
62,16454.48204861111,1
63,16454.48314814815,1
64,16454.48354166667,1
65,16454.484652777777,1
66,16454.484652777777,1
67,16454.484652777777,1
68,16454.484814814816,1
69,16454.485092592593,1
70,16454.48520833333,1
71,16454.485497685186,1
72,16454.489201388893,1
73,16454.489502314816,1
74,16454.489768518517,1
75,16454.489930555555,1
76,16457.390949074073,0
77,16457.964965277777,0
78,16465.339780092592,0
79,16511.193495370368,2
80,16511.193495370368,5
81,16520.037280092594,1
82,16520.037280092594,1
83,16520.037280092594,1
84,16520.088969907407,2
