,time,event
0,16320.379166666668,1
1,16330.438541666665,0
2,16338.972060185186,1
3,16338.972060185186,1
4,16338.972060185186,1
5,16349.98273148148,3
6,16350.1375,6
7,16362.26082175926,0
8,16375.36670138889,2
9,16381.079861111111,6
10,16384.066412037042,3
11,16384.066527777777,3
12,16384.066782407408,3
13,16384.066967592593,3
14,16384.06709490741,3
15,16384.067361111112,3
16,16384.067488425924,3
17,16384.067650462963,3
18,16384.067916666667,3
19,16384.068043981482,3
20,16384.068356481483,3
21,16384.068495370368,3
22,16384.068622685187,3
23,16384.068877314814,3
24,16384.069050925926,3
25,16384.069166666668,3
26,16384.069432870372,3
27,16384.069560185184,3
28,16384.06974537037,3
29,16384.070011574073,3
30,16384.070127314815,3
31,16384.070451388892,3
32,16384.070555555554,3
33,16389.389224537037,0
34,16394.097222222223,6
35,16437.215659722224,1
36,16437.224421296298,3
37,16437.230694444443,1
38,16437.23625,1
39,16437.23625,1
40,16439.28976851852,1
41,16439.47090277778,1
42,16440.1584375,0
43,16440.16896990741,1
44,16440.275358796298,3
45,16440.275358796298,1
46,16440.275358796298,1
47,16440.275925925926,1
48,16440.981030092593,1
49,16440.981898148148,1
50,16440.98605324074,1
51,16440.98899305556,1
52,16440.992719907408,1
53,16440.99425925926,1
54,16440.99425925926,1
55,16440.99451388889,1
56,16440.996759259262,1
57,16440.996759259262,1
58,16440.997025462962,1
59,16441.00534722222,5
60,16441.020983796298,5
61,16441.021400462963,5
62,16441.021793981483,5
63,16441.022048611107,5
64,16444.224189814813,1
65,16461.14930555556,6
66,16463.116296296295,3
67,16463.13600694444,3
68,16468.974143518517,1
69,16475.402222222223,2
70,16475.984340277777,3
71,16482.429166666665,6
72,16484.222905092593,3
73,16496.01751157408,4
74,16496.031516203704,4
75,16496.151550925926,4
76,16496.151701388888,4
77,16496.151701388888,4
78,16507.073425925926,2
79,16507.92189814815,0
80,16511.06813657408,0
81,16511.103402777782,0
82,16512.050532407407,3
83,16512.05346064815,0
84,16512.0575,0
85,16512.12822916667,0
86,16517.150150462963,0
87,16517.935254629632,0
88,16518.155069444445,0
89,16524.27068287037,2
90,16526.096851851853,3
91,16526.097303240742,3
