,time,event
0,16324.159363425926,1
1,16324.159386574074,1
2,16324.201377314817,1
3,16324.201898148147,1
4,16336.306828703704,0
5,16351.03605324074,1
6,16375.166921296297,1
7,16379.246331018518,1
8,16381.136111111111,6
9,16413.40019675926,1
10,16413.400219907406,1
11,16422.025046296298,4
12,16422.026307870372,4
13,16435.166666666668,6
14,16458.535798611112,2
15,16468.031111111108,2
16,16468.034976851854,2
17,16468.046493055557,2
18,16471.331099537038,0
19,16477.477083333335,6
20,16498.279409722218,1
21,16511.04287037037,4
22,16511.043032407408,4
23,16511.043032407408,4
24,16514.02773148148,2
25,16514.031527777777,5
26,16518.216712962963,3
27,16518.251030092593,5
28,16519.158148148148,0
29,16523.116215277776,1
30,16524.016342592593,1
