,time,event
175581,16338.972789351854,2
175582,16343.235405092593,2
175583,16380.202418981482,0
175584,16380.202557870369,0
175585,16380.304016203703,0
175586,16380.304814814817,3
175587,16390.315069444445,2
175588,16475.288113425926,2
175589,16476.083333333332,3
175590,16476.08388888889,3
175591,16476.084039351852,3
175592,16476.092256944445,3
175593,16476.092256944445,0
175594,16476.121319444443,0
175595,16496.263171296298,2
175596,16512.46216435185,2
175597,16512.46216435185,5
