,time,event
0,16330.37609953704,0
1,16358.474270833334,1
2,16360.149247685184,0
3,16370.45015046296,1
4,16371.03375,1
5,16371.034155092593,1
6,16374.048425925925,4
7,16374.05136574074,4
8,16374.052314814817,4
9,16394.072106481482,1
10,16395.280462962965,1
11,16409.086388888893,0
12,16415.070729166666,4
13,16415.070983796297,4
14,16415.070983796297,4
15,16415.090023148146,4
16,16415.415706018517,1
17,16419.283831018518,1
18,16419.298090277778,1
19,16419.29905092592,1
20,16441.201539351852,1
21,16441.201793981483,1
22,16441.216631944444,1
23,16441.245266203703,1
24,16441.24538194444,1
25,16441.246516203704,1
26,16441.24722222222,1
27,16441.2475,1
28,16441.24792824074,1
29,16442.138217592594,4
30,16442.138391203705,4
31,16442.138391203705,4
32,16442.224930555556,4
33,16442.225057870368,4
34,16442.225057870368,4
35,16442.22699074074,4
36,16442.227291666666,4
37,16442.22755787037,4
38,16442.229513888888,4
39,16442.229513888888,4
40,16442.232974537037,4
41,16442.23505787037,4
42,16442.23505787037,4
43,16442.236458333333,4
44,16442.236458333333,4
45,16442.23783564815,4
46,16442.23783564815,4
47,16442.300787037042,4
48,16442.300960648146,4
49,16442.30178240741,4
50,16443.192511574074,0
51,16465.290474537036,4
52,16465.291620370368,4
53,16499.205891203703,4
54,16499.206284722222,3
55,16499.235173611112,3
56,16507.274016203704,0
57,16521.358229166668,1
