,time,event
222393,16317.140451388888,5
222394,16317.140451388888,5
222395,16321.16483796296,1
222396,16338.037118055556,1
