,time,event
0,16395.04730324074,4
1,16395.047754629628,4
2,16395.047893518517,4
3,16395.049004629633,4
4,16395.049004629633,4
5,16395.049861111107,4
6,16395.049861111107,4
7,16395.050011574072,4
8,16395.052592592594,4
9,16395.055960648147,1
10,16402.286805555555,6
11,16405.156701388893,3
12,16405.16346064815,3
13,16405.16460648148,3
14,16405.166805555556,3
15,16419.544791666667,0
16,16420.047060185185,0
17,16463.240787037037,2
18,16465.16476851852,3
19,16509.09429398148,0
20,16509.094814814816,0
