,time,event
228698,16314.467962962965,0
228699,16315.196168981482,2
228700,16315.998854166664,0
228701,16325.052858796296,3
228702,16325.052858796296,4
228703,16325.053564814814,4
228704,16325.053877314816,4
228705,16325.055266203704,4
228706,16325.055810185186,4
228707,16325.055810185186,4
228708,16325.055833333336,4
228710,16325.057210648147,4
228709,16325.057210648147,3
228711,16325.100960648148,4
228712,16325.100960648148,4
228713,16325.101504629629,4
228714,16372.227465277778,5
228715,16372.227604166665,5
228716,16372.228530092592,5
228717,16390.027777777777,6
228718,16390.140034722222,3
228719,16390.147361111107,3
228720,16394.674224537037,0
228721,16397.493576388893,0
228722,16400.183402777777,0
228723,16421.089050925926,0
228724,16424.772916666665,6
228725,16432.07783564815,0
228726,16432.079398148147,0
228727,16442.048703703702,1
228728,16442.049143518518,1
228729,16442.057141203702,1
228730,16444.358738425926,1
228731,16444.365972222222,6
228732,16444.534583333334,3
228733,16444.539467592593,3
228734,16468.27633101852,0
228735,16471.03584490741,0
228736,16471.03613425926,0
228737,16471.063020833335,0
228738,16477.218553240742,0
228739,16494.288275462965,2
228740,16524.054166666665,4
228741,16524.054305555557,4
228742,16524.054305555557,4
228743,16524.130138888893,4
228744,16524.130138888893,4
228745,16526.225266203703,0
