,time,event
232464,16315.348148148147,3
232465,16317.129560185183,0
232466,16325.239618055557,0
232467,16342.258738425926,1
232468,16342.259097222222,1
232469,16342.259537037036,1
232470,16375.339502314817,0
232471,16379.162557870368,1
232472,16379.170138888889,6
232473,16379.239398148147,3
232474,16385.53659722222,1
232475,16403.311851851853,2
232476,16417.351388888892,6
232477,16422.285775462962,0
232478,16422.28591435185,0
232479,16423.126793981482,3
232480,16423.12792824074,0
232481,16423.129849537036,0
232482,16424.132777777777,1
232483,16424.133090277777,1
232484,16424.196527777778,3
232485,16426.320381944446,0
232486,16428.1875,0
232487,16434.402511574073,1
232488,16442.104097222218,0
232489,16445.178912037038,0
232490,16463.33033564815,0
232491,16477.361875,2
232492,16480.185578703702,2
232493,16486.026388888888,6
232494,16491.165,2
232495,16491.165,5
232496,16493.06800925926,0
232497,16493.14232638889,3
232498,16493.142465277782,5
232499,16494.101597222223,2
232500,16494.104872685184,2
232501,16494.10751157408,2
232502,16494.192916666667,3
232503,16494.195960648147,3
232504,16496.237881944446,0
232505,16496.334016203702,0
232506,16510.05761574074,3
232507,16510.058020833334,3
232508,16510.058194444446,3
232509,16510.058321759258,3
232510,16519.2234375,0
