,time,event
232910,16359.26340277778,4
232911,16359.26355324074,4
232912,16359.26355324074,4
232913,16359.279479166667,4
232914,16359.279479166667,4
232915,16366.274560185186,1
232916,16367.296736111111,1
232917,16378.458807870371,1
232918,16409.08869212963,1
232919,16435.063020833335,1
232920,16452.230671296296,0
232921,16476.041203703702,5
232922,16521.221226851852,1
