,time,event
237692,16351.65679398148,4
237693,16351.657106481482,4
237694,16351.996018518517,4
237695,16388.296527777777,1
237696,16479.00563657408,0
237697,16479.21719907408,1
237698,16479.220370370367,1
237699,16479.220370370367,1
237700,16479.2209375,1
237701,16479.224837962964,1
237702,16495.92292824074,2
237703,16495.944050925926,2
237704,16495.959328703702,2
237705,16495.986539351852,2
237706,16495.996400462962,2
237707,16495.997905092594,2
237708,16496.0003125,2
237709,16496.000983796297,2
237710,16496.00238425926,2
237711,16526.119872685184,3
237712,16526.12199074074,3
237713,16526.12556712963,2
237714,16526.12763888889,2
237715,16526.13005787037,2
237716,16526.140844907408,2
237717,16526.141967592594,2
237718,16526.14292824074,2
