,time,event
241469,16318.221898148147,0
241470,16321.35394675926,1
241471,16321.354074074075,1
241472,16321.354479166665,1
241473,16324.186261574076,2
241474,16347.005844907408,1
241475,16347.059004629631,1
241476,16347.059328703703,1
241477,16351.30789351852,1
241485,16355.082372685183,1
241484,16355.082372685183,1
241483,16355.082372685183,1
241482,16355.082372685183,1
241480,16355.082372685183,1
241479,16355.082372685183,1
241478,16355.082372685183,1
241481,16355.082372685183,1
241486,16357.182488425926,1
241487,16357.192210648147,1
241488,16357.198333333336,1
241489,16357.202361111109,1
241490,16357.20554398148,1
241491,16357.211076388889,1
241492,16357.220266203703,2
241493,16357.24375,6
241494,16357.260567129631,2
241495,16357.274444444443,2
241496,16358.119768518518,3
241497,16358.171493055557,3
241498,16364.953148148146,0
241499,16369.125069444442,1
241500,16369.152407407408,1
241501,16384.03949074074,1
241502,16384.040879629632,1
241503,16384.112708333334,0
241504,16389.17017361111,0
241505,16395.019560185185,0
241506,16396.187615740742,1
241507,16396.187743055554,1
241508,16396.19298611111,1
241509,16396.193171296298,1
241510,16396.193680555556,1
241511,16399.128726851854,1
241512,16399.129988425924,1
241513,16411.278900462963,0
241514,16424.180474537035,2
241515,16425.072060185186,2
241516,16434.183576388892,0
241517,16449.161805555555,6
241518,16456.29824074074,2
241519,16477.189942129633,2
241520,16478.044224537036,4
241521,16478.044398148148,4
241522,16478.044398148148,4
241523,16478.101747685185,4
241524,16494.220127314813,0
241525,16508.312314814815,2
241526,16508.312314814815,5
