,time,event
284839,16314.032673611111,4
284840,16314.037268518518,4
284841,16314.038252314816,4
284842,16314.147870370369,3
284843,16314.147870370369,4
284844,16314.19453703704,4
284845,16314.301620370368,3
284846,16314.301620370368,4
284847,16314.326921296297,4
284848,16314.369282407408,4
284849,16314.42136574074,4
284850,16314.455208333333,1
284851,16314.492465277775,4
284852,16315.032569444444,1
284853,16315.947650462964,4
284854,16316.041145833333,4
284855,16316.044618055557,4
284856,16316.09730324074,4
284857,16316.10855324074,4
284858,16316.10925925926,4
284859,16316.169837962963,4
284860,16320.455902777778,3
284861,16320.482175925928,1
284862,16322.900381944444,1
284863,16338.539826388891,2
284864,16338.539849537035,2
284865,16338.539849537035,5
284866,16338.540671296296,2
284867,16338.540671296296,5
284868,16352.38542824074,0
284869,16353.375949074074,0
284870,16354.068368055556,0
284871,16354.338032407408,0
284872,16355.414583333333,6
284873,16357.422557870368,2
284874,16357.422557870368,5
284875,16364.282673611111,1
284876,16364.300474537036,1
284877,16364.300729166667,1
284878,16364.300902777775,1
284879,16367.384722222225,6
284880,16367.582916666664,3
284881,16382.217766203703,1
284882,16384.478530092594,1
284883,16428.25726851852,0
284884,16503.15939814815,5
284885,16503.159513888888,5
284886,16503.228587962964,5
284887,16503.228726851852,5
