,time,event
0,16318.31832175926,1
1,16318.4675,1
2,16318.468229166667,1
3,16318.468356481482,1
4,16318.469745370368,1
5,16318.469745370368,1
6,16318.469745370368,1
7,16318.469745370368,1
8,16318.469745370368,1
9,16318.469745370368,1
10,16318.469745370368,1
11,16318.469745370368,1
12,16318.469745370368,5
13,16318.469745370368,5
14,16318.469768518518,1
15,16318.469768518518,5
16,16318.471400462962,1
17,16318.473090277776,1
18,16318.473611111109,1
19,16318.474618055556,1
20,16318.47707175926,1
21,16318.479016203704,1
22,16318.479016203704,1
23,16318.479016203704,1
24,16318.479016203704,1
25,16318.479016203704,1
26,16318.479016203704,1
27,16318.479016203704,1
28,16318.479016203704,1
29,16318.479016203704,5
30,16318.479016203704,5
31,16318.4790625,1
32,16318.4790625,5
33,16319.169479166667,3
34,16319.174513888891,3
35,16328.997094907407,3
36,16329.344363425926,0
37,16340.243206018518,0
38,16344.031898148147,1
39,16344.031898148147,1
40,16344.031921296297,1
41,16344.031921296297,1
42,16344.031921296297,1
43,16344.031921296297,1
44,16344.12113425926,3
45,16345.34269675926,1
46,16346.015729166667,1
47,16366.432731481482,1
48,16373.99576388889,1
49,16375.239305555557,2
50,16375.239305555557,5
51,16386.077708333334,1
52,16386.087847222218,1
53,16393.164722222224,1
54,16393.202534722222,0
55,16401.399375,1
56,16409.21846064815,1
57,16415.988090277777,4
58,16415.990150462963,3
59,16415.99059027778,4
60,16428.027962962962,3
61,16428.112743055557,1
62,16430.097291666665,0
63,16430.097291666665,0
64,16430.151284722222,0
65,16435.00039351852,1
66,16436.986851851852,3
67,16448.118368055555,2
68,16448.119629629633,2
69,16451.14912037037,1
70,16457.010752314814,3
71,16467.49318287037,1
72,16486.050520833334,3
73,16500.06653935185,3
74,16512.025405092594,1
75,16514.03856481482,1
