,time,event
297866,16317.169710648146,0
297867,16320.484513888889,0
297868,16331.260162037037,0
297869,16340.170729166664,1
297870,16340.25949074074,1
297871,16344.295358796297,2
297872,16354.192754629632,0
297873,16367.157337962964,0
297874,16381.080497685183,0
297875,16381.087557870369,0
297876,16409.024675925924,5
297877,16410.151875,1
297878,16412.027349537042,1
297879,16412.027696759258,1
297880,16412.030185185184,1
297881,16412.03408564815,3
297882,16412.034895833334,1
297883,16412.042361111107,6
297884,16412.132280092592,3
297885,16412.14216435185,3
297886,16412.151597222222,4
297887,16412.151747685184,4
297888,16412.213182870368,4
297889,16419.166608796295,2
297890,16419.166608796295,5
297891,16419.166608796295,5
297892,16419.168564814816,5
297893,16419.247569444444,5
297894,16419.247858796298,5
297895,16419.24798611111,5
297896,16419.24798611111,5
297897,16419.24798611111,5
297898,16419.248391203702,5
297899,16419.248935185184,5
297900,16419.249074074072,5
297901,16419.27430555556,6
297902,16420.075046296297,5
297903,16420.091064814816,5
297904,16427.311886574073,0
297905,16427.31273148148,3
297906,16427.313136574074,3
297907,16443.56372685185,2
297908,16472.16403935185,0
297909,16472.16403935185,0
297910,16472.166805555556,0
297911,16503.144479166665,1
297912,16504.352534722224,0
297913,16504.3528125,0
297914,16504.35375,3
297915,16504.35446759259,3
297916,16504.354907407407,3
297917,16504.357129629632,3
297918,16508.0359375,1
297919,16508.210532407407,1
