,time,event
23981,16369.296574074076,4
23982,16369.296851851854,4
23983,16374.24394675926,5
23984,16374.244212962964,5
23985,16374.550300925925,5
23986,16374.696354166665,5
23987,16374.796932870371,5
23988,16375.14199074074,5
23989,16375.213564814814,5
23990,16375.417916666667,5
23991,16375.457789351853,5
23992,16375.51241898148,5
23993,16375.564652777775,5
23994,16414.177754629633,0
23995,16464.088611111107,5
