,time,event
0,16322.026006944443,2
1,16328.184953703703,2
2,16342.068842592593,0
3,16352.255555555557,6
4,16352.296585648148,3
5,16352.296724537036,3
6,16352.296886574077,3
7,16352.297152777775,3
8,16352.297280092593,3
9,16352.297569444443,3
10,16352.297708333335,3
11,16352.297858796297,3
12,16352.298090277778,3
13,16352.298263888892,3
14,16352.298391203703,3
15,16352.298645833333,3
16,16352.298784722225,3
17,16352.298958333333,3
18,16352.29923611111,3
19,16352.299375,3
20,16352.299664351853,3
21,16352.29980324074,3
22,16352.299930555557,3
23,16352.300208333336,3
24,16352.300358796296,3
25,16352.300613425929,3
26,16352.300752314817,3
27,16352.300879629629,3
28,16352.301180555556,3
29,16352.301319444443,3
30,16352.301435185183,3
31,16352.301747685186,3
32,16352.301863425926,3
33,16352.302141203703,3
34,16352.30226851852,3
35,16352.302453703704,3
36,16352.302719907408,3
37,16352.30284722222,3
38,16352.302962962964,3
39,16352.303252314814,3
40,16352.303402777778,3
41,16352.30363425926,3
42,16352.303819444443,3
43,16352.303969907407,3
44,16352.304236111111,3
45,16352.304363425928,3
46,16352.304525462963,3
47,16352.304791666667,3
48,16352.304930555556,3
49,16352.305219907406,3
50,16352.305335648147,3
51,16352.305497685184,3
52,16352.305752314816,3
53,16352.305902777778,3
54,16352.306041666667,3
55,16352.306296296296,3
56,16352.306423611111,3
57,16352.306608796296,3
58,16352.306851851854,3
59,16352.307002314818,3
60,16352.307291666664,3
61,16352.307430555556,3
62,16352.30769675926,3
63,16352.307824074074,3
64,16352.307997685186,3
65,16352.30826388889,3
66,16352.308391203704,3
67,16352.308518518517,3
68,16352.30880787037,3
69,16352.30894675926,3
70,16352.309201388889,3
71,16352.309386574074,3
72,16352.309513888891,3
73,16352.309780092593,3
74,16352.309907407407,3
75,16352.31008101852,3
76,16352.310358796296,3
77,16352.310486111111,3
78,16352.313935185186,3
79,16352.314247685183,3
80,16352.314386574077,3
81,16352.314513888889,3
82,16352.314780092593,3
83,16352.314942129631,3
84,16360.155914351853,2
85,16360.1559375,2
86,16360.1559375,5
87,16370.50597222222,5
88,16374.221284722222,2
89,16374.223101851852,2
90,16400.456296296295,1
91,16412.565451388888,2
92,16412.98119212963,4
93,16412.98146990741,4
94,16413.02107638889,2
95,16413.048182870367,2
96,16451.32354166667,1
97,16454.162025462963,2
98,16454.162025462963,5
99,16454.16204861111,5
100,16459.188113425927,2
101,16479.40695601852,2
102,16480.245150462964,2
