,time,event
0,16323.260717592593,0
1,16351.216446759261,3
2,16351.260497685184,3
3,16352.3140625,4
4,16352.31420138889,4
5,16357.284652777778,1
6,16360.025925925926,0
7,16367.493229166665,0
8,16392.2175,2
9,16430.321747685186,1
10,16448.791099537037,0
11,16450.424675925926,1
12,16461.132638888892,6
13,16471.80346064815,2
14,16476.26685185185,0
15,16481.780497685184,2
16,16481.780659722222,5
17,16481.781203703704,5
18,16492.178622685184,1
19,16502.776099537037,2
20,16502.776238425926,5
21,16502.776238425926,5
22,16502.776238425926,5
23,16502.776238425926,5
24,16502.776412037038,5
25,16504.32008101852,0
26,16504.422951388893,2
27,16504.422951388893,5
28,16504.423530092594,2
29,16504.423530092594,5
30,16508.441979166666,0
31,16525.082800925928,4
32,16525.082800925928,4
33,16525.084641203703,4
