,time,event
0,16346.477407407407,3
1,16346.477407407407,3
2,16350.552291666667,2
3,16362.557094907408,2
4,16366.071851851853,2
5,16366.072974537035,2
6,16366.078819444443,2
7,16366.081736111111,2
8,16368.363368055556,0
9,16368.363368055556,0
10,16368.471585648147,0
11,16380.085671296296,2
12,16380.092939814816,2
13,16408.552858796298,3
14,16411.67855324074,2
15,16411.898946759262,2
16,16411.972592592592,2
17,16411.98230324074,2
18,16411.991921296296,2
19,16411.997291666667,2
20,16412.023703703704,2
21,16412.02605324074,2
22,16412.03591435185,2
23,16412.046631944446,2
24,16412.053287037037,4
25,16412.053449074076,2
26,16412.053449074076,4
27,16412.053449074076,4
28,16412.057777777776,2
29,16412.073865740742,4
30,16419.28505787037,0
31,16419.28505787037,0
32,16419.329131944443,0
33,16424.01722222222,0
34,16424.017245370367,0
35,16424.057638888888,0
36,16424.0625,6
37,16425.406354166666,2
38,16426.068020833332,2
39,16427.348136574074,3
40,16427.348298611112,0
41,16427.349502314813,3
42,16427.3496875,0
43,16427.350763888888,3
44,16427.350902777776,0
45,16427.352025462962,3
46,16427.35216435185,0
47,16427.35329861111,3
48,16427.353402777782,0
49,16427.354675925926,3
50,16427.35481481482,0
51,16427.355925925927,3
52,16427.35605324074,0
53,16427.35716435185,3
54,16427.35730324074,0
55,16427.35855324074,3
56,16427.35855324074,0
57,16427.359814814816,3
58,16427.359953703704,0
59,16427.36105324074,3
60,16427.361192129632,0
61,16427.362314814814,3
62,16427.36244212963,0
63,16427.363703703704,3
64,16427.363703703704,0
65,16427.364965277782,3
66,16427.365092592594,0
67,16427.366180555557,3
68,16427.36635416667,0
69,16427.36755787037,3
70,16427.36755787037,0
71,16427.368831018517,3
72,16427.368958333333,0
73,16427.37008101852,3
74,16427.370208333334,0
75,16427.37122685185,0
76,16427.377025462964,0
77,16427.391354166666,0
78,16443.27084490741,0
79,16464.58591435185,4
80,16464.586608796297,4
81,16464.587083333332,4
82,16464.759398148148,4
83,16488.346145833333,2
84,16502.170439814814,1
85,16509.617037037042,2
86,16509.617175925927,5
87,16509.617569444443,5
88,16525.606134259262,4
89,16525.606134259262,4
