,time,event
26585,16325.082337962964,4
26586,16325.082488425924,4
26587,16325.082488425924,4
26588,16325.108125,4
26589,16325.108125,4
26590,16325.108125,4
26591,16325.109016203704,4
26592,16325.109016203704,4
26593,16325.109016203704,4
26594,16341.057592592593,0
26595,16342.160671296297,0
26596,16342.220659722225,0
26597,16344.273969907406,0
26598,16345.189212962963,0
26599,16347.388680555556,1
26600,16366.229004629631,2
26601,16374.257407407407,0
26602,16409.069513888888,3
26603,16428.03875,1
26604,16434.06519675926,1
26605,16457.355474537042,4
26606,16457.356585648147,4
26607,16457.363900462962,4
26608,16488.039270833335,0
26609,16489.361122685186,5
26610,16489.361122685186,5
