,time,event
0,16338.113622685183,2
1,16389.42357638889,1
2,16389.47737268518,1
3,16421.302314814813,0
4,16421.302627314813,0
5,16421.329166666666,0
6,16421.330543981483,3
7,16421.330694444445,3
8,16421.330810185184,0
9,16421.33135416667,0
10,16463.195347222223,4
11,16463.219791666666,4
