,time,event
335490,16442.135486111107,1
335491,16442.193935185187,1
335492,16442.193935185187,1
335493,16442.586238425927,1
335494,16442.586261574073,1
335495,16443.25060185185,1
335496,16443.90181712963,5
335497,16444.228217592594,5
335498,16444.228414351852,5
335499,16444.228668981483,5
335500,16444.228807870368,5
335501,16444.229328703703,5
335502,16444.229594907407,5
335503,16444.22978009259,5
335504,16444.230844907408,5
335505,16455.162974537037,4
335506,16455.164791666666,4
335507,16455.180891203705,4
335508,16495.995520833334,1
335509,16496.080023148148,1
335510,16496.080046296298,1
335511,16496.080729166668,1
335512,16496.08436342592,1
335513,16496.086053240742,1
335514,16496.089641203704,3
335515,16498.102997685186,3
335516,16498.113680555554,3
335517,16504.168020833335,1
335518,16517.994699074075,1
