,time,event
346036,16327.280254629632,0
346037,16328.031273148146,0
346038,16332.002314814818,0
346039,16337.153773148148,0
346040,16338.381296296297,0
346041,16353.617222222225,1
346042,16354.167314814817,1
346043,16357.062280092592,2
346044,16357.065358796297,2
346045,16357.091458333334,2
346046,16357.103032407407,2
346047,16357.108414351853,2
346048,16357.109942129631,2
346049,16357.134560185183,2
346050,16357.145486111109,2
346051,16358.250960648147,2
346052,16359.096145833333,2
346053,16360.28375,2
346054,16361.171782407408,1
346055,16363.421701388888,2
346056,16366.488217592592,2
346057,16370.014398148147,3
346058,16370.016076388889,3
346059,16370.10136574074,2
346060,16372.804548611111,2
346061,16373.458506944444,2
346062,16373.966006944444,0
346063,16375.090416666664,1
346064,16380.430983796296,0
346065,16390.280057870372,0
346066,16395.00835648148,4
346067,16395.009293981482,4
346068,16395.009444444444,4
346069,16395.009872685187,4
346070,16395.01011574074,4
346071,16395.011388888888,3
346072,16400.02865740741,3
346073,16400.02865740741,3
346074,16400.028981481482,3
346075,16400.02967592592,3
346076,16400.064085648148,1
346077,16400.069976851853,0
346078,16400.172071759258,0
346079,16402.016736111113,0
346080,16404.22113425926,0
346081,16404.221412037037,0
346082,16405.004525462962,3
346083,16405.020347222224,4
346084,16405.020497685186,4
346085,16405.020497685186,4
346086,16405.023842592593,3
346088,16405.057858796295,4
346087,16405.057858796295,4
346089,16405.05800925926,4
346090,16405.058125,4
346091,16405.05814814815,4
346092,16405.05814814815,4
346093,16405.058553240742,4
346094,16405.059085648147,4
346095,16405.090138888892,0
346096,16405.106273148147,0
346097,16405.17476851852,3
346098,16405.174918981484,3
346099,16407.249409722222,0
346100,16408.04834490741,4
346101,16408.09849537037,4
346102,16410.305127314816,0
346103,16419.05800925926,0
346104,16419.65664351852,0
346105,16427.098009259258,1
346106,16427.147743055557,1
346107,16434.07912037037,0
346108,16442.033032407406,2
346109,16446.18244212963,1
346110,16459.120243055557,0
346111,16463.28759259259,0
346112,16470.040891203702,2
346113,16470.115347222218,0
346114,16471.085578703704,0
346115,16475.06908564815,0
346116,16489.141585648147,0
346117,16492.993541666667,4
346118,16492.993969907406,4
346119,16499.11167824074,1
346120,16517.013599537036,2
